Name,Set code,Set name,Collector number,Foil,Rarity,Quantity,ManaBox ID,Scryfall ID,Purchase price,Misprint,Altered,Condition,Language,Purchase price currency,Added
Aang's Journey,TLA,Avatar: The Last Airbender,1,normal,common,10,108119,5e51f727-5a9b-4bc7-83a9-dbcf1c933e15,0.29,false,false,near_mint,en,AUD,2026-09-01T10:47:24.059Z
Energybending,TLA,Avatar: The Last Airbender,2,normal,uncommon,5,109456,6c085441-e023-4032-89a0-d24ce5060ac3,0.35,false,false,near_mint,en,AUD,2026-09-01T10:48:13.700Z
Zuko's Exile,TLA,Avatar: The Last Airbender,3,normal,common,16,109489,9090b055-3406-4fed-a8c6-3f6353a9600e,0.26,false,false,near_mint,en,AUD,2026-09-01T10:49:03.809Z
"Aang, the Last Airbender",TLA,Avatar: The Last Airbender,4,normal,uncommon,7,108175,245e008c-e073-443f-9592-6f628c0026ec,0.29,false,false,near_mint,en,AUD,2026-09-01T10:49:43.919Z
Airbender's Reversal,TLA,Avatar: The Last Airbender,7,normal,uncommon,1,109715,6b7078e4-2892-4b5f-83ab-90369e0d6dba,0.29,false,false,near_mint,en,AUD,2026-09-01T10:51:04.541Z
Airbending Lesson,TLA,Avatar: The Last Airbender,8,normal,common,11,108292,e2bcd0a6-e94d-4a21-a334-a57459c1b8cc,0.33,false,false,near_mint,en,AUD,2026-09-01T10:51:35.181Z
"Appa, Loyal Sky Bison",TLA,Avatar: The Last Airbender,9,normal,uncommon,8,109509,a9b2a843-c6fe-4d19-801e-1538e4381ab0,0.25,false,false,near_mint,en,AUD,2026-09-01T10:52:25.842Z
Avatar Enthusiasts,TLA,Avatar: The Last Airbender,11,normal,common,11,108124,7292e5f2-d5a1-4e39-8f75-eba471819f04,0.25,false,false,near_mint,en,AUD,2026-09-01T10:53:23.788Z
Compassionate Healer,TLA,Avatar: The Last Airbender,13,normal,common,8,109483,88d5f8fd-d4de-4e64-9b74-e53719ffbcdc,0.29,false,false,near_mint,en,AUD,2026-09-01T10:54:26.315Z
Curious Farm Animals,TLA,Avatar: The Last Airbender,14,normal,common,6,109654,2402d759-84b6-41d2-ad78-9333974e9222,0.33,false,false,near_mint,en,AUD,2026-09-01T10:54:56.953Z
Destined Confrontation,TLA,Avatar: The Last Airbender,15,normal,uncommon,2,109803,d4605cf7-03bc-4a7f-b50a-49b83b09b54d,0.42,false,false,near_mint,en,AUD,2026-09-01T10:55:25.477Z
Earth Kingdom Jailer,TLA,Avatar: The Last Airbender,16,normal,uncommon,4,109746,9207362c-3605-4794-803f-ad1d0175fcca,0.28,false,false,near_mint,en,AUD,2026-09-01T10:55:59.476Z
Earth Kingdom Protectors,TLA,Avatar: The Last Airbender,17,normal,uncommon,5,109801,d263472e-1d75-4cb9-8f7b-986fa22bc841,0.35,false,false,near_mint,en,AUD,2026-09-01T10:56:23.541Z
Enter the Avatar State,TLA,Avatar: The Last Airbender,18,normal,uncommon,1,109766,a8f3d2cb-d073-4df8-8769-49612628a377,0.46,false,false,near_mint,en,AUD,2026-09-01T10:56:48.703Z
Fancy Footwork,TLA,Avatar: The Last Airbender,19,normal,uncommon,6,109500,9c59f8c5-4063-4e5a-b684-fde175c4a981,0.26,false,false,near_mint,en,AUD,2026-09-01T10:57:19.607Z
Gather the White Lotus,TLA,Avatar: The Last Airbender,20,normal,uncommon,2,109495,96e2b3d0-f060-4f3c-9d12-a0444b202008,0.26,false,false,near_mint,en,AUD,2026-09-01T10:57:42.390Z
Glider Kids,TLA,Avatar: The Last Airbender,21,normal,common,14,108154,0613afb5-4cee-4132-8adf-404767ed8d07,0.17,false,false,near_mint,en,AUD,2026-09-01T10:58:26.194Z
Glider Staff,TLA,Avatar: The Last Airbender,22,normal,uncommon,9,109467,7517f2eb-a24d-49f6-82bf-08de55d3789a,0.36,false,false,near_mint,en,AUD,2026-09-01T10:59:03.423Z
Invasion Reinforcements,TLA,Avatar: The Last Airbender,24,normal,uncommon,6,109783,b8845bba-d116-43cd-8ae0-e553f3324d66,0.36,false,false,near_mint,en,AUD,2026-09-01T10:59:56.944Z
Jeong Jeong's Deserters,TLA,Avatar: The Last Airbender,25,normal,common,12,108152,060966f9-5e56-4512-9ef3-2b216daf093c,0.19,false,false,near_mint,en,AUD,2026-09-01T11:00:44.389Z
Kyoshi Warriors,TLA,Avatar: The Last Airbender,26,normal,common,9,109651,211045e1-85c7-4088-b830-a2afa0fe520b,0.21,false,false,near_mint,en,AUD,2026-09-01T11:01:18.322Z
Master Piandao,TLA,Avatar: The Last Airbender,28,normal,uncommon,2,108191,3e4a042c-f2a6-45e7-9444-acd1ca838b87,0.33,false,false,near_mint,en,AUD,2026-09-01T11:01:53.984Z
"Momo, Playful Pet",TLA,Avatar: The Last Airbender,30,normal,uncommon,1,109491,9350bf4a-fa12-4867-b31f-1f1394d99571,0.33,false,false,near_mint,en,AUD,2026-09-01T11:02:33.441Z
Path to Redemption,TLA,Avatar: The Last Airbender,31,normal,common,11,108310,f936d64a-0db4-49c1-8a57-6d99e012a555,0.26,false,false,near_mint,en,AUD,2026-09-01T11:03:11.002Z
Rabaroo Troop,TLA,Avatar: The Last Airbender,32,normal,common,14,108219,62a983b4-ac73-4949-9317-05a75a8ce164,0.24,false,false,near_mint,en,AUD,2026-09-01T11:03:53.241Z
Razor Rings,TLA,Avatar: The Last Airbender,33,normal,common,10,108265,b05cfee5-ee59-4df6-a5f6-d9ef0fa7f98a,0.19,false,false,near_mint,en,AUD,2026-09-01T11:05:12.593Z
Sandbenders' Storm,TLA,Avatar: The Last Airbender,34,normal,common,9,109779,b3bf4a25-4329-4318-870a-2b06aa620dc4,0.26,false,false,near_mint,en,AUD,2026-09-01T11:06:19.782Z
Southern Air Temple,TLA,Avatar: The Last Airbender,36,normal,uncommon,3,108118,5c172f9b-2184-4736-9f90-74ce08596292,0.37,false,false,near_mint,en,AUD,2026-09-01T11:07:05.452Z
Team Avatar,TLA,Avatar: The Last Airbender,38,normal,uncommon,2,109768,a9a5f6f7-f04d-477f-b67f-fd01a5dcc0f5,0.28,false,false,near_mint,en,AUD,2026-09-01T11:07:54.934Z
Vengeful Villagers,TLA,Avatar: The Last Airbender,40,normal,uncommon,4,109743,8cabb6ed-5c80-4dab-b96c-9d4d9fe72db7,0.17,false,false,near_mint,en,AUD,2026-09-01T11:08:34.325Z
Water Tribe Captain,TLA,Avatar: The Last Airbender,41,normal,common,9,109632,0a0cdf97-1927-47c6-8ef1-29969e3567ee,0.12,false,false,near_mint,en,AUD,2026-09-01T11:09:14.701Z
Yip Yip!,TLA,Avatar: The Last Airbender,43,normal,common,12,109420,43f4b10e-165b-4100-82f3-728e1b0c78ed,0.29,false,false,near_mint,en,AUD,2026-09-01T11:10:03.631Z
Benevolent River Spirit,TLA,Avatar: The Last Airbender,45,normal,uncommon,4,109731,7ffb79cd-d170-4047-89c8-6e85188f30da,0.29,false,false,near_mint,en,AUD,2026-09-01T11:10:50.414Z
Crashing Wave,TLA,Avatar: The Last Airbender,47,normal,uncommon,4,109754,9fd02eb4-1ef5-4a14-89a8-b25e720e8016,0.32,false,false,near_mint,en,AUD,2026-09-01T11:11:33.403Z
First-Time Flyer,TLA,Avatar: The Last Airbender,49,normal,common,13,108296,ea22d29d-3a62-4ae2-91d5-21a678be9b48,0.12,false,false,near_mint,en,AUD,2026-09-01T11:12:25.990Z
Forecasting Fortune Teller,TLA,Avatar: The Last Airbender,51,normal,common,11,109366,023e7ad4-6af0-4f29-a716-27a313974227,0.17,false,false,near_mint,en,AUD,2026-09-01T11:13:40.554Z
Geyser Leaper,TLA,Avatar: The Last Airbender,52,normal,common,13,108205,4d25428d-e5a5-43c4-8544-43120ed1c4d5,0.18,false,false,near_mint,en,AUD,2026-09-01T11:14:20.264Z
Giant Koi,TLA,Avatar: The Last Airbender,53,normal,common,16,108186,3938ec1f-979c-48e5-bb13-bebace006a8f,0.18,false,false,near_mint,en,AUD,2026-09-01T11:15:21.523Z
Honest Work,TLA,Avatar: The Last Airbender,55,normal,uncommon,4,109439,57e0ccb0-22f0-4e4d-9a47-c4fec2c7f251,0.36,false,false,near_mint,en,AUD,2026-09-01T11:16:05.311Z
Iguana Parrot,TLA,Avatar: The Last Airbender,56,normal,common,10,108235,7faa3e3d-c08a-4908-85ef-1370d3f90815,0.19,false,false,near_mint,en,AUD,2026-09-01T11:16:44.722Z
Invasion Submersible,TLA,Avatar: The Last Airbender,57,normal,uncommon,4,109516,af5299f5-1633-4c07-ade5-fd47e29ea4aa,0.24,false,false,near_mint,en,AUD,2026-09-01T11:17:11.116Z
It'll Quench Ya!,TLA,Avatar: The Last Airbender,58,normal,common,7,108199,47c25e41-f43c-4447-81b5-b9631448bd29,0.35,false,false,near_mint,en,AUD,2026-09-01T11:17:49.178Z
"Katara, Bending Prodigy",TLA,Avatar: The Last Airbender,59,normal,uncommon,5,108294,e8372167-383f-4302-a8ea-b6bf495c870c,0.3,false,false,near_mint,en,AUD,2026-09-01T11:18:19.949Z
Knowledge Seeker,TLA,Avatar: The Last Airbender,60,normal,uncommon,3,109738,8554e862-f78a-42f5-b876-076aac6c9504,0.28,false,false,near_mint,en,AUD,2026-09-01T11:18:40.799Z
Lost Days,TLA,Avatar: The Last Airbender,62,normal,common,9,109559,db8e88e3-0931-403f-90e7-3c22c0b61dac,0.22,false,false,near_mint,en,AUD,2026-09-01T11:19:44.096Z
Master Pakku,TLA,Avatar: The Last Airbender,63,normal,uncommon,4,108246,91e30df5-63f7-4281-8d64-8d522d663652,0.29,false,false,near_mint,en,AUD,2026-09-01T11:20:20.392Z
"The Mechanist, Aerial Artisan",TLA,Avatar: The Last Airbender,64,normal,rare,2,109524,b910851e-9332-4c83-a790-d379667cabfc,0.4,false,false,near_mint,en,AUD,2026-09-01T11:20:45.339Z
North Pole Patrol,TLA,Avatar: The Last Airbender,65,normal,uncommon,3,109536,c2c0c138-5b61-4949-8431-4a6d458ead6a,0.25,false,false,near_mint,en,AUD,2026-09-01T11:21:25.594Z
Otter-Penguin,TLA,Avatar: The Last Airbender,67,normal,common,8,108200,480b6279-bb34-4b3f-a639-868b52af92b9,0.25,false,false,near_mint,en,AUD,2026-09-01T11:22:29.886Z
Rowdy Snowballers,TLA,Avatar: The Last Airbender,68,normal,common,12,108165,17d71522-b133-4003-b787-0c742a2fd70e,0.22,false,false,near_mint,en,AUD,2026-09-01T11:23:05.735Z
Serpent of the Pass,TLA,Avatar: The Last Airbender,70,normal,uncommon,7,108237,87595843-15bc-48bb-8a81-3e6ad924ed44,0.21,false,false,near_mint,en,AUD,2026-09-01T11:24:06.813Z
Sokka's Haiku,TLA,Avatar: The Last Airbender,71,normal,uncommon,9,108102,004be4bc-ac3c-4026-8d36-f4687ab18c70,0.28,false,false,near_mint,en,AUD,2026-09-01T11:24:37.636Z
"Teo, Spirited Glider",TLA,Avatar: The Last Airbender,74,normal,uncommon,7,109450,66906ed4-baac-4be0-9359-34f453d1a04a,0.18,false,false,near_mint,en,AUD,2026-09-01T11:26:06.522Z
Tiger-Seal,TLA,Avatar: The Last Airbender,75,normal,rare,1,109471,7aef2891-1269-4a1a-acea-0aa37ef544c4,0.28,false,false,near_mint,en,AUD,2026-09-01T11:26:39.658Z
Waterbending Lesson,TLA,Avatar: The Last Airbender,80,normal,common,9,108207,4f81e3b5-a0a9-4764-8c2d-b499ce1740b4,0.28,false,false,near_mint,en,AUD,2026-09-01T11:28:30.742Z
Watery Grasp,TLA,Avatar: The Last Airbender,82,normal,common,12,108177,26bcff57-428e-4f30-a153-a778fbfc437d,0.25,false,false,near_mint,en,AUD,2026-09-01T11:29:41.656Z
"Yue, the Moon Spirit",TLA,Avatar: The Last Airbender,83,normal,rare,1,108143,ecdac50f-c639-43fc-a03e-d488fac96ae2,0.4,false,false,near_mint,en,AUD,2026-09-01T11:30:56.435Z
Azula Always Lies,TLA,Avatar: The Last Airbender,84,normal,common,13,108194,416b9207-a2af-44d1-9b87-4943f6e46d42,0.19,false,false,near_mint,en,AUD,2026-09-01T11:32:59.644Z
"Azula, On the Hunt",TLA,Avatar: The Last Airbender,85,normal,uncommon,5,109383,1335a145-248a-4f1e-8760-9a5d531e14e3,0.3,false,false,near_mint,en,AUD,2026-09-01T11:33:38.222Z
Beetle-Headed Merchants,TLA,Avatar: The Last Airbender,86,normal,common,13,108273,c2eed79f-38c1-4aac-9525-d54cb114f17f,0.12,false,false,near_mint,en,AUD,2026-09-01T11:34:20.778Z
Boiling Rock Rioter,TLA,Avatar: The Last Airbender,87,normal,rare,1,109464,739653cc-35c8-4a66-95d8-3e80fa6114f0,0.32,false,false,near_mint,en,AUD,2026-09-01T11:34:43.691Z
Buzzard-Wasp Colony,TLA,Avatar: The Last Airbender,88,normal,uncommon,9,108195,42d83229-0555-4361-8964-4b525c825843,0.25,false,false,near_mint,en,AUD,2026-09-01T11:35:19.885Z
Callous Inspector,TLA,Avatar: The Last Airbender,89,normal,common,12,109579,f22610e9-6b14-4914-bb67-bd6723bec9aa,0.24,false,false,near_mint,en,AUD,2026-09-01T11:36:11.903Z
Canyon Crawler,TLA,Avatar: The Last Airbender,90,normal,common,8,109668,30a30bfb-f0f3-425b-b37d-20079ee27046,0.26,false,false,near_mint,en,AUD,2026-09-01T11:36:40.692Z
Cat-Gator,TLA,Avatar: The Last Airbender,91,normal,uncommon,3,108298,ec83a825-79e6-42a4-919c-3bc498ff4433,0.19,false,false,near_mint,en,AUD,2026-09-01T11:37:02.994Z
Corrupt Court Official,TLA,Avatar: The Last Airbender,92,normal,common,14,108198,4692610e-d64c-438e-b5ad-0cf67fd57f1f,0.18,false,false,near_mint,en,AUD,2026-09-01T11:37:34.172Z
Dai Li Indoctrination,TLA,Avatar: The Last Airbender,93,normal,common,18,108299,eca652b8-44f1-4bd9-b4bf-036eeead13aa,0.19,false,false,near_mint,en,AUD,2026-09-01T11:38:27.358Z
Deadly Precision,TLA,Avatar: The Last Airbender,95,normal,common,13,109422,4661daf6-d960-4278-8946-70948efaf99d,0.21,false,false,near_mint,en,AUD,2026-09-01T11:39:29.332Z
Epic Downfall,TLA,Avatar: The Last Airbender,96,normal,uncommon,6,108189,3b4a6804-04f5-4467-bb1c-9466a47bc55f,0.28,false,false,near_mint,en,AUD,2026-09-01T11:40:06.963Z
Fatal Fissure,TLA,Avatar: The Last Airbender,97,normal,uncommon,4,109671,3343933d-4425-4ede-8d92-876bd0c6df60,0.21,false,false,near_mint,en,AUD,2026-09-01T11:40:41.099Z
Fire Navy Trebuchet,TLA,Avatar: The Last Airbender,100,normal,uncommon,4,109820,e58372cc-9a89-47a4-a0db-df5435e26cd3,0.32,false,false,near_mint,en,AUD,2026-09-01T11:42:29.023Z
Foggy Swamp Hunters,TLA,Avatar: The Last Airbender,101,normal,common,7,109689,3f6e5869-ca25-4b98-a844-8a498cb40aab,0.12,false,false,near_mint,en,AUD,2026-09-01T11:43:45.840Z
Foggy Swamp Visions,TLA,Avatar: The Last Airbender,102,normal,rare,3,109415,3a46deaa-88f7-4eec-aa99-b85073847918,0.39,false,false,near_mint,en,AUD,2026-09-01T11:44:10.470Z
Heartless Act,TLA,Avatar: The Last Airbender,103,normal,uncommon,3,108268,b57c57a8-d72b-4c6c-a2db-a7ef61190f42,0.39,false,false,near_mint,en,AUD,2026-09-01T11:44:33.053Z
Hog-Monkey,TLA,Avatar: The Last Airbender,104,normal,common,10,108206,4f442970-5355-4abf-8684-17daaa8e469b,0.15,false,false,near_mint,en,AUD,2026-09-01T11:45:05.339Z
"Joo Dee, One of Many",TLA,Avatar: The Last Airbender,105,normal,uncommon,4,109730,7ae1439f-a0c4-42c2-a4f3-8851defa981e,0.3,false,false,near_mint,en,AUD,2026-09-01T11:45:28.921Z
"June, Bounty Hunter",TLA,Avatar: The Last Airbender,106,normal,uncommon,4,109385,148bbaab-bc7b-46ab-8e18-ade69d71d847,0.25,false,false,near_mint,en,AUD,2026-09-01T11:46:06.883Z
"Lo and Li, Twin Tutors",TLA,Avatar: The Last Airbender,108,normal,uncommon,3,109794,cba9260d-ef07-4429-99f9-6004cc1fea0f,0.21,false,false,near_mint,en,AUD,2026-09-01T11:46:53.051Z
Merchant of Many Hats,TLA,Avatar: The Last Airbender,110,normal,common,11,108229,752ffa24-93b6-4b33-bf10-7222357ac472,0.1,false,false,near_mint,en,AUD,2026-09-01T11:47:37.786Z
Northern Air Temple,TLA,Avatar: The Last Airbender,111,normal,uncommon,4,109370,06b7675e-e665-49cb-a8d9-7092a654d464,0.4,false,false,near_mint,en,AUD,2026-09-01T11:48:12.617Z
Ozai's Cruelty,TLA,Avatar: The Last Airbender,113,normal,uncommon,5,108173,22cad680-d46a-4589-a633-b6ee9a78d61e,0.26,false,false,near_mint,en,AUD,2026-09-01T11:49:03.724Z
Phoenix Fleet Airship,TLA,Avatar: The Last Airbender,114,normal,mythic,1,109781,b51d3259-c41c-4f64-9666-0a9e676c812f,1.94,false,false,near_mint,en,AUD,2026-09-01T11:49:27.988Z
Pirate Peddlers,TLA,Avatar: The Last Airbender,115,normal,common,11,109919,5c998994-6c3b-4f34-9b31-babba2b17266,0.22,false,false,near_mint,en,AUD,2026-09-01T11:49:58.792Z
Ruinous Waterbending,TLA,Avatar: The Last Airbender,118,normal,uncommon,2,109702,53161747-c82b-41e8-90ea-7791ea262a85,0.28,false,false,near_mint,en,AUD,2026-09-01T11:51:56.802Z
Sold Out,TLA,Avatar: The Last Airbender,119,normal,common,13,109389,1affba6d-2cca-4cdf-8690-1e23ffbe8462,0.14,false,false,near_mint,en,AUD,2026-09-01T11:52:36.160Z
Swampsnare Trap,TLA,Avatar: The Last Airbender,120,normal,common,10,109709,6348b6bf-08a7-45f0-8b2d-2827ab89f21c,0.24,false,false,near_mint,en,AUD,2026-09-01T11:53:07.463Z
Tundra Tank,TLA,Avatar: The Last Airbender,121,normal,uncommon,5,109384,13c66fce-8f8e-4a98-8413-9f05aebf6e13,0.22,false,false,near_mint,en,AUD,2026-09-01T11:53:35.819Z
Wolfbat,TLA,Avatar: The Last Airbender,122,normal,uncommon,5,109666,2ae83b4e-e5a4-4c98-8d16-eef3c71b8ff2,0.19,false,false,near_mint,en,AUD,2026-09-01T11:54:14.111Z
Zuko's Conviction,TLA,Avatar: The Last Airbender,123,normal,uncommon,5,109923,ad8933d6-cdc7-4d60-a78e-b43ffecfb136,0.36,false,false,near_mint,en,AUD,2026-09-01T11:54:45.147Z
Boar-q-pine,TLA,Avatar: The Last Airbender,124,normal,common,6,109629,087a445c-5f63-45d6-83e8-20d22650db20,0.18,false,false,near_mint,en,AUD,2026-09-01T11:55:37.349Z
Bumi Bash,TLA,Avatar: The Last Airbender,125,normal,common,7,109571,e8895479-26cb-4ee8-98ca-6d46c43f0dbd,0.12,false,false,near_mint,en,AUD,2026-09-01T11:56:05.472Z
The Cave of Two Lovers,TLA,Avatar: The Last Airbender,126,normal,uncommon,3,109432,50bf5c8b-f218-46b7-843c-8d8083f02fd2,0.28,false,false,near_mint,en,AUD,2026-09-01T11:56:39.555Z
Combustion Man,TLA,Avatar: The Last Airbender,127,normal,uncommon,5,109740,86f7399d-6876-4e85-ba34-ff1f97dc144a,0.4,false,false,near_mint,en,AUD,2026-09-01T11:57:07.579Z
Crescent Island Temple,TLA,Avatar: The Last Airbender,129,normal,uncommon,3,109367,04c85150-269e-4158-a1b9-bd11bc6b7d79,0.4,false,false,near_mint,en,AUD,2026-09-01T11:57:45.735Z
Cunning Maneuver,TLA,Avatar: The Last Airbender,130,normal,common,8,109380,0ff7c993-ba29-43b0-9639-7c4bc0292fa2,0.21,false,false,near_mint,en,AUD,2026-09-01T11:58:25.592Z
Deserter's Disciple,TLA,Avatar: The Last Airbender,131,normal,common,13,108164,14f2ed5a-042b-4cce-82ad-cfb4bd511d98,0.18,false,false,near_mint,en,AUD,2026-09-01T11:59:00.490Z
Fire Nation Cadets,TLA,Avatar: The Last Airbender,134,normal,common,10,109388,1a3a862c-9c9a-41cd-94d1-2d0cff22a6cd,0.25,false,false,near_mint,en,AUD,2026-09-01T12:00:26.957Z
Fire Nation Raider,TLA,Avatar: The Last Airbender,135,normal,common,10,109827,ede1bbdb-c726-46e3-aaf1-b8cf2be2c341,0.15,false,false,near_mint,en,AUD,2026-09-01T12:01:05.134Z
Fire Sages,TLA,Avatar: The Last Airbender,136,normal,uncommon,5,108225,71a9fa44-306f-417a-a9d9-991aff95025c,0.24,false,false,near_mint,en,AUD,2026-09-01T12:07:58.146Z
Firebending Lesson,TLA,Avatar: The Last Airbender,138,normal,common,4,109926,fa940e68-010e-4b68-be8a-555d7068f7b4,0.32,false,false,near_mint,en,AUD,2026-09-01T12:08:47.889Z
How to Start a Riot,TLA,Avatar: The Last Airbender,140,normal,common,12,108174,23b3bf1e-ea85-47f5-8473-4d16615f68d7,0.24,false,false,near_mint,en,AUD,2026-09-01T12:09:50.971Z
"Jeong Jeong, the Deserter",TLA,Avatar: The Last Airbender,142,normal,uncommon,6,109510,a9f63d3b-bee5-48bc-8b04-d8b24b0bda6e,0.33,false,false,near_mint,en,AUD,2026-09-01T12:13:02.594Z
Jet's Brainwashing,TLA,Avatar: The Last Airbender,143,normal,uncommon,4,109519,b17e8bdb-4b91-4a9d-bfe1-8a55f0bd040b,0.26,false,false,near_mint,en,AUD,2026-09-01T12:13:38.353Z
The Last Agni Kai,TLA,Avatar: The Last Airbender,144,normal,rare,1,109446,61eaebc6-7575-48ed-b212-ff8b0c7ae694,4.1,false,false,near_mint,en,AUD,2026-09-01T12:14:06.424Z
Lightning Strike,TLA,Avatar: The Last Airbender,146,normal,common,15,108213,5787b0e0-9469-4a6d-8b81-c992628e28c0,0.3,false,false,near_mint,en,AUD,2026-09-01T12:14:56.352Z
"Mai, Jaded Edge",TLA,Avatar: The Last Airbender,147,normal,uncommon,5,109463,732e6bc9-0798-4c00-aea0-5ef4298b45f5,0.26,false,false,near_mint,en,AUD,2026-09-01T12:15:23.429Z
Mongoose Lizard,TLA,Avatar: The Last Airbender,148,normal,common,9,108232,7d40b9cb-82ef-44c5-8d3c-c8bb4ce9891c,0.14,false,false,near_mint,en,AUD,2026-09-01T12:16:02.967Z
Ran and Shaw,TLA,Avatar: The Last Airbender,150,normal,rare,1,109448,6436e2d0-989f-47e3-90bc-9cde82a2ddb4,0.4,false,false,near_mint,en,AUD,2026-09-01T12:16:36.663Z
Rough Rhino Cavalry,TLA,Avatar: The Last Airbender,152,normal,common,15,108259,a8bc29cf-f6f8-4bb8-b722-f016b58b6d2d,0.22,false,false,near_mint,en,AUD,2026-09-01T12:17:35.295Z
Solstice Revelations,TLA,Avatar: The Last Airbender,153,normal,uncommon,5,109580,f22ac19f-66fb-4d54-9f09-495a20a29577,0.3,false,false,near_mint,en,AUD,2026-09-01T12:18:03.668Z
Tiger-Dillo,TLA,Avatar: The Last Airbender,155,normal,uncommon,3,109369,067bd117-04e6-410e-89c4-6d431d627751,0.15,false,false,near_mint,en,AUD,2026-09-01T12:18:38.564Z
Treetop Freedom Fighters,TLA,Avatar: The Last Airbender,156,normal,common,9,109507,a9394200-7ffc-440f-8b5f-c08b7930133c,0.18,false,false,near_mint,en,AUD,2026-09-01T12:19:03.841Z
Twin Blades,TLA,Avatar: The Last Airbender,157,normal,uncommon,4,109560,dc399ae0-36b5-4c92-9fe2-138caf8d7a86,0.3,false,false,near_mint,en,AUD,2026-09-01T12:19:23.710Z
"Ty Lee, Artful Acrobat",TLA,Avatar: The Last Airbender,158,normal,uncommon,5,109561,dcd9df24-272b-4aa1-b05f-6ee6b3d3dfe7,0.36,false,false,near_mint,en,AUD,2026-09-01T12:19:48.405Z
War Balloon,TLA,Avatar: The Last Airbender,159,normal,uncommon,3,109451,6829b20d-c2fa-41a6-89ca-f21c522d8866,0.19,false,false,near_mint,en,AUD,2026-09-01T12:20:13.184Z
Wartime Protestors,TLA,Avatar: The Last Airbender,160,normal,rare,1,109924,bac81940-d717-49ff-83b2-16a22bb2c988,0.35,false,false,near_mint,en,AUD,2026-09-01T12:20:39.059Z
Yuyan Archers,TLA,Avatar: The Last Airbender,161,normal,common,7,108250,99244462-a996-4a5b-91fb-947045647d6d,0.24,false,false,near_mint,en,AUD,2026-09-01T12:21:18.280Z
"Zhao, the Moon Slayer",TLA,Avatar: The Last Airbender,162,normal,rare,1,109829,f1015bf5-de98-41f3-b6b1-ed95f7465944,0.39,false,false,near_mint,en,AUD,2026-09-01T12:21:40.179Z
"Zuko, Exiled Prince",TLA,Avatar: The Last Airbender,163,normal,uncommon,3,108221,6a73b372-9c0e-4a85-89d2-440163330687,0.36,false,false,near_mint,en,AUD,2026-09-01T12:22:00.001Z
Allies at Last,TLA,Avatar: The Last Airbender,164,normal,uncommon,2,109381,11a77897-2aba-4a9b-bbe6-1768ca9f12cb,0.28,false,false,near_mint,en,AUD,2026-09-01T12:22:18.524Z
Badgermole,TLA,Avatar: The Last Airbender,166,normal,common,13,108260,aabbd420-b7fc-496f-9168-bad823d51d9e,0.32,false,false,near_mint,en,AUD,2026-09-01T12:23:17.488Z
"The Boulder, Ready to Rumble",TLA,Avatar: The Last Airbender,168,normal,uncommon,7,109826,ec27a466-5457-44c6-a842-1de7d3788d66,0.42,false,false,near_mint,en,AUD,2026-09-01T12:24:06.003Z
"Bumi, King of Three Trials",TLA,Avatar: The Last Airbender,169,normal,uncommon,2,109758,a268697b-22b0-4e1b-a5b6-d9be95025e57,0.3,false,false,near_mint,en,AUD,2026-09-01T12:24:24.758Z
Cycle of Renewal,TLA,Avatar: The Last Airbender,170,normal,common,3,109398,233f4a05-057b-48f4-8f56-8d4a060a40e4,0.42,false,false,near_mint,en,AUD,2026-09-01T12:24:50.071Z
Diligent Zookeeper,TLA,Avatar: The Last Airbender,171,normal,rare,2,109394,21f52564-9820-42dc-a08d-459d51afc397,0.24,false,false,near_mint,en,AUD,2026-09-01T12:25:19.112Z
Earth Kingdom General,TLA,Avatar: The Last Airbender,173,normal,uncommon,5,109481,8688fce5-74b1-41e1-a59a-05a3878a75cb,0.32,false,false,near_mint,en,AUD,2026-09-01T12:25:58.955Z
Earth Rumble,TLA,Avatar: The Last Airbender,174,normal,uncommon,2,108218,62730505-56f1-4043-a8b9-4fb7bc508b47,0.3,false,false,near_mint,en,AUD,2026-09-01T12:26:24.750Z
Earthbending Lesson,TLA,Avatar: The Last Airbender,176,normal,common,10,108142,eccd63b3-3a3a-4661-9d6e-fb8152429bdb,0.26,false,false,near_mint,en,AUD,2026-09-01T12:27:45.835Z
Earthen Ally,TLA,Avatar: The Last Airbender,177,normal,rare,2,109805,d7a0f2d9-efa4-4a53-a24b-36694457bd1c,0.42,false,false,near_mint,en,AUD,2026-09-01T12:28:12.013Z
Elemental Teachings,TLA,Avatar: The Last Airbender,178,normal,rare,1,109539,cac8ac35-6860-4839-ab85-93d409206c08,0.44,false,false,near_mint,en,AUD,2026-09-01T12:28:34.764Z
"Flopsie, Bumi's Buddy",TLA,Avatar: The Last Airbender,179,normal,uncommon,5,108156,082f4abc-c09f-42cf-977f-060875dfd411,0.3,false,false,near_mint,en,AUD,2026-09-01T12:28:59.295Z
Foggy Swamp Vinebender,TLA,Avatar: The Last Airbender,180,normal,common,10,109727,78a75317-94f7-47a4-b4da-5a027fa73248,0.15,false,false,near_mint,en,AUD,2026-09-01T12:29:34.942Z
"Haru, Hidden Talent",TLA,Avatar: The Last Airbender,182,normal,uncommon,5,108248,9657a0c0-2c26-4331-8e62-f032265a01af,0.3,false,false,near_mint,en,AUD,2026-09-01T12:30:36.706Z
Invasion Tactics,TLA,Avatar: The Last Airbender,183,normal,uncommon,7,109403,27c6330d-49f6-4707-b4d4-d1411fa422eb,0.21,false,false,near_mint,en,AUD,2026-09-01T12:31:08.860Z
Kyoshi Island Plaza,TLA,Avatar: The Last Airbender,184,normal,uncommon,4,109752,9c25ea98-9823-4487-bf6b-ee29ce5a4ed8,0.43,false,false,near_mint,en,AUD,2026-09-01T12:31:40.322Z
Leaves from the Vine,TLA,Avatar: The Last Airbender,185,normal,uncommon,6,109520,b18995c2-efe3-46ca-8204-e2dc0e42f6e3,0.24,false,false,near_mint,en,AUD,2026-09-01T12:32:12.186Z
Origin of Metalbending,TLA,Avatar: The Last Airbender,187,normal,common,1,109400,25749f9a-260d-4bdc-bd28-429c12faa4a5,0.3,false,false,near_mint,en,AUD,2026-09-01T23:41:04.678Z
Ostrich-Horse,TLA,Avatar: The Last Airbender,188,normal,common,11,108215,5ca3fd45-9301-44ef-afc0-4d7999d66d36,0.18,false,false,near_mint,en,AUD,2026-09-01T23:41:26.196Z
Pillar Launch,TLA,Avatar: The Last Airbender,189,normal,common,10,108303,f177e9cc-0c41-417d-9215-5ff23a1a0657,0.25,false,false,near_mint,en,AUD,2026-09-01T23:41:49.593Z
Raucous Audience,TLA,Avatar: The Last Airbender,190,normal,common,11,108279,ccd03ec3-0fae-48b2-9f04-9c57d2f94267,0.24,false,false,near_mint,en,AUD,2026-09-01T23:42:11.141Z
Rebellious Captives,TLA,Avatar: The Last Airbender,191,normal,common,13,108293,e64a4a8b-323c-4c8b-92af-1a3295799e65,0.12,false,false,near_mint,en,AUD,2026-09-01T23:42:29.862Z
Rockalanche,TLA,Avatar: The Last Airbender,192,normal,uncommon,6,109701,52b213d3-6f68-43e6-91e9-435d8fe1f34c,0.36,false,false,near_mint,en,AUD,2026-09-01T23:42:57.802Z
Rocky Rebuke,TLA,Avatar: The Last Airbender,193,normal,common,15,108211,52fd910f-6d42-41f5-a4be-f375aa254ea2,0.19,false,false,near_mint,en,AUD,2026-09-01T23:43:29.086Z
Saber-Tooth Moose-Lion,TLA,Avatar: The Last Airbender,194,normal,common,9,108266,b15f302d-c451-4e79-a5af-75ee3ba4cadf,0.17,false,false,near_mint,en,AUD,2026-09-01T23:43:48.821Z
Seismic Sense,TLA,Avatar: The Last Airbender,195,normal,uncommon,4,109506,a7b93c2a-c478-4734-8aca-03f3e9c11b20,0.43,false,false,near_mint,en,AUD,2026-09-01T23:44:04.235Z
Shared Roots,TLA,Avatar: The Last Airbender,196,normal,uncommon,1,109570,e7847ba5-e85e-417f-96c0-aef2e6f83994,0.6,false,false,near_mint,en,AUD,2026-09-01T23:44:15.853Z
Sparring Dummy,TLA,Avatar: The Last Airbender,197,normal,uncommon,4,109435,520f5a03-ff5a-43ed-8f15-cf24596d60cd,0.19,false,false,near_mint,en,AUD,2026-09-01T23:44:24.441Z
Flexible Waterbender,TLA,Avatar: The Last Airbender,50,normal,common,9,108163,1447ebce-7e48-4b21-a39c-740920538bdd,0.24,false,false,near_mint,en,AUD,2026-09-01T23:50:56.456Z
Fire Nation Engineer,TLA,Avatar: The Last Airbender,99,normal,uncommon,7,108217,5daba108-277d-46c8-ac35-7610f4786813,0.21,false,false,near_mint,en,AUD,2026-09-01T23:54:40.590Z
Avatar Destiny,TLA,Avatar: The Last Airbender,165,normal,rare,2,109697,4d74da72-8443-4fce-9d64-d2041f6a3292,0.42,false,false,near_mint,en,AUD,2026-09-01T23:57:07.643Z
True Ancestry,TLA,Avatar: The Last Airbender,199,normal,uncommon,2,109486,8c55b333-dc8b-4332-895b-eec5eb45543f,0.36,false,false,near_mint,en,AUD,2026-09-02T00:04:29.263Z
Turtle-Duck,TLA,Avatar: The Last Airbender,200,normal,common,15,108264,aefcd734-3916-4c77-9d98-3ea2c2795658,0.25,false,false,near_mint,en,AUD,2026-09-02T00:04:53.876Z
Unlucky Cabbage Merchant,TLA,Avatar: The Last Airbender,201,normal,uncommon,2,109374,0a838009-b115-4497-b35d-682e41ead7db,0.33,false,false,near_mint,en,AUD,2026-09-02T00:05:03.445Z
Walltop Sentries,TLA,Avatar: The Last Airbender,202,normal,common,11,109818,e55f1c63-58f6-4e2b-aaeb-f2d5faca47a2,0.28,false,false,near_mint,en,AUD,2026-09-02T00:05:20.602Z
Abandon Attachments,TLA,Avatar: The Last Airbender,205,normal,common,2,108228,74ca45a4-97ab-4255-9129-884e8b42b984,0.39,false,false,near_mint,en,AUD,2026-09-02T00:05:41.372Z
Air Nomad Legacy,TLA,Avatar: The Last Airbender,206,normal,uncommon,6,109635,10874416-fa4c-4aa3-b885-4351d011d208,0.36,false,false,near_mint,en,AUD,2026-09-02T00:05:53.437Z
Beifong's Bounty Hunters,TLA,Avatar: The Last Airbender,209,normal,rare,1,109431,4f88ec3a-44a7-4ae5-a68c-24294dabaeed,0.44,false,false,near_mint,en,AUD,2026-09-02T00:06:10.526Z
Bitter Work,TLA,Avatar: The Last Airbender,210,normal,uncommon,5,109686,3e8de6a9-9859-4ed2-8ece-ef80a7209be9,0.37,false,false,near_mint,en,AUD,2026-09-02T00:06:21.060Z
Cat-Owl,TLA,Avatar: The Last Airbender,212,normal,common,11,108285,d7df3391-dbe5-4eb4-85c1-037c5f3ea971,0.3,false,false,near_mint,en,AUD,2026-09-02T00:06:41.448Z
Cruel Administrator,TLA,Avatar: The Last Airbender,213,normal,uncommon,5,109753,9d70707b-2e25-40b1-80a8-9a5492bca7e2,0.24,false,false,near_mint,en,AUD,2026-09-02T00:06:54.978Z
Dragonfly Swarm,TLA,Avatar: The Last Airbender,215,normal,uncommon,7,109387,16be5cc4-b15a-4c5e-8a6e-05c87b519127,0.29,false,false,near_mint,en,AUD,2026-09-02T00:07:11.835Z
Earth Kingdom Soldier,TLA,Avatar: The Last Airbender,216,normal,common,9,108180,2d543d35-945a-4ffa-beb7-7c5d4f894f79,0.15,false,false,near_mint,en,AUD,2026-09-02T00:07:30.574Z
Earth Rumble Wrestlers,TLA,Avatar: The Last Airbender,218,normal,common,7,109466,74fca0b8-12e1-405f-b999-160d65fe0ade,0.14,false,false,near_mint,en,AUD,2026-09-02T00:07:48.480Z
Earth Village Ruffians,TLA,Avatar: The Last Airbender,219,normal,common,12,108212,56d4e0b7-232f-4953-84a3-e6f17781aa45,0.12,false,false,near_mint,en,AUD,2026-09-02T00:08:16.370Z
Guru Pathik,TLA,Avatar: The Last Airbender,223,normal,uncommon,6,109395,224a2241-0dce-4008-8d9c-86db40ec5f8b,0.3,false,false,near_mint,en,AUD,2026-09-02T02:57:42.138Z
"Hama, the Bloodbender",TLA,Avatar: The Last Airbender,224,normal,uncommon,4,109461,6fa1197d-7b19-4d86-81e2-5c87de87757b,0.3,false,false,near_mint,en,AUD,2026-09-02T02:58:03.920Z
"Hei Bai, Spirit of Balance",TLA,Avatar: The Last Airbender,225,normal,uncommon,6,108153,060d24e0-1567-41f1-ae8c-2d3b1834df3c,0.18,false,false,near_mint,en,AUD,2026-09-02T02:58:34.941Z
Hermitic Herbalist,TLA,Avatar: The Last Airbender,226,normal,uncommon,3,109707,5d0ee441-a057-41b5-abb8-dc86864ac248,0.33,false,false,near_mint,en,AUD,2026-09-02T02:58:49.420Z
"Iroh, Grand Lotus",TLA,Avatar: The Last Airbender,227,normal,rare,1,109482,879b73d3-4552-4fdc-baee-c4d097ae9a4f,0.64,false,false,near_mint,en,AUD,2026-09-02T02:58:59.921Z
"Long Feng, Grand Secretariat",TLA,Avatar: The Last Airbender,233,normal,uncommon,7,108257,a3eb92fe-bc59-4472-9028-f368bd015609,0.3,false,false,near_mint,en,AUD,2026-09-02T03:04:56.907Z
Messenger Hawk,TLA,Avatar: The Last Airbender,234,normal,common,11,109713,6a2946c0-0a40-4cdb-92c8-af2bafecca09,0.15,false,false,near_mint,en,AUD,2026-09-02T03:05:21.702Z
Platypus-Bear,TLA,Avatar: The Last Airbender,236,normal,common,14,109474,7ebf742a-3995-4b22-9dc7-b05f57889683,0.14,false,false,near_mint,en,AUD,2026-09-02T03:05:48.210Z
Pretending Poxbearers,TLA,Avatar: The Last Airbender,237,normal,common,17,108282,d1af91a5-8681-4a05-910d-96f7a819bfaa,0.08,false,false,near_mint,en,AUD,2026-09-02T03:06:09.891Z
"Professor Zei, Anthropologist",TLA,Avatar: The Last Airbender,238,normal,uncommon,5,109662,27baccc0-7e25-4f39-be0d-31cd98ca0dc5,0.29,false,false,near_mint,en,AUD,2026-09-02T03:06:22.790Z
Sandbender Scavengers,TLA,Avatar: The Last Airbender,239,normal,rare,1,109922,9bfe0f7c-6dac-41d4-a013-109445158a5e,0.24,false,false,near_mint,en,AUD,2026-09-02T03:06:31.943Z
"Sokka, Bold Boomeranger",TLA,Avatar: The Last Airbender,240,normal,rare,2,108114,4a1f1472-55b4-450d-8e4d-7297130a0cf3,0.44,false,false,near_mint,en,AUD,2026-09-02T03:07:01.833Z
"Sokka, Lateral Strategist",TLA,Avatar: The Last Airbender,241,normal,uncommon,7,108161,1326c5db-4615-495f-8e30-376243d91352,0.26,false,false,near_mint,en,AUD,2026-09-02T03:07:22.020Z
"Suki, Kyoshi Warrior",TLA,Avatar: The Last Airbender,243,normal,uncommon,2,108190,3e311480-04f8-4b8f-938e-1cc6d06b9902,0.28,false,false,near_mint,en,AUD,2026-09-02T03:07:40.194Z
Sun Warriors,TLA,Avatar: The Last Airbender,244,normal,uncommon,4,109567,e477d750-42d2-48c8-bc1f-8148d15d5f53,0.29,false,false,near_mint,en,AUD,2026-09-02T03:07:54.040Z
Tolls of War,TLA,Avatar: The Last Airbender,245,normal,uncommon,4,109556,d822b9ad-a787-4355-88c2-07ae2bd3a78e,0.24,false,false,near_mint,en,AUD,2026-09-02T03:08:09.152Z
Uncle Iroh,TLA,Avatar: The Last Airbender,248,normal,uncommon,5,109443,5c88672c-0eba-4e93-a0ec-30bbb1bb7661,0.37,false,false,near_mint,en,AUD,2026-09-02T03:08:36.163Z
Vindictive Warden,TLA,Avatar: The Last Airbender,249,normal,common,15,108159,0f34de05-39a9-425f-a3b4-3a9d46c917ac,0.15,false,false,near_mint,en,AUD,2026-09-02T03:09:04.139Z
Wandering Musicians,TLA,Avatar: The Last Airbender,250,normal,common,9,109916,3da81dbd-dc80-47ff-a33b-270d23a24e0a,0.19,false,false,near_mint,en,AUD,2026-09-02T03:09:37.411Z
White Lotus Reinforcements,TLA,Avatar: The Last Airbender,251,normal,uncommon,4,109428,4c7e3e2f-d7ac-4d40-ab84-cb7efe06a316,0.32,false,false,near_mint,en,AUD,2026-09-02T03:09:56.650Z
"Zhao, Ruthless Admiral",TLA,Avatar: The Last Airbender,252,normal,uncommon,3,109417,3fd48a57-b0bb-4177-a0f3-bd317a179cbe,0.25,false,false,near_mint,en,AUD,2026-09-02T03:10:07.667Z
Barrels of Blasting Jelly,TLA,Avatar: The Last Airbender,254,normal,common,9,108208,4fd83083-3779-41f0-90a0-a00e3270e4e6,0.35,false,false,near_mint,en,AUD,2026-09-02T03:10:33.114Z
Bender's Waterskin,TLA,Avatar: The Last Airbender,255,normal,common,1,108223,6d4a1712-d19e-4475-9614-a0b1af4da610,1.39,false,false,near_mint,en,AUD,2026-09-02T03:10:47.861Z
Fire Nation Warship,TLA,Avatar: The Last Airbender,256,normal,uncommon,3,109418,41ecc1de-353e-4131-b735-d2ce18c9c2d5,0.24,false,false,near_mint,en,AUD,2026-09-02T03:10:59.225Z
Kyoshi Battle Fan,TLA,Avatar: The Last Airbender,257,normal,common,10,109659,257e6862-96fe-4312-aff2-509d0696843a,0.18,false,false,near_mint,en,AUD,2026-09-02T03:11:19.827Z
Trusty Boomerang,TLA,Avatar: The Last Airbender,260,normal,uncommon,5,109564,df99a166-6d58-4d92-9037-2fdfbaf65629,0.22,false,false,near_mint,en,AUD,2026-09-02T03:11:43.108Z
Agna Qel'a,TLA,Avatar: The Last Airbender,264,normal,rare,1,109716,6b885829-a323-4f7d-87c9-aa4615dcbe5c,2.16,false,false,near_mint,en,AUD,2026-09-02T03:18:58.994Z
Airship Engine Room,TLA,Avatar: The Last Airbender,265,normal,common,5,109375,0b98ba34-f251-4bd0-9d75-1d4445be5cfd,0.26,false,false,near_mint,en,AUD,2026-09-02T03:19:17.650Z
Boiling Rock Prison,TLA,Avatar: The Last Airbender,267,normal,common,4,109390,1c2e2220-54d1-4180-93a0-964e3b0ba8b8,0.33,false,false,near_mint,en,AUD,2026-09-02T03:19:38.169Z
Fire Nation Palace,TLA,Avatar: The Last Airbender,268,normal,rare,1,109793,c91ac3f2-9fcd-4b41-a168-ae7f70b67d3c,3.44,false,false,near_mint,en,AUD,2026-09-02T03:19:54.809Z
Foggy Bottom Swamp,TLA,Avatar: The Last Airbender,269,normal,common,3,109396,226af626-873d-4bd2-b889-000f8316786f,0.39,false,false,near_mint,en,AUD,2026-09-02T03:20:07.189Z
Kyoshi Village,TLA,Avatar: The Last Airbender,271,normal,common,5,109487,8d5f3008-2af8-4e81-8847-1c91f524e747,0.33,false,false,near_mint,en,AUD,2026-09-02T03:20:32.701Z
Meditation Pools,TLA,Avatar: The Last Airbender,272,normal,common,5,109540,cc078fc6-4470-473f-9e24-d2c470e09141,0.36,false,false,near_mint,en,AUD,2026-09-02T03:20:51.389Z
Misty Palms Oasis,TLA,Avatar: The Last Airbender,273,normal,common,5,109473,7cc29ddb-8f44-4493-985d-2fac35f9f34d,0.32,false,false,near_mint,en,AUD,2026-09-02T03:21:03.968Z
North Pole Gates,TLA,Avatar: The Last Airbender,274,normal,common,9,109528,bcf7b9da-d35d-4338-b4d9-83e47dc058ee,0.32,false,false,near_mint,en,AUD,2026-09-02T03:21:27.651Z
Realm of Koh,TLA,Avatar: The Last Airbender,276,normal,rare,1,109914,061ac694-610c-479f-b038-a4ef5270d5d7,0.69,false,false,near_mint,en,AUD,2026-09-02T03:21:41.747Z
Rumble Arena,TLA,Avatar: The Last Airbender,277,normal,common,9,109688,3f5d2c38-663c-4f64-8cfc-c102462e82ef,0.3,false,false,near_mint,en,AUD,2026-09-02T03:21:59.189Z
Serpent's Pass,TLA,Avatar: The Last Airbender,279,normal,common,6,109514,ad87bff5-9b8c-44e4-a6d3-8cc71be9640a,0.33,false,false,near_mint,en,AUD,2026-09-02T03:22:27.091Z
Sun-Blessed Peak,TLA,Avatar: The Last Airbender,280,normal,common,3,109515,ae04c862-095f-41d2-8aef-21036d5a0cdc,0.3,false,false,near_mint,en,AUD,2026-09-02T03:22:50.056Z
White Lotus Hideout,TLA,Avatar: The Last Airbender,281,normal,uncommon,4,109399,24d1e22c-0d99-4ed5-94f0-fd055fd8e2be,0.36,false,false,near_mint,en,AUD,2026-09-02T03:23:07.845Z
Crashing Wave,TLA,Avatar: The Last Airbender,300,normal,uncommon,1,109761,a4cee0c6-8a29-4d08-9b24-c12c45c2309d,0.42,false,false,near_mint,en,AUD,2026-09-02T03:31:49.204Z
Dai Li Agents,TLA,Avatar: The Last Airbender,306,normal,uncommon,2,109476,82822ac1-9288-4bac-8afd-83563e693731,0.39,false,false,near_mint,en,AUD,2026-09-02T03:32:18.311Z
Tiger-Seal,TLA,Avatar: The Last Airbender,318,normal,rare,1,109550,d47fd63e-ddf0-4d98-8883-9ac883c20691,0.62,false,false,near_mint,en,AUD,2026-09-02T03:33:23.011Z
Raven Eagle,TLA,Avatar: The Last Airbender,324,normal,rare,1,109785,bc9b17de-ddb7-4f4c-826d-2f8e0678b680,0.97,false,false,near_mint,en,AUD,2026-09-02T03:33:53.964Z
Aang's Iceberg,TLA,Avatar: The Last Airbender,336,normal,rare,1,108121,6cd25a10-1e4e-4f47-8a67-221df4907b26,1.62,false,false,near_mint,en,AUD,2026-09-02T03:34:18.409Z
"The Mechanist, Aerial Artisan",TLA,Avatar: The Last Airbender,369,normal,rare,1,109552,d638ce04-cff8-4253-95f6-4ebdcfe01309,0.8,false,false,near_mint,en,AUD,2026-09-02T03:34:59.362Z
Spirit Water Revival,TLA,Avatar: The Last Airbender,370,normal,rare,1,109574,eadded94-3c18-43a9-bde9-f7ec86a98cce,2.81,false,false,near_mint,en,AUD,2026-09-02T03:35:16.239Z
Earth King's Lieutenant,TLA,Avatar: The Last Airbender,380,normal,rare,1,109455,6a431eaf-13a0-4052-b887-ca477bb55847,1.09,false,false,near_mint,en,AUD,2026-09-02T03:35:35.777Z
Secret Tunnel,TLA,Avatar: The Last Airbender,392,normal,rare,1,109433,51003a38-3493-4524-aed8-9681f5a89037,7.99,false,false,near_mint,en,AUD,2026-09-02T03:35:54.134Z
Waterbending Scroll,TLA,Avatar: The Last Airbender,81,normal,uncommon,1,109917,50d0be73-a2c8-44a0-9178-9949f342f6f9,0.33,false,false,near_mint,en,AUD,2026-09-02T03:48:58.516Z
Fire Nation Attacks,TLA,Avatar: The Last Airbender,299,normal,uncommon,1,109577,ed94f384-ebd2-4c30-a9bb-9cf793d9a810,0.37,false,false,near_mint,en,AUD,2026-09-02T03:51:28.547Z
Fire Nation Attacks,TLA,Avatar: The Last Airbender,133,normal,uncommon,1,108131,9cc10845-8989-46ca-a57a-fd728fca0729,0.33,false,false,near_mint,en,AUD,2026-09-02T03:51:28.548Z
Foggy Swamp Spirit Keeper,TLA,Avatar: The Last Airbender,222,normal,uncommon,2,109541,cd624be9-e960-4485-a8a9-2d5f2dd51777,0.22,false,false,near_mint,en,AUD,2026-09-02T03:51:28.545Z
"Jet, Freedom Fighter",TLA,Avatar: The Last Airbender,229,normal,uncommon,1,109490,9202c044-15e4-4218-a94d-16287ba19d69,0.22,false,false,near_mint,en,AUD,2026-09-02T03:55:43.283Z
South Pole Voyager,TLA,Avatar: The Last Airbender,35,normal,rare,1,109696,4b5ad895-be8d-476b-91ca-22fad7a3cc58,0.39,false,false,near_mint,en,AUD,2026-09-02T03:55:43.338Z
Omashu City,TLA,Avatar: The Last Airbender,275,normal,common,2,109535,c21e413b-96ed-4ded-b567-f1647074ce5f,0.37,false,false,near_mint,en,AUD,2026-09-02T03:55:43.260Z
Meteor Sword,TLA,Avatar: The Last Airbender,258,normal,uncommon,2,109712,68b1c746-a4b8-4a45-9f0e-3962f0ae40e3,0.44,false,false,near_mint,en,AUD,2026-09-02T03:55:43.268Z
Dai Li Agents,TLA,Avatar: The Last Airbender,214,normal,uncommon,2,109502,9ddb8715-341b-400a-b6eb-f3f90518157c,0.22,false,false,near_mint,en,AUD,2026-09-02T03:55:43.284Z
Insurrection,TLE,Avatar: The Last Airbender Eternal,31,normal,mythic,1,109679,37afa6fb-cb57-4ba7-ab77-1a40ad14db5b,14.07,false,false,near_mint,en,AUD,2026-09-03T04:13:30.584Z
Fire Nation Salvagers,TLE,Avatar: The Last Airbender Eternal,106,normal,rare,1,109836,fea1319c-7589-480d-a204-65ec68837e59,0.3,false,false,near_mint,en,AUD,2026-09-03T04:13:30.585Z
Dragon Moose,TLE,Avatar: The Last Airbender Eternal,278,normal,common,1,108226,71fb2595-b4b5-40b4-a3b6-236c0e2cdc83,0.19,false,false,near_mint,en,AUD,2026-09-03T04:13:30.588Z
Razor Rings,TLE,Avatar: The Last Airbender Eternal,272,normal,common,1,108238,878571d5-cc25-45a7-aab1-25f01c173c77,0.14,false,false,near_mint,en,AUD,2026-09-03T04:13:30.589Z
Path to Redemption,TLE,Avatar: The Last Airbender Eternal,271,normal,common,1,108287,dca6553f-4ba0-416b-8c04-f1c455a7cfc2,0.14,false,false,near_mint,en,AUD,2026-09-03T04:13:30.590Z
Thriving Isle,TLE,Avatar: The Last Airbender Eternal,263,normal,common,1,108247,94f93e5f-dba0-4079-8e6a-dd5d6fe6afa4,0.22,false,false,near_mint,en,AUD,2026-09-03T04:13:30.593Z
Hippo-Cows,TLE,Avatar: The Last Airbender Eternal,252,normal,common,1,108176,24ca6ca8-e239-4fe5-8711-24098b74e2fe,0.12,false,false,near_mint,en,AUD,2026-09-03T04:13:30.594Z
Dragon Moose,TLE,Avatar: The Last Airbender Eternal,235,normal,common,1,108313,fd61f469-5377-4bc1-a42b-dd66ca4ede1d,0.21,false,false,near_mint,en,AUD,2026-09-03T04:13:30.595Z
Fire Nation Ambushers,TLE,Avatar: The Last Airbender Eternal,229,normal,common,1,108254,a20aaa6c-7032-43c1-9e7c-57cf8c8ecfd4,0.1,false,false,near_mint,en,AUD,2026-09-03T04:13:30.599Z
Kyoshi Warrior Guard,TLE,Avatar: The Last Airbender Eternal,216,normal,common,1,108231,7a2acb28-c0e2-492b-a227-ef49e905e0fb,0.17,false,false,near_mint,en,AUD,2026-09-03T04:13:30.604Z
"Jet, Rebel Leader",TLE,Avatar: The Last Airbender Eternal,172,normal,rare,1,109931,0d6d68fd-59a3-4893-b804-e08c48b8d104,0.82,false,false,near_mint,en,AUD,2026-09-03T04:13:30.605Z
"Nyla, Shirshu Sleuth",TLE,Avatar: The Last Airbender Eternal,109,normal,rare,1,109817,e4760b87-b109-496a-98d1-353f67c265b8,0.28,false,false,near_mint,en,AUD,2026-09-03T04:13:30.606Z
Komodo Rhino,TLE,Avatar: The Last Airbender Eternal,283,normal,common,2,108286,d81fb19f-32f5-46ec-8532-ca24128fb0dc,0.21,false,false,near_mint,en,AUD,2026-09-03T04:13:30.586Z
Thriving Moor,TLE,Avatar: The Last Airbender Eternal,264,normal,common,2,108210,528531e8-4574-4dd5-aa4e-d31ce0f4eb5c,0.21,false,false,near_mint,en,AUD,2026-09-03T04:13:30.591Z
Purple Pentapus,TLE,Avatar: The Last Airbender Eternal,233,normal,common,3,108274,c3ec1b6e-2f63-4b84-a101-8764c3e6d0f2,0.17,false,false,near_mint,en,AUD,2026-09-03T04:13:30.596Z
Turtle-Seals,TLE,Avatar: The Last Airbender Eternal,226,normal,common,2,108188,3a144e7f-e0f7-4346-a4e8-f4a358c3b4a9,0.12,false,false,near_mint,en,AUD,2026-09-03T04:13:30.600Z
Flying Dolphin-Fish,TLE,Avatar: The Last Airbender Eternal,223,normal,common,2,108278,ccb61a51-cff6-4f88-ac17-f10852a27d06,0.14,false,false,near_mint,en,AUD,2026-09-03T04:13:30.602Z
Long-Bodied Grey Dog,HOB,The Hobbit,1,normal,common,2,115243,d1a1e520-1fe2-4529-8afb-c187bb80da3c,0.19,false,false,near_mint,en,AUD,2026-09-04T10:24:48.735Z
Old Thrush,HOB,The Hobbit,2,normal,common,2,115162,3ad02b56-13ec-46ef-92bd-ae078b8bb517,0.21,false,false,near_mint,en,AUD,2026-09-04T10:25:08.469Z
Troop of Ponies,HOB,The Hobbit,3,normal,uncommon,1,115131,0b4b1c59-bcec-4779-9e27-0e6f9feb4e11,0.51,false,false,near_mint,en,AUD,2026-09-04T10:25:31.117Z
"Dáin, Lord of the Iron Hills",HOB,The Hobbit,8,normal,uncommon,1,115213,99d27749-d16c-45e9-accc-6a01351c17f9,0.36,false,false,near_mint,en,AUD,2026-09-04T10:26:14.464Z
Dwarven Shortsword,HOB,The Hobbit,10,normal,common,3,115259,f2341cf3-4d2c-4a4f-9aea-8834104a8910,0.22,false,false,near_mint,en,AUD,2026-09-04T10:26:44.234Z
Eagle of the Great Shelf,HOB,The Hobbit,11,normal,uncommon,2,114895,3feca644-5f65-4477-bbc8-d505cec6f3a5,0.22,false,false,near_mint,en,AUD,2026-09-04T10:27:21.791Z
Esgaroth Garrison,HOB,The Hobbit,13,normal,common,3,115177,573f67b0-6ce8-4857-a703-4a5728640736,0.24,false,false,near_mint,en,AUD,2026-09-04T10:27:44.872Z
Lake-town Lookout,HOB,The Hobbit,18,normal,common,3,115138,178c4cf6-6b11-40e4-9673-c560d6818a6b,0.22,false,false,near_mint,en,AUD,2026-09-04T10:28:19.183Z
Magnificent End,HOB,The Hobbit,20,normal,common,2,115170,430c8916-1167-400b-9cad-d301f59d5e5d,0.18,false,false,near_mint,en,AUD,2026-09-04T10:29:05.979Z
Moment of Glory,HOB,The Hobbit,21,normal,common,1,115130,0a6a6ff0-b1cd-4b06-bd31-612690094e0e,0.14,false,false,near_mint,en,AUD,2026-09-04T10:29:31.204Z
The Mountain-king's Return,HOB,The Hobbit,22,normal,uncommon,2,114898,68f4893d-e9a5-4f89-ade3-9ab78a834ad5,0.3,false,false,near_mint,en,AUD,2026-09-04T10:29:53.853Z
"Ori, Keeper of Songs",HOB,The Hobbit,23,normal,common,5,115081,c5727af5-a487-4b16-8278-81c3c928c417,0.21,false,false,near_mint,en,AUD,2026-09-04T10:31:01.914Z
Thorin's Last Stand,HOB,The Hobbit,28,normal,common,3,115134,127367b6-9cfe-4516-9bfd-5b951468a25c,0.17,false,false,near_mint,en,AUD,2026-09-04T10:31:41.551Z
Velvetwing Butterflies // Gaze in Wonder,HOB,The Hobbit,30,normal,common,4,115180,5cc0f994-5048-4898-926e-b56cbc97e0ca,0.17,false,false,near_mint,en,AUD,2026-09-04T10:32:20.113Z
Vow to Erebor,HOB,The Hobbit,31,normal,common,2,115210,8d4f3eb5-fedf-45d6-8bd8-aacbe0ce33b2,0.19,false,false,near_mint,en,AUD,2026-09-04T10:32:58.917Z
"Bilbo Baggins, Burglar // Take a Glance",HOB,The Hobbit,34,normal,common,2,115057,6a109b3e-9f5b-4625-abb7-6b992c10530b,0.19,false,false,near_mint,en,AUD,2026-09-04T10:33:36.292Z
Confusticate and Bebother,HOB,The Hobbit,35,normal,common,3,115071,9de48690-e5ae-495a-addf-305f1db7ec21,0.28,false,false,near_mint,en,AUD,2026-09-04T10:34:08.058Z
Elvenking's Harper,HOB,The Hobbit,38,normal,common,2,115214,9c50656d-c74a-4e90-9ef7-afa237682516,0.19,false,false,near_mint,en,AUD,2026-09-04T10:34:47.379Z
Enchanted River's Grasp,HOB,The Hobbit,39,normal,common,6,115225,ad40a4b9-9fab-49c1-8e9f-6e0776966833,0.17,false,false,near_mint,en,AUD,2026-09-04T10:35:27.736Z
"Gandalf, Wandering Wizard",HOB,The Hobbit,41,normal,common,2,115043,1f8403a2-849c-4a59-b0ed-c8803995028d,0.17,false,false,near_mint,en,AUD,2026-09-04T10:36:14.601Z
Lakeshore Apothecary,HOB,The Hobbit,43,normal,common,2,115223,abfbb255-a39b-4df5-bfb6-5298584e89f0,0.17,false,false,near_mint,en,AUD,2026-09-04T10:36:45.123Z
Long Lake Nuisance,HOB,The Hobbit,45,normal,common,2,115240,cd5af94d-6321-4834-8e5f-e5d0261b3ef3,0.12,false,false,near_mint,en,AUD,2026-09-04T10:37:11.003Z
Master's Councillors,HOB,The Hobbit,47,normal,uncommon,2,114932,addcefdd-e012-4adf-9052-e60376a8d2d3,0.15,false,false,near_mint,en,AUD,2026-09-04T10:37:40.493Z
Mirkwood Meditator,HOB,The Hobbit,48,normal,common,3,115226,ad7ed4e6-3fe2-40f1-909b-a03b2a3c941a,0.18,false,false,near_mint,en,AUD,2026-09-04T10:38:07.936Z
Plunder the Trollshaws,HOB,The Hobbit,51,normal,common,2,115074,afb73190-b9bd-4744-a011-a37cd9c0148d,0.28,false,false,near_mint,en,AUD,2026-09-04T10:39:22.075Z
Riddles in the Dark,HOB,The Hobbit,53,normal,rare,1,112936,a6129286-7437-4ba4-be55-586a22cd67ca,0.44,false,false,near_mint,en,AUD,2026-09-04T10:39:45.690Z
Roll-Roll-Roll-Roll,HOB,The Hobbit,54,normal,rare,1,115007,a2e4099e-86bd-461f-87fa-7f7850ae7eec,0.44,false,false,near_mint,en,AUD,2026-09-04T10:40:07.807Z
Sound the Trumpets,HOB,The Hobbit,55,normal,uncommon,1,114949,dd32a1dd-3541-4572-a717-1deabc14b827,0.21,false,false,near_mint,en,AUD,2026-09-04T10:40:35.664Z
Thranduil's Decree,HOB,The Hobbit,56,normal,uncommon,4,114950,e4ded4c1-0e3e-47c5-8fdc-e7c187f68b12,0.25,false,false,near_mint,en,AUD,2026-09-04T10:41:09.627Z
Uneasy Partings,HOB,The Hobbit,58,normal,common,2,115250,e49866d4-966a-40f9-b08d-18e5af6d726b,0.12,false,false,near_mint,en,AUD,2026-09-04T10:41:39.130Z
Bilbo's Deadly Slice,HOB,The Hobbit,62,normal,common,1,115137,17892c93-b9b2-4720-933b-998ed0200492,0.18,false,false,near_mint,en,AUD,2026-09-04T10:42:16.455Z
Crude Bent Blade,HOB,The Hobbit,63,normal,common,1,115116,fa8fd3c4-bd00-485d-80b1-2b67f5786fce,0.14,false,false,near_mint,en,AUD,2026-09-04T10:42:42.565Z
"Down, Down to Goblin-town",HOB,The Hobbit,65,normal,uncommon,2,114933,b72e193c-e030-4936-9b79-c636eff750e1,0.3,false,false,near_mint,en,AUD,2026-09-04T10:43:07.843Z
Dreaded Bat-Cloud,HOB,The Hobbit,66,normal,uncommon,1,115186,67d52db5-597e-46d5-af39-c3a2de107d30,0.21,false,false,near_mint,en,AUD,2026-09-04T10:43:31.022Z
Front Porch Sentries,HOB,The Hobbit,67,normal,common,7,115094,07bfc803-e11b-47ab-9f25-0ace7e174200,0.14,false,false,near_mint,en,AUD,2026-09-04T10:44:01.490Z
Great Fierce Bee,HOB,The Hobbit,73,normal,common,4,115215,9d9ef88f-d208-4788-9553-cd672b3be1fe,0.19,false,false,near_mint,en,AUD,2026-09-04T10:44:34.721Z
"Gollum, Silent Slinker // Meager Meal",HOB,The Hobbit,71,normal,common,1,115060,6cfaa182-3fec-4907-8814-b4d29c33cec3,0.11,false,false,near_mint,en,AUD,2026-09-04T10:45:01.211Z
Rage into the Valley,HOB,The Hobbit,79,normal,common,2,115104,8651958c-3b94-47a9-a751-faf8f6236a42,0.19,false,false,near_mint,en,AUD,2026-09-04T10:45:32.429Z
Reverent Howl,HOB,The Hobbit,81,normal,common,3,115136,16765eb2-d497-4cd6-b683-20eac2f10bbf,0.17,false,false,near_mint,en,AUD,2026-09-04T10:46:04.812Z
Stir Up Trouble,HOB,The Hobbit,84,normal,common,2,115266,fd145e3a-c889-4390-accb-863dbcc845ce,0.22,false,false,near_mint,en,AUD,2026-09-04T10:46:33.300Z
"Bombur, Gentle Dreamer",HOB,The Hobbit,88,normal,uncommon,2,115183,63c317e7-432c-4817-8db4-3670a1d84be3,0.25,false,false,near_mint,en,AUD,2026-09-04T10:47:07.131Z
"Dori, Bearer of Friends",HOB,The Hobbit,94,normal,common,1,115087,d2f60ad0-c887-4585-85f8-afcf72fb80d0,0.24,false,false,near_mint,en,AUD,2026-09-04T10:47:37.516Z
Dwarven Mauler,HOB,The Hobbit,95,normal,uncommon,1,114982,bd0f0415-43af-4f5d-8999-853c5d42780d,0.3,false,false,near_mint,en,AUD,2026-09-04T10:48:01.510Z
Goblin-town Flunkies,HOB,The Hobbit,100,normal,common,3,115239,ccff7382-8609-494c-aeee-cd1436456dd0,0.22,false,false,near_mint,en,AUD,2026-09-04T10:49:02.429Z
Gundabad Opportunist,HOB,The Hobbit,101,normal,common,1,115233,bc4a60b8-a5bb-4dbf-8d48-95caf757eac3,0.11,false,false,near_mint,en,AUD,2026-09-04T10:49:28.222Z
Iron Hills Stalwart,HOB,The Hobbit,102,normal,common,2,115172,46daa9ac-0ac7-4df9-b9d2-e03ab5b56c72,0.18,false,false,near_mint,en,AUD,2026-09-04T10:49:53.399Z
Óin the Brave,HOB,The Hobbit,106,normal,common,2,115212,9984b9ef-e81c-48f4-aa33-0504171a2d3c,0.22,false,false,near_mint,en,AUD,2026-09-04T10:50:27.112Z
Pinecone Strike,HOB,The Hobbit,107,normal,common,2,115255,ea174cea-40e5-424e-9734-e39aae6c6b17,0.18,false,false,near_mint,en,AUD,2026-09-04T10:50:52.972Z
Ragged Short Spear,HOB,The Hobbit,108,normal,common,4,115203,7bf81a8b-52ad-49f5-a3d4-22613cad3a3d,0.15,false,false,near_mint,en,AUD,2026-09-04T10:51:19.997Z
"Smaug, the Great Calamity // Spew Flame",HOB,The Hobbit,109,normal,common,3,115167,419ca9e5-8413-4378-a4ef-eda5a1024218,0.25,false,false,near_mint,en,AUD,2026-09-04T10:51:51.918Z
Snowslope Hunter,HOB,The Hobbit,112,normal,uncommon,1,115173,47666099-ffb2-4d07-a801-70524dba0837,0.19,false,false,near_mint,en,AUD,2026-09-04T10:52:28.812Z
Tidings of War,HOB,The Hobbit,115,normal,common,6,115160,38c16a0a-375e-48cb-9720-dbbc08c603ae,0.26,false,false,near_mint,en,AUD,2026-09-04T10:53:00.083Z
Attercop,HOB,The Hobbit,116,normal,common,2,115206,81263d5d-e402-4813-9458-161112da27ab,0.15,false,false,near_mint,en,AUD,2026-09-04T10:53:27.726Z
Bejeweled Warg,HOB,The Hobbit,117,normal,rare,2,115115,e95eba5c-e0d6-46b4-a0be-8e373b2185ea,0.47,false,false,near_mint,en,AUD,2026-09-04T10:53:56.865Z
"Beorn, Reluctant Host // Till and Tend",HOB,The Hobbit,118,normal,common,3,115066,804589b7-3ef9-473d-97cc-c61a2d41f70d,0.22,false,false,near_mint,en,AUD,2026-09-04T10:54:26.551Z
Beorn's Hospitality,HOB,The Hobbit,120,normal,uncommon,1,114968,153ca57e-30f0-4ad7-ae9d-c55cbf0fd4c9,0.33,false,false,near_mint,en,AUD,2026-09-04T10:54:56.057Z
Boughside Wanderers,HOB,The Hobbit,121,normal,common,1,115196,71bec005-2925-4944-be16-2cc5eb30f5d6,0.15,false,false,near_mint,en,AUD,2026-09-04T10:55:22.202Z
Guardian of the Halls,HOB,The Hobbit,127,normal,common,3,115168,4265caec-8c28-44cd-8e6b-90b5af926d3c,0.21,false,false,near_mint,en,AUD,2026-09-04T10:55:57.732Z
Mirkwood Pathmaker,HOB,The Hobbit,129,normal,uncommon,2,114997,50fbedc0-bc66-4ffb-87f6-a2df69995091,0.3,false,false,near_mint,en,AUD,2026-09-04T10:56:24.027Z
Ordinary Bear,HOB,The Hobbit,133,normal,common,4,115040,0feb9817-56e1-465a-851c-b2fe202aa8ae,0.22,false,false,near_mint,en,AUD,2026-09-04T10:56:56.546Z
Quarrel,HOB,The Hobbit,135,normal,common,2,115179,5900a0b4-aa89-4019-94c9-7e9ea3b4792e,0.08,false,false,near_mint,en,AUD,2026-09-04T10:57:25.239Z
Warg Tactics,HOB,The Hobbit,139,normal,common,4,115228,b06d9cee-bb0f-4fe7-ab2a-b55d36461aec,0.22,false,false,near_mint,en,AUD,2026-09-04T10:57:55.196Z
Wargling,HOB,The Hobbit,140,normal,common,1,115141,1ccbf823-846f-4f09-9c67-1deebb5d1d92,0.19,false,false,near_mint,en,AUD,2026-09-04T10:58:25.254Z
Wood Elves,HOB,The Hobbit,142,normal,common,3,112913,2476e42b-b209-4207-8ed9-cb668f89b218,0.26,false,false,near_mint,en,AUD,2026-09-04T10:58:47.905Z
"Bard, King of Dale",HOB,The Hobbit,144,normal,mythic,1,114837,c05c2aa6-29c7-40f8-872e-91099b9225c4,7.73,false,false,near_mint,en,AUD,2026-09-04T10:59:15.580Z
Bard the Bowman,HOB,The Hobbit,145,normal,uncommon,1,114790,0b84e232-428c-424a-848c-ef95debc6e50,0.28,false,false,near_mint,en,AUD,2026-09-04T10:59:35.202Z
"Bifur, Melodic Rider",HOB,The Hobbit,147,normal,uncommon,1,114849,ee88cc80-8fbf-451c-b2b8-09158426c26a,0.24,false,false,near_mint,en,AUD,2026-09-04T10:59:56.603Z
Bolg of the North,HOB,The Hobbit,148,normal,uncommon,1,114818,7b2d2a7f-88e0-45a9-8579-a6736bcd66eb,0.24,false,false,near_mint,en,AUD,2026-09-04T11:00:23.378Z
The Chief Warg,HOB,The Hobbit,150,normal,uncommon,1,114839,c397a298-bf7f-49d7-a26a-206ccf9e8120,0.32,false,false,near_mint,en,AUD,2026-09-04T11:00:43.534Z
Duskwatch Hunter,HOB,The Hobbit,153,normal,common,4,115045,3685c783-d837-4466-a960-ab3098db64c3,0.19,false,false,near_mint,en,AUD,2026-09-04T11:01:14.983Z
Eagle's Rescue,HOB,The Hobbit,155,normal,uncommon,1,115015,12c8f2cc-ac9d-4cf6-9025-efe366b4e07f,0.21,false,false,near_mint,en,AUD,2026-09-04T11:01:46.084Z
Goblin Plate Mail,HOB,The Hobbit,157,normal,common,1,115085,cb982607-da37-4894-91a5-cf6307d4d703,0.17,false,false,near_mint,en,AUD,2026-09-04T11:02:08.168Z
Mirkwood Nurturer,HOB,The Hobbit,160,normal,common,2,115061,704b45e4-566e-40f6-a33a-9151018b44e5,0.22,false,false,near_mint,en,AUD,2026-09-04T11:02:38.607Z
"Nori, Teller of Tales",HOB,The Hobbit,161,normal,common,1,115076,b05adb48-980c-49a0-9ce6-7c7f3f20715d,0.17,false,false,near_mint,en,AUD,2026-09-04T11:03:06.514Z
Patient Instructor,HOB,The Hobbit,162,normal,common,3,115091,e4800508-8bb9-41bb-8712-b55fba7a80a5,0.19,false,false,near_mint,en,AUD,2026-09-04T11:03:28.647Z
The Black Arrow,HOB,The Hobbit,171,normal,uncommon,1,115108,ab181190-d53d-4972-8cd5-8e54b45f2276,0.22,false,false,near_mint,en,AUD,2026-09-04T11:04:10.298Z
Giant's Boulder,HOB,The Hobbit,173,normal,common,1,115241,ce254758-c928-4b43-a952-13fac1845668,0.29,false,false,near_mint,en,AUD,2026-09-04T11:04:36.376Z
"Sting, Bilbo's Sword",HOB,The Hobbit,178,normal,rare,1,114844,d6a8d698-c454-42c4-ad4e-9a7625d5569f,0.6,false,false,near_mint,en,AUD,2026-09-04T11:05:00.987Z
Thrór's Map,HOB,The Hobbit,179,normal,uncommon,2,115032,ad0dba36-d056-4bc1-987a-391da26ad267,0.33,false,false,near_mint,en,AUD,2026-09-04T11:05:23.553Z
Well-Worn Spatula,HOB,The Hobbit,180,normal,common,2,115055,659b687f-4068-496f-81b2-7b606bf07ec1,0.18,false,false,near_mint,en,AUD,2026-09-04T11:05:59.533Z
Elven Passage,HOB,The Hobbit,181,normal,rare,2,115089,dd1fd2ab-2565-4798-a832-fc849df82f74,0.93,false,false,near_mint,en,AUD,2026-09-04T11:06:18.524Z
Goblin-town,HOB,The Hobbit,183,normal,common,3,115088,d76df9d0-56cf-4351-a5e8-e6ae6fc791d1,0.29,false,false,near_mint,en,AUD,2026-09-04T11:06:45.913Z
Hobbit Hole,HOB,The Hobbit,184,normal,common,2,115038,0365c439-30bf-4d32-a791-166751bdb996,0.33,false,false,near_mint,en,AUD,2026-09-04T11:07:09.761Z
Iron Hills,HOB,The Hobbit,185,normal,common,2,115063,78045c43-5cbe-48ff-837d-e7c6baac2937,0.21,false,false,near_mint,en,AUD,2026-09-04T11:07:53.493Z
Lake-town,HOB,The Hobbit,186,normal,common,1,115044,2fbd0584-81a7-4c47-8af1-1c8635899a97,0.17,false,false,near_mint,en,AUD,2026-09-04T11:08:16.474Z
Swamp,HOB,The Hobbit,191,normal,common,1,115046,4031e5e4-e573-4130-8d20-4a606edef0a0,0.18,false,false,near_mint,en,AUD,2026-09-04T11:08:39.489Z
Mountain,HOB,The Hobbit,192,normal,common,1,115080,c49d378e-9549-4320-b3c6-1aeb216d1e98,0.18,false,false,near_mint,en,AUD,2026-09-04T11:08:58.628Z
Thorin Oakenshield,HOB,The Hobbit,202,normal,uncommon,1,114833,b6d8d14d-4713-40ea-9509-81ce68b2184d,0.43,false,false,near_mint,en,AUD,2026-09-04T11:09:26.587Z
Thorin's Last Stand,HOB,The Hobbit,209,normal,common,1,115128,089e8e4b-c367-4d86-a69a-951f7d779aaf,0.22,false,false,near_mint,en,AUD,2026-09-04T11:09:50.416Z
Belladonna Took,HOB,The Hobbit,214,normal,rare,1,114952,0ff767b1-b04d-4d1d-bc91-3bd1361c5ee8,7.6,false,false,near_mint,en,AUD,2026-09-04T11:10:21.287Z
"Bofur, Reliable Guardian // Concerted Care",HOB,The Hobbit,215,normal,uncommon,1,115219,a221baee-6ed1-4f11-b38c-e0be8531e170,0.46,false,false,near_mint,en,AUD,2026-09-04T11:10:44.700Z
Plunder the Trollshaws,HOB,The Hobbit,51,foil,common,1,115074,afb73190-b9bd-4744-a011-a37cd9c0148d,0.36,false,false,near_mint,en,AUD,2026-09-04T11:13:34.573Z
Stony-Voiced Goblins,HOB,The Hobbit,85,foil,common,1,115194,6fcc3699-b475-4612-884d-81bd4f21e9c1,0.39,false,false,near_mint,en,AUD,2026-09-04T11:14:13.516Z
Ragged Short Spear,HOB,The Hobbit,108,foil,common,1,115203,7bf81a8b-52ad-49f5-a3d4-22613cad3a3d,0.43,false,false,near_mint,en,AUD,2026-09-04T11:14:38.529Z
Smaug's Fury,HOB,The Hobbit,111,foil,common,1,115218,a16f203a-785e-4c78-9410-fb9f8a0ffa01,0.35,false,false,near_mint,en,AUD,2026-09-04T11:15:00.130Z
Boughside Wanderers,HOB,The Hobbit,121,foil,common,1,115196,71bec005-2925-4944-be16-2cc5eb30f5d6,0.29,false,false,near_mint,en,AUD,2026-09-04T11:15:31.782Z
Eagle's Rescue,HOB,The Hobbit,155,foil,uncommon,1,115015,12c8f2cc-ac9d-4cf6-9025-efe366b4e07f,0.28,false,false,near_mint,en,AUD,2026-09-04T11:16:29.631Z
Plains,HOB,The Hobbit,194,foil,common,1,112914,24dc369c-020a-4115-a4bb-d60a44de64e3,0.46,false,false,near_mint,en,AUD,2026-09-04T11:17:01.768Z
Borough Backup,MSH,Marvel Super Heroes,7,normal,common,2,113947,bb753ac8-67e1-44b0-b404-37f04c2b7438,0.26,false,false,near_mint,en,AUD,2026-09-04T11:27:28.368Z
Brave Brawler,MSH,Marvel Super Heroes,8,normal,common,1,113587,2242b5c3-42ef-4be0-a61f-65c93e56fcab,0.11,false,false,near_mint,en,AUD,2026-09-04T11:27:48.834Z
Crowd of True Believers,MSH,Marvel Super Heroes,14,normal,common,1,113684,4b2fffb8-d538-4772-8fbc-9bec3b9c4d9c,0.14,false,false,near_mint,en,AUD,2026-09-04T11:28:14.244Z
Murdock's Crusade,MSH,Marvel Super Heroes,24,normal,common,1,113234,98df64ca-39c3-47e6-8143-4106c8e9cf59,0.33,false,false,near_mint,en,AUD,2026-09-04T11:28:48.473Z
Panther Pounce,MSH,Marvel Super Heroes,29,normal,common,2,113654,4122ae40-800d-4b6b-93c9-aa503c33f1a9,0.25,false,false,near_mint,en,AUD,2026-09-04T11:29:15.431Z
"Red Guardian, Super-Soldier",MSH,Marvel Super Heroes,34,normal,uncommon,1,113962,c08f8163-319a-4a31-b15a-93974cacd5b7,0.3,false,false,near_mint,en,AUD,2026-09-04T11:29:43.321Z
S.H.I.E.L.D. Spy Kit,MSH,Marvel Super Heroes,36,normal,common,1,113677,4938e23f-b5da-493b-9904-af61a3733ba0,0.3,false,false,near_mint,en,AUD,2026-09-04T11:30:06.052Z
Take Up the Shield,MSH,Marvel Super Heroes,39,normal,common,1,113700,5199d708-8b11-461d-9e91-3e8cd70906f7,0.36,false,false,near_mint,en,AUD,2026-09-04T11:30:28.997Z
Wakandan Drone Flock,MSH,Marvel Super Heroes,40,normal,common,1,113683,4b12dc1f-2218-4c71-aafa-ea6a26eeb0aa,0.07,false,false,near_mint,en,AUD,2026-09-04T11:30:52.677Z
"White Widow, Free Agent",MSH,Marvel Super Heroes,42,normal,uncommon,1,113368,57da765f-7d87-42ac-9eb0-a49c296fbbf8,0.26,false,false,near_mint,en,AUD,2026-09-04T11:31:12.679Z
Aerial Doombot,MSH,Marvel Super Heroes,43,normal,common,3,114054,e727ec1c-dc3b-4f1a-8a62-18549f118b89,0.24,false,false,near_mint,en,AUD,2026-09-04T11:31:48.187Z
A.I.M. Scientists,MSH,Marvel Super Heroes,44,normal,common,2,113422,ab96b656-100e-491a-a8c9-94dbb9482c4d,0.08,false,false,near_mint,en,AUD,2026-09-04T11:32:10.835Z
Atlantean Cavalry,MSH,Marvel Super Heroes,45,normal,common,1,113546,1319bf54-8705-4cc4-8d08-40f05fd09837,0.12,false,false,near_mint,en,AUD,2026-09-04T11:32:29.322Z
Bold Biochemist,MSH,Marvel Super Heroes,48,normal,common,1,113542,10644127-3da0-484e-9afc-de26d9c34390,0.11,false,false,near_mint,en,AUD,2026-09-04T11:32:51.303Z
"Echo, Perceptive Prodigy",MSH,Marvel Super Heroes,51,normal,uncommon,1,113260,cd9b9be6-0143-467c-8a2a-937ecafe0473,0.33,false,false,near_mint,en,AUD,2026-09-04T11:33:14.049Z
Secret Invasion,MSH,Marvel Super Heroes,72,normal,rare,1,113275,e361b2f4-cd2f-44e9-a56d-c1d6b5ae742d,0.35,false,false,near_mint,en,AUD,2026-09-04T11:33:40.258Z
Super Intelligence,MSH,Marvel Super Heroes,77,normal,uncommon,1,113393,f26613a1-b4ad-4c7f-8dd9-8f82de995f0c,0.43,false,false,near_mint,en,AUD,2026-09-04T11:34:00.691Z
Super Suit,MSH,Marvel Super Heroes,78,normal,common,1,114056,e87f3a26-c2e5-47c7-b19d-bc01cb794805,0.19,false,false,near_mint,en,AUD,2026-09-04T11:34:19.127Z
"Arnim Zola, Bio-Fanatic",MSH,Marvel Super Heroes,86,normal,uncommon,1,113525,07c70df6-b064-424a-852e-201b312a5b54,0.18,false,false,near_mint,en,AUD,2026-09-04T11:34:42.305Z
Dark Deed,MSH,Marvel Super Heroes,93,normal,uncommon,1,113178,49e36cac-3999-40b3-91b3-85af4fded679,0.28,false,false,near_mint,en,AUD,2026-09-04T11:35:03.606Z
Kingpin's Enforcers,MSH,Marvel Super Heroes,102,normal,common,2,113751,64056edb-6de2-4694-b771-f35542c25771,0.12,false,false,near_mint,en,AUD,2026-09-04T11:35:28.433Z
"Klaw, Sonic Subjugator",MSH,Marvel Super Heroes,103,normal,uncommon,1,113980,c79a86f8-24e9-49a2-8b1c-72a72fed1985,0.14,false,false,near_mint,en,AUD,2026-09-04T11:35:50.914Z
Red Room Recruit,MSH,Marvel Super Heroes,110,normal,common,2,114087,f52a5ba3-a618-4f52-9d33-ba85345eb627,0.28,false,false,near_mint,en,AUD,2026-09-04T11:36:14.246Z
"Ronin, Shadow Stalker",MSH,Marvel Super Heroes,112,normal,uncommon,1,113394,f74b9794-946e-4ddc-93b2-5a321fc51fd0,0.22,false,false,near_mint,en,AUD,2026-09-04T11:36:38.111Z
Stolen Stark Tech,MSH,Marvel Super Heroes,114,normal,common,1,114027,db4557ad-4141-4dae-870e-a587506f4914,0.17,false,false,near_mint,en,AUD,2026-09-04T11:37:03.606Z
Visions of Villainy,MSH,Marvel Super Heroes,120,normal,common,2,114092,f8f1e4f9-7415-437f-b694-ecbdd76db114,0.3,false,false,near_mint,en,AUD,2026-09-04T11:37:41.047Z
Widow's Bite,MSH,Marvel Super Heroes,122,normal,common,1,114029,dbee18af-9ade-4251-81a1-f6e7ffbf480f,0.19,false,false,near_mint,en,AUD,2026-09-04T11:38:09.188Z
"Yellowjacket, Heartless Marauder",MSH,Marvel Super Heroes,123,normal,uncommon,1,114021,d8f91212-2ff5-4024-8f14-86bb5c4a9754,0.3,false,false,near_mint,en,AUD,2026-09-04T11:38:31.504Z
"Human Torch, Johnny Storm",MSH,Marvel Super Heroes,136,normal,uncommon,1,113227,8f8659f6-a793-4edc-8401-d9126840c1c2,0.28,false,false,near_mint,en,AUD,2026-09-04T11:38:57.411Z
HYDRA Assault Robot,MSH,Marvel Super Heroes,137,normal,common,1,114044,e3b23fff-7d3b-4341-b556-82136f8c113b,0.22,false,false,near_mint,en,AUD,2026-09-04T11:39:21.854Z
"Iron Fist, Living Weapon",MSH,Marvel Super Heroes,138,normal,uncommon,1,113193,5cc2d948-ac8b-4466-b604-3fabc0ab6bb9,0.18,false,false,near_mint,en,AUD,2026-09-04T11:39:48.662Z
Lightning Strike,MSH,Marvel Super Heroes,142,normal,common,2,113842,88b13bc0-da54-4c3b-917c-7c8345a329f5,0.25,false,false,near_mint,en,AUD,2026-09-04T11:40:24.837Z
Machinesmith Automaton,MSH,Marvel Super Heroes,144,normal,common,1,113819,802e663e-9529-46da-8af4-eb9ca07971b1,0.25,false,false,near_mint,en,AUD,2026-09-04T11:40:37.765Z
"Speed, Young Avenger",MSH,Marvel Super Heroes,152,normal,uncommon,1,114002,d15d187b-dc5d-482d-a79a-b9b98193ad7a,0.22,false,false,near_mint,en,AUD,2026-09-04T11:41:10.864Z
Team Tactics,MSH,Marvel Super Heroes,155,normal,uncommon,2,114026,db1c7a71-3d01-4f2a-9b25-2a19bb0d1a56,0.22,false,false,near_mint,en,AUD,2026-09-04T11:41:30.233Z
Vision of Love,MSH,Marvel Super Heroes,158,normal,common,1,113713,5604cee1-a2ea-48ed-88f4-6878bd053fc8,0.37,false,false,near_mint,en,AUD,2026-09-04T11:41:53.763Z
Call Damage Control,MSH,Marvel Super Heroes,162,normal,common,2,114035,de1ed886-c33b-4cfd-8442-944cec654a8b,0.29,false,false,near_mint,en,AUD,2026-09-04T11:42:18.957Z
"Hulkling, Burgeoning Bruiser",MSH,Marvel Super Heroes,173,normal,uncommon,1,113862,9018477f-a67b-4fa4-8661-11ab91fae863,0.22,false,false,near_mint,en,AUD,2026-09-04T11:42:47.862Z
Pet Avengers,MSH,Marvel Super Heroes,178,normal,common,2,113543,108a0b92-2134-4776-a2f7-da92050f1b21,0.24,false,false,near_mint,en,AUD,2026-09-04T11:43:11.025Z
Punishing Punch,MSH,Marvel Super Heroes,180,normal,uncommon,1,113897,a33a4cb4-1b57-47ca-8e5e-58ff46a6e0ce,0.24,false,false,near_mint,en,AUD,2026-09-04T11:43:35.321Z
Rapid Rescue,MSH,Marvel Super Heroes,181,normal,common,1,114015,d739e636-681e-4423-84e3-91efd02b2c94,0.28,false,false,near_mint,en,AUD,2026-09-04T11:43:54.274Z
"Reptil, Dinomorpher",MSH,Marvel Super Heroes,182,normal,uncommon,1,113332,472db3f2-23df-46c1-86c6-f35fbe5ab4e3,0.17,false,false,near_mint,en,AUD,2026-09-04T11:44:11.297Z
Serpent Specialist,MSH,Marvel Super Heroes,186,normal,common,1,113779,72727c2a-08a9-47bc-a5eb-cda52e21684b,0.26,false,false,near_mint,en,AUD,2026-09-04T11:44:30.934Z
"She-Hulk, Jade Defender",MSH,Marvel Super Heroes,188,normal,uncommon,1,114006,d22a8d02-023c-4f71-a771-16b5aa2a05d7,0.3,false,false,near_mint,en,AUD,2026-09-04T11:44:49.238Z
Super Strength,MSH,Marvel Super Heroes,189,normal,common,1,113574,1d24d200-63d4-44cf-8d3a-6c6ece5e16ff,0.18,false,false,near_mint,en,AUD,2026-09-04T11:45:09.990Z
Undercover Skrull,MSH,Marvel Super Heroes,194,normal,common,1,113863,90b9a3c0-3fd6-403e-9d6c-201342fea0ad,0.19,false,false,near_mint,en,AUD,2026-09-04T11:45:49.180Z
"Black Widow, Double Agent",MSH,Marvel Super Heroes,208,normal,uncommon,1,113241,aa8dbbb9-36a5-48e0-9e30-aeed0fb5d522,0.33,false,false,near_mint,en,AUD,2026-09-04T11:46:21.514Z
"Kang, Temporal Tyrant",MSH,Marvel Super Heroes,217,normal,uncommon,1,113289,fb96ee86-5139-472a-9c4b-8a8a4280fc7e,0.22,false,false,near_mint,en,AUD,2026-09-04T11:46:43.365Z
"Titania, Rugged Rumbler",MSH,Marvel Super Heroes,235,normal,uncommon,1,113426,c281e0ee-155b-4022-b921-ebc391535aad,0.22,false,false,near_mint,en,AUD,2026-09-04T11:47:08.943Z
A.I.M. Synthoids,MSH,Marvel Super Heroes,242,normal,common,1,114080,f29dee50-ea7e-4a54-bc91-99928a8405e3,0.17,false,false,near_mint,en,AUD,2026-09-04T11:47:36.985Z
Dependable Quinjet,MSH,Marvel Super Heroes,246,normal,common,2,113961,c035c625-4de5-4c3b-9d07-aa1df8fc7b78,0.14,false,false,near_mint,en,AUD,2026-09-04T11:48:02.512Z
H.E.R.B.I.E. Scout Unit,MSH,Marvel Super Heroes,247,normal,common,1,113620,3496d0d4-3fab-4ea4-8986-afe5a7155ec6,0.35,false,false,near_mint,en,AUD,2026-09-04T11:48:25.111Z
S.H.I.E.L.D. Helicarrier,MSH,Marvel Super Heroes,249,normal,uncommon,1,113624,364dc091-3161-4cd7-838c-742b9325fc32,0.24,false,false,near_mint,en,AUD,2026-09-04T11:49:15.952Z
Ultron Drone,MSH,Marvel Super Heroes,253,normal,common,1,113549,149a0a3b-c470-414c-a7de-d773b8b4cc82,0.33,false,false,near_mint,en,AUD,2026-09-04T11:49:45.657Z
Hell's Kitchen,MSH,Marvel Super Heroes,268,normal,common,1,113741,6137c34e-cc4c-4342-a8e4-cfa9c767c67b,0.3,false,false,near_mint,en,AUD,2026-09-04T11:50:17.989Z
Los Diablos Missile Base,MSH,Marvel Super Heroes,270,normal,common,2,113586,2123fcb5-8181-47ab-9a2d-7ede5b5118e8,0.28,false,false,near_mint,en,AUD,2026-09-04T11:50:50.223Z
Surveillance Room,MSH,Marvel Super Heroes,274,normal,common,2,113861,8fb51fbb-ab7f-4484-a3c9-dc50cb6f2756,0.37,false,false,near_mint,en,AUD,2026-09-04T11:51:32.627Z
Brave Brawler,MSH,Marvel Super Heroes,8,foil,common,1,113587,2242b5c3-42ef-4be0-a61f-65c93e56fcab,0.26,false,false,near_mint,en,AUD,2026-09-04T11:53:59.431Z
Wakandan Drone Flock,MSH,Marvel Super Heroes,40,foil,common,1,113683,4b12dc1f-2218-4c71-aafa-ea6a26eeb0aa,0.26,false,false,near_mint,en,AUD,2026-09-04T11:54:17.335Z
K'un-Lun Warrior,MSH,Marvel Super Heroes,140,foil,common,1,114053,e6e8359d-12be-49be-8cbe-6a3b8506a9e6,0.22,false,false,near_mint,en,AUD,2026-09-04T11:54:34.027Z
Confiscate,FDN,Foundations,709,foil,uncommon,1,100956,a98a1553-e5f3-4c9c-833d-579e82e1708f,0.11,false,false,near_mint,en,AUD,2026-09-05T11:21:27.525Z
Gatekeeper of Malakir,FDN,Foundations,713,foil,uncommon,1,100306,2cd61c12-f5e2-4698-9080-097679754f16,0.14,false,false,near_mint,en,AUD,2026-09-05T11:21:27.526Z
Pelakka Wurm,FDN,Foundations,720,foil,uncommon,1,101378,fa150070-80b6-453d-b00f-4462175cac79,0.18,false,false,near_mint,en,AUD,2026-09-05T11:21:27.527Z
Sower of Chaos,FDN,Foundations,95,foil,common,1,101556,7ff50606-491c-4946-8d03-719b01cfad77,0.29,false,false,near_mint,en,AUD,2026-09-05T11:21:27.528Z
Temple of Triumph,FDN,Foundations,705,normal,rare,1,101171,d2f58450-838d-4404-a68f-159e82b0e58d,0.15,false,false,near_mint,en,AUD,2026-09-05T11:36:31.794Z
Temple of Silence,FDN,Foundations,704,normal,rare,1,100409,408ad759-052a-4949-9adf-7541cb2ef77e,0.18,false,false,near_mint,en,AUD,2026-09-05T11:36:31.795Z
Temple of Plenty,FDN,Foundations,703,normal,rare,1,100624,69762774-c8e1-42de-90b3-5a4d50f5d84d,0.22,false,false,near_mint,en,AUD,2026-09-05T11:36:31.796Z
Temple of Mystery,FDN,Foundations,702,normal,rare,1,101075,bd581f1d-d8ba-47f9-b10b-b7b6d46239ce,0.18,false,false,near_mint,en,AUD,2026-09-05T11:36:31.797Z
Temple of Enlightenment,FDN,Foundations,698,normal,rare,1,100088,01f23c1a-a0fe-4520-88ed-045aa4044567,0.15,false,false,near_mint,en,AUD,2026-09-05T11:36:31.798Z
Simic Guildgate,FDN,Foundations,695,normal,common,1,100853,96590855-1ee5-4d69-9070-776e23f71976,0.17,false,false,near_mint,en,AUD,2026-09-05T11:36:31.799Z
Rakdos Guildgate,FDN,Foundations,693,normal,common,1,101249,e1f01964-c610-4d0f-a2b4-f52e46dc50d2,0.18,false,false,near_mint,en,AUD,2026-09-05T11:36:31.800Z
Crawling Barrens,FDN,Foundations,685,normal,rare,1,100979,ac2aff0e-1319-4d3b-903c-fa1ce3db7602,0.18,false,false,near_mint,en,AUD,2026-09-05T11:36:31.801Z
Three Tree Mascot,FDN,Foundations,682,normal,common,1,100412,40b8bf3a-1cb5-4ce2-ac25-9410f17130de,0.21,false,false,near_mint,en,AUD,2026-09-05T11:36:31.802Z
Steel Hellkite,FDN,Foundations,681,normal,rare,1,100838,931ad21b-a6bb-4a89-8d6f-80adfcf126c7,0.3,false,false,near_mint,en,AUD,2026-09-05T11:36:31.803Z
Sorcerous Spyglass,FDN,Foundations,679,normal,uncommon,1,100166,0f99356b-eed0-4d92-818b-80754bcb75f3,0.11,false,false,near_mint,en,AUD,2026-09-05T11:36:31.804Z
Mazemind Tome,FDN,Foundations,676,normal,rare,1,101352,f45072cd-e3f2-4090-b984-50ec8d360bf2,0.21,false,false,near_mint,en,AUD,2026-09-05T11:36:31.805Z
Gate Colossus,FDN,Foundations,675,normal,uncommon,1,101068,bc49d9cb-8c7a-4a8f-96ea-bbe6ade8ae00,0.21,false,false,near_mint,en,AUD,2026-09-05T11:36:31.806Z
Cultivator's Caravan,FDN,Foundations,670,normal,rare,1,100265,249aa94c-85ab-4606-aa2c-c902bd83ac21,0.18,false,false,near_mint,en,AUD,2026-09-05T11:36:31.807Z
Wilt-Leaf Liege,FDN,Foundations,668,normal,rare,1,100479,4d383bbf-6bb1-4c2c-899b-65d8df9d0889,0.22,false,false,near_mint,en,AUD,2026-09-05T11:36:31.808Z
Trygon Predator,FDN,Foundations,667,normal,uncommon,1,101144,cdb88a22-8086-4bf7-89e8-cce929440dd8,0.1,false,false,near_mint,en,AUD,2026-09-05T11:36:31.809Z
Teach by Example,FDN,Foundations,666,normal,uncommon,1,100498,516baae5-f7bf-4a90-a80d-192ff19dbae5,0.12,false,false,near_mint,en,AUD,2026-09-05T11:36:31.810Z
Enigma Drake,FDN,Foundations,657,normal,uncommon,1,100173,13ce1338-5a46-4d96-a991-d5fa8d4330ae,0.1,false,false,near_mint,en,AUD,2026-09-05T11:36:31.811Z
Cloudblazer,FDN,Foundations,653,normal,uncommon,1,100959,a9c966ab-0d92-4fa7-8a91-1f77089d8fc7,0.19,false,false,near_mint,en,AUD,2026-09-05T11:36:31.812Z
"Aurelia, the Warleader",FDN,Foundations,651,normal,mythic,1,101070,bc6ffc1c-575b-4116-83c9-d13b29886c35,7.37,false,false,near_mint,en,AUD,2026-09-05T11:36:31.813Z
Venom Connoisseur,FDN,Foundations,648,normal,uncommon,1,100824,90f8d876-3697-4359-9f2b-6053682b556c,0.12,false,false,near_mint,en,AUD,2026-09-05T11:36:31.814Z
"Surrak, the Hunt Caller",FDN,Foundations,647,normal,rare,1,101194,d6a8759d-0dc8-4218-93ac-b1a35088f776,0.15,false,false,near_mint,en,AUD,2026-09-05T11:36:31.815Z
Rampaging Baloths,FDN,Foundations,645,normal,rare,1,101091,c25ee47b-d099-4788-9c2b-73d151bf56fb,0.29,false,false,near_mint,en,AUD,2026-09-05T11:36:31.816Z
Primal Might,FDN,Foundations,643,normal,rare,1,100877,9ae57d6b-15e8-4f2a-97c2-76d801a1a42a,0.25,false,false,near_mint,en,AUD,2026-09-05T11:36:31.817Z
Predator Ooze,FDN,Foundations,642,normal,rare,1,100338,333b3cca-ebbf-4ceb-a6a5-3d49cb2e143a,0.22,false,false,near_mint,en,AUD,2026-09-05T11:36:31.818Z
Gnarlback Rhino,FDN,Foundations,638,normal,uncommon,1,100639,6b638f3d-7eb6-4675-9538-4a87a7f75c43,0.11,false,false,near_mint,en,AUD,2026-09-05T11:36:31.819Z
Fierce Empath,FDN,Foundations,636,normal,common,1,100290,28a1dd7f-2e42-4062-a941-b489b98a49fc,0.19,false,false,near_mint,en,AUD,2026-09-05T11:36:31.820Z
Ravenous Giant,FDN,Foundations,630,normal,uncommon,1,100108,050b70c4-9086-4db4-8e65-f9bb5f67cf1b,0.11,false,false,near_mint,en,AUD,2026-09-05T11:36:31.821Z
Mindsparker,FDN,Foundations,628,normal,uncommon,1,100469,4c8b3e58-be07-451e-a5c7-61c70cc3a5a2,0.11,false,false,near_mint,en,AUD,2026-09-05T11:36:31.822Z
Hoarding Dragon,FDN,Foundations,626,normal,uncommon,1,101101,c3a35b3b-0c92-4b40-8210-86a5b5f275eb,0.19,false,false,near_mint,en,AUD,2026-09-05T11:36:31.823Z
Giant Cindermaw,FDN,Foundations,624,normal,uncommon,1,101190,d65f5298-0e57-49cf-aaf5-2bb16f3e636c,0.14,false,false,near_mint,en,AUD,2026-09-05T11:36:31.824Z
Tribute to Hunger,FDN,Foundations,614,normal,uncommon,1,100170,11f1b897-bb7d-4217-97a7-c89f2453c8fa,0.12,false,false,near_mint,en,AUD,2026-09-05T11:36:31.825Z
Sanguine Indulgence,FDN,Foundations,613,normal,common,1,100099,03a26ca7-b26f-4b86-a060-712f15f4bf7f,0.22,false,false,near_mint,en,AUD,2026-09-05T11:36:31.826Z
Knight of Malice,FDN,Foundations,608,normal,uncommon,1,101061,bb678e10-e5a4-4143-8e49-7b523118674e,0.15,false,false,near_mint,en,AUD,2026-09-05T11:36:31.827Z
Driver of the Dead,FDN,Foundations,605,normal,common,1,100431,4443696a-0b9a-4081-91aa-800b5c4065d2,0.1,false,false,near_mint,en,AUD,2026-09-05T11:36:31.828Z
Voracious Greatshark,FDN,Foundations,600,normal,rare,1,101095,c27b40dd-9b2a-4a99-a984-ee9cfdb091a1,0.17,false,false,near_mint,en,AUD,2026-09-05T11:36:31.829Z
Shipwreck Dowser,FDN,Foundations,596,normal,uncommon,1,100230,1f20fe3d-792a-4030-a25c-e81b48b2bcb4,0.19,false,false,near_mint,en,AUD,2026-09-05T11:36:31.830Z
Harbinger of the Tides,FDN,Foundations,593,normal,rare,1,100888,9ca4f70d-ec17-49a4-8968-598ecdbe8243,0.21,false,false,near_mint,en,AUD,2026-09-05T11:36:31.831Z
Gateway Sneak,FDN,Foundations,592,normal,uncommon,1,100366,3834176f-29c5-4511-87d6-75d0c348a770,0.12,false,false,near_mint,en,AUD,2026-09-05T11:36:31.832Z
Valorous Stance,FDN,Foundations,583,normal,uncommon,1,101069,bc4c47e3-04b6-4760-9a80-b6acef1e4524,0.17,false,false,near_mint,en,AUD,2026-09-05T11:36:31.833Z
"Syr Alin, the Lion's Claw",FDN,Foundations,582,normal,uncommon,1,100556,5d42be5f-a6a7-4699-abf7-9632de6daede,0.15,false,false,near_mint,en,AUD,2026-09-05T11:36:31.834Z
Stasis Snare,FDN,Foundations,581,normal,uncommon,1,101147,ce41e348-44c2-47f8-8e7d-da2e4d16d648,0.12,false,false,near_mint,en,AUD,2026-09-05T11:36:31.835Z
Knight of Grace,FDN,Foundations,576,normal,uncommon,1,100487,4efb8633-0a70-4ddc-80af-42508ec75cff,0.21,false,false,near_mint,en,AUD,2026-09-05T11:36:31.836Z
Devout Decree,FDN,Foundations,571,normal,uncommon,1,101162,d174cb01-b1cf-444c-a893-cc61ddf88b8c,0.22,false,false,near_mint,en,AUD,2026-09-05T11:36:31.837Z
Dawnwing Marshal,FDN,Foundations,570,normal,uncommon,1,100741,807db84f-addb-4ef0-b9ba-32b3e1bced3d,0.15,false,false,near_mint,en,AUD,2026-09-05T11:36:31.838Z
Crusader of Odric,FDN,Foundations,569,normal,common,1,100079,009029c2-26b9-498f-8765-e91c2e1f3aee,0.21,false,false,near_mint,en,AUD,2026-09-05T11:36:31.839Z
Archway Angel,FDN,Foundations,566,normal,uncommon,1,100305,2c3ff489-bdd7-4aeb-8130-3c234d0dd3dd,0.24,false,false,near_mint,en,AUD,2026-09-05T11:36:31.840Z
Pirate's Cutlass,FDN,Foundations,563,normal,common,1,101209,d9d20aef-d35b-4353-a241-e6cfa9730975,0.19,false,false,near_mint,en,AUD,2026-09-05T11:36:31.851Z
Goblin Firebomb,FDN,Foundations,562,normal,common,1,101515,55ab3f99-9541-4100-818c-5d9e916791e4,0.18,false,false,near_mint,en,AUD,2026-09-05T11:36:31.852Z
Wildheart Invoker,FDN,Foundations,561,normal,common,1,100581,60f42969-bb5c-4183-8bd3-ba87f008391d,0.18,false,false,near_mint,en,AUD,2026-09-05T11:36:31.853Z
Magnigoth Sentry,FDN,Foundations,556,normal,common,1,101517,5624e610-c4c0-4103-a32b-0f1264030a7a,0.14,false,false,near_mint,en,AUD,2026-09-05T11:36:31.856Z
Joraga Invocation,FDN,Foundations,555,normal,uncommon,1,100087,01ceca57-65f4-4f99-bd14-9fe5f86c1f62,0.17,false,false,near_mint,en,AUD,2026-09-05T11:36:31.857Z
Druid of the Cowl,FDN,Foundations,554,normal,common,1,101606,db2d0ee9-865c-4fc9-8cb6-540c597e1bf4,0.4,false,false,near_mint,en,AUD,2026-09-05T11:36:31.858Z
Biogenic Upgrade,FDN,Foundations,553,normal,uncommon,1,101618,ef20af5e-1ffe-426a-805a-ca4a6a122260,0.25,false,false,near_mint,en,AUD,2026-09-05T11:36:31.859Z
Swab Goblin,FDN,Foundations,548,normal,common,1,101565,8db11970-74c2-463d-88bb-9f88aa079eaa,0.14,false,false,near_mint,en,AUD,2026-09-05T11:36:31.860Z
Skyraker Giant,FDN,Foundations,547,normal,common,1,101526,5e3fbafb-e915-43eb-8a68-245840ba73ff,0.14,false,false,near_mint,en,AUD,2026-09-05T11:36:31.861Z
Rapacious Dragon,FDN,Foundations,544,normal,common,1,101527,5eaddac1-d8ca-4949-8140-c9193e3df921,0.25,false,false,near_mint,en,AUD,2026-09-05T11:36:31.862Z
Raging Redcap,FDN,Foundations,543,normal,common,1,101569,9627b0a7-bda9-44df-81c9-aa70cc976331,0.15,false,false,near_mint,en,AUD,2026-09-05T11:36:31.863Z
Kindled Fury,FDN,Foundations,542,normal,common,1,101580,af158462-91e3-4ad7-b435-95d4eb32fe0a,0.17,false,false,near_mint,en,AUD,2026-09-05T11:36:31.864Z
Kargan Dragonrider,FDN,Foundations,541,normal,common,1,101543,701aef07-4291-4dfd-b9b2-bfc26745341c,0.22,false,false,near_mint,en,AUD,2026-09-05T11:36:31.865Z
Goblin Smuggler,FDN,Foundations,540,normal,common,1,101518,5837ccf1-9bac-4afb-bcc9-82c5f3c0e8e2,0.17,false,false,near_mint,en,AUD,2026-09-05T11:36:31.866Z
Fire Elemental,FDN,Foundations,538,normal,common,1,101607,dc506f58-048d-49cc-ad8c-2eb851b08bb6,0.11,false,false,near_mint,en,AUD,2026-09-05T11:36:31.867Z
Battle-Rattle Shaman,FDN,Foundations,533,normal,uncommon,1,101632,fee05f7e-d4da-4a72-8140-d505eecbdd32,0.11,false,false,near_mint,en,AUD,2026-09-05T11:36:31.868Z
Vampire Spawn,FDN,Foundations,532,normal,common,1,97187,b6fc8d2e-ad63-498d-83b6-5f72b5ae0e67,0.17,false,false,near_mint,en,AUD,2026-09-05T11:36:31.869Z
Vampire Interloper,FDN,Foundations,530,normal,common,1,97179,65455d94-487c-4104-a1a0-149515a90eaa,0.21,false,false,near_mint,en,AUD,2026-09-05T11:36:31.870Z
Untamed Hunger,FDN,Foundations,529,normal,common,1,97168,05937911-897b-4638-9536-2e463884f453,0.12,false,false,near_mint,en,AUD,2026-09-05T11:36:31.871Z
Skeleton Archer,FDN,Foundations,526,normal,common,1,100708,7a959048-0d8a-41bb-8a33-52264e525085,0.14,false,false,near_mint,en,AUD,2026-09-05T11:36:31.874Z
Offer Immortality,FDN,Foundations,525,normal,common,1,97180,6d5802ed-507d-4a52-90e3-d989cd61961b,0.29,false,false,near_mint,en,AUD,2026-09-05T11:36:31.875Z
Maalfeld Twins,FDN,Foundations,523,normal,uncommon,1,101087,c166df8f-9508-427a-8ec7-bc8541b6ed88,0.14,false,false,near_mint,en,AUD,2026-09-05T11:36:31.878Z
Highborn Vampire,FDN,Foundations,522,normal,common,1,97177,53c56a23-eb4f-4be1-ada9-1ad5b80195d3,0.14,false,false,near_mint,en,AUD,2026-09-05T11:36:31.879Z
Crow of Dark Tidings,FDN,Foundations,519,normal,common,1,100307,2cd74e93-064a-42d7-8e6e-c413912a08cd,0.3,false,false,near_mint,en,AUD,2026-09-05T11:36:31.880Z
Bloodtithe Collector,FDN,Foundations,516,normal,uncommon,1,97193,ff16d951-dd85-4d22-9505-ce6e2eaf47cf,0.12,false,false,near_mint,en,AUD,2026-09-05T11:36:31.881Z
Starlight Snare,FDN,Foundations,514,normal,common,1,101549,74fb19b2-4f6c-4cbd-8756-a7eb5c7c9ef6,0.18,false,false,near_mint,en,AUD,2026-09-05T11:36:31.882Z
Quick Study,FDN,Foundations,513,normal,common,1,101473,098c86fd-5a38-41fd-be44-ab963448f2a2,0.46,false,false,near_mint,en,AUD,2026-09-05T11:36:31.883Z
Mystic Archaeologist,FDN,Foundations,511,normal,rare,1,101586,c069ff32-6759-48a2-8674-4f729c91dcd0,0.24,false,false,near_mint,en,AUD,2026-09-05T11:36:31.884Z
Kitesail Corsair,FDN,Foundations,510,normal,common,1,101125,c82d7c6d-523c-46c9-a189-44c0bd8386d1,0.12,false,false,near_mint,en,AUD,2026-09-05T11:36:31.885Z
Exclusion Mage,FDN,Foundations,508,normal,uncommon,1,101531,62c8024e-490a-484a-bcee-da7728a64a1f,0.3,false,false,near_mint,en,AUD,2026-09-05T11:36:31.888Z
Corsair Captain,FDN,Foundations,506,normal,rare,1,101181,d5017dbc-07fd-45ea-9629-7c584144e8be,0.33,false,false,near_mint,en,AUD,2026-09-05T11:36:31.889Z
Cancel,FDN,Foundations,505,normal,common,1,100443,475bff39-220a-4490-9c2e-d311e306a6db,0.37,false,false,near_mint,en,AUD,2026-09-05T11:36:31.890Z
Burrog Befuddler,FDN,Foundations,504,normal,common,1,101589,c5f11ea2-cd4c-417a-804c-3df80d9ddd5f,0.22,false,false,near_mint,en,AUD,2026-09-05T11:36:31.891Z
Prayer of Binding,FDN,Foundations,502,normal,uncommon,1,101573,a30b42c4-90d8-462d-aca5-891906992ab8,0.4,false,false,near_mint,en,AUD,2026-09-05T11:36:31.892Z
Moment of Triumph,FDN,Foundations,500,normal,common,1,97183,911deea0-38d2-41d9-a2ae-fb8eb45b2c23,0.3,false,false,near_mint,en,AUD,2026-09-05T11:36:31.893Z
Herald of Faith,FDN,Foundations,494,normal,uncommon,1,101514,5579f35b-b3d2-4342-a52b-ae36b579d044,0.26,false,false,near_mint,en,AUD,2026-09-05T11:36:31.894Z
Bishop's Soldier,FDN,Foundations,491,normal,common,1,101478,16dfd7b3-6d01-4e98-aec3-b27e8e2444e8,0.19,false,false,near_mint,en,AUD,2026-09-05T11:36:31.895Z
Uncharted Haven,FDN,Foundations,564,normal,common,10,97170,172cd5b7-98fc-4add-b858-a0b3dfb75c19,0.11,false,false,near_mint,en,AUD,2026-09-05T11:36:31.841Z
Thornweald Archer,FDN,Foundations,559,normal,common,2,100193,189f6199-f2fe-49a5-89ca-3c4cb39fbf2b,0.15,false,false,near_mint,en,AUD,2026-09-05T11:36:31.854Z
Suspicious Shambler,FDN,Foundations,527,normal,common,2,100393,3d2c5345-eb55-4bca-9183-b4e1404405f8,0.1,false,false,near_mint,en,AUD,2026-09-05T11:36:31.872Z
Moment of Craving,FDN,Foundations,524,normal,common,2,97174,3627f9fb-b828-49cd-887d-e2ab3ef43dfb,0.18,false,false,near_mint,en,AUD,2026-09-05T11:36:31.876Z
Into the Roil,FDN,Foundations,509,normal,common,2,101486,25edefa9-9fff-4b71-83ae-696c196a795c,0.11,false,false,near_mint,en,AUD,2026-09-05T11:36:31.886Z
Wind-Scarred Crag,FDN,Foundations,271,normal,common,2,100684,759e99df-11a8-4aee-b6bc-344e84e10d94,0.4,false,false,near_mint,en,AUD,2026-09-05T11:36:31.896Z
Tranquil Cove,FDN,Foundations,270,normal,common,2,100719,7c9cabca-5bcc-4b97-b2ac-a345ad3ee43c,0.39,false,false,near_mint,en,AUD,2026-09-05T11:36:31.898Z
Thornwood Falls,FDN,Foundations,269,normal,common,3,100424,42799f51-0f8c-444b-974e-dae281a5c697,0.3,false,false,near_mint,en,AUD,2026-09-05T11:36:31.900Z
Swiftwater Cliffs,FDN,Foundations,268,normal,common,2,101389,fb88667d-7088-4889-960f-317486ebe856,0.3,false,false,near_mint,en,AUD,2026-09-05T11:36:31.903Z
Scoured Barrens,FDN,Foundations,266,normal,common,2,100277,2632a4b2-9ca6-4b67-9a99-14f52ad3dc41,0.36,false,false,near_mint,en,AUD,2026-09-05T11:36:31.905Z
Rugged Highlands,FDN,Foundations,265,normal,common,2,101400,fd6eaf8e-8881-4d7b-bafc-75e4ca5cbef6,0.35,false,false,near_mint,en,AUD,2026-09-05T11:36:31.907Z
Jungle Hollow,FDN,Foundations,263,normal,common,2,101224,dc758e14-d370-45e4-bbc5-938fb4d21127,0.3,false,false,near_mint,en,AUD,2026-09-05T11:36:31.909Z
Evolving Wilds,FDN,Foundations,262,normal,common,3,100376,3a0b9356-5b91-4542-8802-f0f7275238e1,0.36,false,false,near_mint,en,AUD,2026-09-05T11:36:31.911Z
Dismal Backwater,FDN,Foundations,261,normal,common,2,101220,dbb0df36-8467-4a41-8e1c-6c3584d4fd10,0.33,false,false,near_mint,en,AUD,2026-09-05T11:36:31.914Z
Blossoming Sands,FDN,Foundations,260,normal,common,2,100364,37676ed8-588c-4bca-8065-874b74d84807,0.44,false,false,near_mint,en,AUD,2026-09-05T11:36:31.916Z
Bloodfell Caves,FDN,Foundations,259,normal,common,2,100806,8b90dc92-cb66-41d9-89f9-2b6e3cfc8082,0.37,false,false,near_mint,en,AUD,2026-09-05T11:36:31.918Z
Gleaming Barrier,FDN,Foundations,252,normal,common,1,101479,1b49b009-e6f2-494a-9235-f5c25c2d70a9,0.39,false,false,near_mint,en,AUD,2026-09-05T11:48:06.535Z
Burnished Hart,FDN,Foundations,250,normal,uncommon,1,100609,65ebbff0-fbe6-4310-a33f-e00bb2534979,0.39,false,false,near_mint,en,AUD,2026-09-05T11:48:06.536Z
"Tatyova, Benthic Druid",FDN,Foundations,247,normal,uncommon,1,101301,eabc978a-0666-472d-bdc6-d4b29d29eca4,0.37,false,false,near_mint,en,AUD,2026-09-05T11:48:06.537Z
"Ruby, Daring Tracker",FDN,Foundations,245,normal,uncommon,1,101405,fe3e7dd2-b66d-4218-9fde-f84bec26b7bf,0.37,false,false,near_mint,en,AUD,2026-09-05T11:48:06.538Z
Heroic Reinforcements,FDN,Foundations,241,normal,uncommon,1,100631,6a05e8d5-c2ad-489a-888d-22622886b620,0.25,false,false,near_mint,en,AUD,2026-09-05T11:48:06.539Z
Mild-Mannered Librarian,FDN,Foundations,228,normal,uncommon,1,100515,5389663a-fe25-41b9-8c92-1f4d7721ffc2,0.14,false,false,near_mint,en,AUD,2026-09-05T11:48:06.544Z
Grow from the Ashes,FDN,Foundations,225,normal,common,1,101502,42525f8a-aee7-4811-8f05-471b559c2c4a,0.28,false,false,near_mint,en,AUD,2026-09-05T11:48:06.545Z
Thrill of Possibility,FDN,Foundations,210,normal,common,1,101561,882b348c-076b-41d8-b505-063480636669,0.39,false,false,near_mint,en,AUD,2026-09-05T11:48:06.555Z
Seismic Rupture,FDN,Foundations,205,normal,uncommon,1,100268,2519a51a-26a0-4884-9ba8-9db135c9ee49,0.18,false,false,near_mint,en,AUD,2026-09-05T11:48:06.556Z
Hidetsugu's Second Rite,FDN,Foundations,202,normal,uncommon,1,100577,609421da-8d89-4365-b18b-778832d91482,0.19,false,false,near_mint,en,AUD,2026-09-05T11:48:06.557Z
Frenzied Goblin,FDN,Foundations,199,normal,uncommon,1,101602,d5592573-2889-40b1-b1d5-c2802482549a,0.3,false,false,near_mint,en,AUD,2026-09-05T11:48:06.560Z
Burst Lightning,FDN,Foundations,192,normal,common,1,100994,aec5d380-d354-4750-931a-6c91853e2edc,0.37,false,false,near_mint,en,AUD,2026-09-05T11:48:06.561Z
Zombify,FDN,Foundations,187,normal,uncommon,1,101225,dc798e6f-13c4-457c-b052-b7b65bc83cfe,0.33,false,false,near_mint,en,AUD,2026-09-05T11:48:06.562Z
Macabre Waltz,FDN,Foundations,177,normal,common,1,101509,4d1f3c84-89ba-4426-a80b-d524f172c912,0.3,false,false,near_mint,en,AUD,2026-09-05T11:48:06.565Z
Eaten Alive,FDN,Foundations,172,normal,common,1,100216,1c4f7b20-b2a8-498c-8c36-dc296863b0b9,0.32,false,false,near_mint,en,AUD,2026-09-05T11:48:06.569Z
Diregraf Ghoul,FDN,Foundations,171,normal,uncommon,1,100439,4682012c-d7e0-4257-b538-3de497507464,0.28,false,false,near_mint,en,AUD,2026-09-05T11:48:06.570Z
Witness Protection,FDN,Foundations,168,normal,common,1,101621,f231e981-0069-43ce-ac1c-c85ced613e93,0.4,false,false,near_mint,en,AUD,2026-09-05T11:48:06.571Z
Tolarian Terror,FDN,Foundations,167,normal,common,1,100270,2569d4f3-55ed-4f99-9592-34c7df0aab72,0.29,false,false,near_mint,en,AUD,2026-09-05T11:48:06.572Z
Mocking Sprite,FDN,Foundations,159,normal,common,1,101624,f6792f63-b651-497d-8aa5-cddf4cedeca8,0.22,false,false,near_mint,en,AUD,2026-09-05T11:48:06.579Z
Micromancer,FDN,Foundations,158,normal,uncommon,1,101274,e6af54ea-b57a-4e50-8e46-1747cca14430,0.24,false,false,near_mint,en,AUD,2026-09-05T11:48:06.580Z
Lightshell Duo,FDN,Foundations,157,normal,common,1,101063,bb75315c-ea8f-4eb0-899e-c73ef75fc396,0.35,false,false,near_mint,en,AUD,2026-09-05T11:48:06.581Z
Fleeting Distraction,FDN,Foundations,155,normal,common,1,101587,c0b86a7b-4912-43a7-ab89-c3432385baa1,0.29,false,false,near_mint,en,AUD,2026-09-05T11:48:06.582Z
Essence Scatter,FDN,Foundations,153,normal,uncommon,1,101226,dd05c850-f91e-4ffb-b4cc-8418d49dad90,0.3,false,false,near_mint,en,AUD,2026-09-05T11:48:06.583Z
Resolute Reinforcements,FDN,Foundations,145,normal,uncommon,1,100841,940f3989-77cc-49a9-92e0-095a75d80f0f,0.35,false,false,near_mint,en,AUD,2026-09-05T11:48:06.589Z
Cathar Commando,FDN,Foundations,139,normal,common,1,100204,19cf024d-edb6-4a79-8676-73f8db0cdf1f,0.37,false,false,near_mint,en,AUD,2026-09-05T11:48:06.590Z
Angel of Finality,FDN,Foundations,136,normal,uncommon,1,101057,baaabd52-3aa9-4e2f-9369-d4db8b405ba8,0.39,false,false,near_mint,en,AUD,2026-09-05T11:48:06.591Z
Ajani's Pridemate,FDN,Foundations,135,normal,uncommon,1,100255,222c1a68-e34c-4103-b1be-17d4ceaef6ce,0.37,false,false,near_mint,en,AUD,2026-09-05T11:48:06.592Z
Ravenous Amulet,FDN,Foundations,131,normal,uncommon,1,100744,80cadee5-6f26-4440-ad31-a8e573a90436,0.25,false,false,near_mint,en,AUD,2026-09-05T11:48:06.593Z
Quick-Draw Katana,FDN,Foundations,130,normal,common,1,101540,69beec98-c89c-4673-953c-8b3ef3d81560,0.22,false,false,near_mint,en,AUD,2026-09-05T11:48:06.594Z
Wardens of the Cycle,FDN,Foundations,125,normal,uncommon,1,100761,83ea9b2c-5723-4eff-88ac-6669975939e3,0.28,false,false,near_mint,en,AUD,2026-09-05T11:48:06.595Z
Perforating Artist,FDN,Foundations,124,normal,uncommon,1,100674,72980409-53f0-43c1-965e-06f22e7bb608,0.32,false,false,near_mint,en,AUD,2026-09-05T11:48:06.596Z
Fiendish Panda,FDN,Foundations,120,normal,uncommon,1,100483,4e434d74-cad0-45f5-bc8d-f34aa5e1d879,0.29,false,false,near_mint,en,AUD,2026-09-05T11:48:06.597Z
Dreadwing Scavenger,FDN,Foundations,118,normal,uncommon,1,101252,e24d838b-ab48-410a-9a50-dbfea5da089b,0.25,false,false,near_mint,en,AUD,2026-09-05T11:48:06.598Z
Felling Blow,FDN,Foundations,105,normal,uncommon,1,100854,96948ae3-b15d-4d6d-aa73-9f52084cd903,0.24,false,false,near_mint,en,AUD,2026-09-05T11:48:06.599Z
Elfsworn Giant,FDN,Foundations,103,normal,common,1,100497,5128a5be-ffa6-4998-8488-872d80b24cb2,0.29,false,false,near_mint,en,AUD,2026-09-05T11:48:06.602Z
Eager Trufflesnout,FDN,Foundations,102,normal,uncommon,1,100940,a6e8433d-eb2a-43d1-b59b-7d70ff97c8e7,0.3,false,false,near_mint,en,AUD,2026-09-05T11:48:06.603Z
Cackling Prowler,FDN,Foundations,101,normal,common,1,101481,1bd8e971-c075-4203-8d83-c28f22d4f9b9,0.15,false,false,near_mint,en,AUD,2026-09-05T11:48:06.604Z
Beast-Kin Ranger,FDN,Foundations,100,normal,common,1,100082,0102e0be-5783-4825-9489-713b1b1df0b2,0.12,false,false,near_mint,en,AUD,2026-09-05T11:48:06.605Z
Ambush Wolf,FDN,Foundations,98,normal,common,1,101492,2903832c-318e-42ab-bf58-c682ec2f7afd,0.28,false,false,near_mint,en,AUD,2026-09-05T11:48:06.606Z
Strongbox Raider,FDN,Foundations,96,normal,uncommon,1,101006,b2223eb8-59f9-489b-a3f3-b6496218cb79,0.17,false,false,near_mint,en,AUD,2026-09-05T11:48:06.607Z
Incinerating Blast,FDN,Foundations,90,normal,common,1,101603,d58e20ab-c5ca-4295-884d-78efdaa83243,0.08,false,false,near_mint,en,AUD,2026-09-05T11:48:06.608Z
Goblin Negotiation,FDN,Foundations,88,normal,uncommon,1,101335,f2016585-e26c-4d13-b09f-af6383c192f7,0.33,false,false,near_mint,en,AUD,2026-09-05T11:48:06.609Z
Goblin Boarders,FDN,Foundations,87,normal,common,1,101506,4409a063-bf2a-4a49-803e-3ce6bd474353,0.26,false,false,near_mint,en,AUD,2026-09-05T11:48:06.610Z
Fiery Annihilation,FDN,Foundations,86,normal,uncommon,1,100523,54fe00aa-d284-48f9-b5a2-1bd4c5fa8e58,0.32,false,false,near_mint,en,AUD,2026-09-05T11:48:06.611Z
Courageous Goblin,FDN,Foundations,82,normal,common,1,101566,8db6819c-666a-409d-85a5-b9ac34d8dd2f,0.14,false,false,near_mint,en,AUD,2026-09-05T11:48:06.614Z
Vampire Soulcaller,FDN,Foundations,75,normal,common,1,101495,2d076293-3b45-4878-8f67-978927cc1f68,0.25,false,false,near_mint,en,AUD,2026-09-05T11:48:06.615Z
Tragic Banshee,FDN,Foundations,73,normal,uncommon,1,100324,30df3e33-2f17-4067-99f1-5db6b0f41fd4,0.25,false,false,near_mint,en,AUD,2026-09-05T11:48:06.616Z
Seeker's Folly,FDN,Foundations,69,normal,uncommon,1,101067,bc359da6-8b7f-45ec-b530-ce159fc35953,0.17,false,false,near_mint,en,AUD,2026-09-05T11:48:06.617Z
Sanguine Syphoner,FDN,Foundations,68,normal,common,1,101582,b1daf5bb-c8e9-4e79-a532-ca92a9a885cd,0.29,false,false,near_mint,en,AUD,2026-09-05T11:48:06.618Z
Midnight Snack,FDN,Foundations,65,normal,uncommon,1,101129,c9b7543f-2a45-4db6-b560-d15507a58c91,0.39,false,false,near_mint,en,AUD,2026-09-05T11:48:06.619Z
Infernal Vessel,FDN,Foundations,63,normal,uncommon,1,101560,877b6330-2d0b-4f2f-a848-f10b06fb4ef5,0.26,false,false,near_mint,en,AUD,2026-09-05T11:48:06.623Z
Hungry Ghoul,FDN,Foundations,62,normal,common,1,100701,790f9433-7565-4f7f-88e8-8af762ea0296,0.15,false,false,near_mint,en,AUD,2026-09-05T11:48:06.624Z
Arbiter of Woe,FDN,Foundations,55,normal,uncommon,1,101008,b2496c4a-df03-4583-bd76-f98ed5cb61ee,0.28,false,false,near_mint,en,AUD,2026-09-05T11:48:06.625Z
Strix Lookout,FDN,Foundations,52,normal,common,1,101627,fbd2422e-8e84-4c39-af29-3b4d38baee63,0.15,false,false,near_mint,en,AUD,2026-09-05T11:48:06.626Z
Skyship Buccaneer,FDN,Foundations,50,normal,uncommon,1,100587,62958fc3-55dc-4b97-a070-490d6ed27820,0.15,false,false,near_mint,en,AUD,2026-09-05T11:48:06.627Z
Icewind Elemental,FDN,Foundations,42,normal,common,1,101629,fd0eba76-3829-408b-828f-0b223c884728,0.22,false,false,near_mint,en,AUD,2026-09-05T11:48:06.628Z
Faebloom Trick,FDN,Foundations,38,normal,uncommon,1,100148,0c3bee8f-f5be-4404-a696-c902637799c3,0.37,false,false,near_mint,en,AUD,2026-09-05T11:48:06.629Z
Erudite Wizard,FDN,Foundations,37,normal,common,1,100835,9273c417-0fcd-4273-b24e-afff76336d0c,0.17,false,false,near_mint,en,AUD,2026-09-05T11:48:06.630Z
Bigfin Bouncer,FDN,Foundations,31,normal,common,1,100882,9b1d5b76-b07e-45c6-800d-4cfce085164f,0.24,false,false,near_mint,en,AUD,2026-09-05T11:48:06.633Z
Arcane Epiphany,FDN,Foundations,29,normal,uncommon,1,100116,06431793-5dfe-4cbf-990b-4bcc960d1f31,0.29,false,false,near_mint,en,AUD,2026-09-05T11:48:06.634Z
Vanguard Seraph,FDN,Foundations,28,normal,common,1,101503,4329c861-fc16-4a96-9c03-25af6ac2adc8,0.26,false,false,near_mint,en,AUD,2026-09-05T11:48:06.635Z
Prideful Parent,FDN,Foundations,21,normal,common,1,97188,b742117a-8a72-43b9-b05d-274829d138a2,0.25,false,false,near_mint,en,AUD,2026-09-05T11:48:06.636Z
Joust Through,FDN,Foundations,19,normal,uncommon,1,100767,846adb38-f9bb-4fed-b8ed-36ec7885f989,0.28,false,false,near_mint,en,AUD,2026-09-05T11:48:06.637Z
Inspiring Paladin,FDN,Foundations,18,normal,common,1,101472,0763be06-25b2-4d6b-ab33-a1af85aeb443,0.28,false,false,near_mint,en,AUD,2026-09-05T11:48:06.638Z
Felidar Savior,FDN,Foundations,12,normal,common,1,97191,cd092b14-d72f-4de0-8f19-1338661b9e3b,0.21,false,false,near_mint,en,AUD,2026-09-05T11:48:06.639Z
Armasaur Guide,FDN,Foundations,3,normal,common,1,101591,c80fc380-0499-4499-8a60-c43844c02c9b,0.24,false,false,near_mint,en,AUD,2026-09-05T11:48:06.640Z
"Arahbo, the First Fang",FDN,Foundations,2,normal,rare,1,100503,524a5d93-26ed-436d-a437-dc9460acce98,1.76,false,false,near_mint,en,AUD,2026-09-05T11:48:06.641Z
Meteor Golem,FDN,Foundations,256,normal,uncommon,2,101167,d291ea1e-36bc-46b3-b3ae-084fa0ba69eb,0.39,false,false,near_mint,en,AUD,2026-09-05T11:48:06.533Z
Empyrean Eagle,FDN,Foundations,239,normal,uncommon,2,100533,577e99a7-4a55-4314-8f08-2ae0c33b85c7,0.37,false,false,near_mint,en,AUD,2026-09-05T11:48:06.540Z
Wildwood Scourge,FDN,Foundations,236,normal,uncommon,2,100359,36359fb6-fb8c-4382-8555-e348422f116c,0.4,false,false,near_mint,en,AUD,2026-09-05T11:48:06.542Z
Giant Growth,FDN,Foundations,223,normal,common,2,101073,bd0bf74e-14c1-4428-88d8-2181a080b5d0,0.22,false,false,near_mint,en,AUD,2026-09-05T11:48:06.546Z
Dwynen's Elite,FDN,Foundations,218,normal,common,3,100800,89d94c28-ea2e-4a3d-935f-6b2d9f2efc7a,0.26,false,false,near_mint,en,AUD,2026-09-05T11:48:06.548Z
Broken Wings,FDN,Foundations,214,normal,common,2,100584,61f9cbeb-cc9c-4562-be65-8a77053faefe,0.26,false,false,near_mint,en,AUD,2026-09-05T11:48:06.551Z
Bite Down,FDN,Foundations,212,normal,common,2,101625,f8d70b3b-f6f9-4b3c-ad70-0ce369e812b5,0.3,false,false,near_mint,en,AUD,2026-09-05T11:48:06.553Z
Heartfire Immolator,FDN,Foundations,201,normal,uncommon,2,100390,3ca38f4d-01f5-4a02-9000-01261a440dbf,0.29,false,false,near_mint,en,AUD,2026-09-05T11:48:06.558Z
Stromkirk Bloodthief,FDN,Foundations,185,normal,uncommon,2,97176,485d6a5a-2054-47d5-91b8-71ce308ed4dc,0.35,false,false,near_mint,en,AUD,2026-09-05T11:48:06.563Z
Hero's Downfall,FDN,Foundations,175,normal,uncommon,3,97185,ad2c01d9-8f54-46c0-9dc9-d4d4764ce1c9,0.35,false,false,near_mint,en,AUD,2026-09-05T11:48:06.566Z
Think Twice,FDN,Foundations,165,normal,common,3,101202,d88faaa1-eb41-40f7-991c-5c06e1138f3d,0.28,false,false,near_mint,en,AUD,2026-09-05T11:48:06.573Z
Spectral Sailor,FDN,Foundations,164,normal,uncommon,3,100100,03a49535-c5f3-4a6f-b333-7ac7bffdc9ae,0.32,false,false,near_mint,en,AUD,2026-09-05T11:48:06.576Z
Brineborn Cutthroat,FDN,Foundations,152,normal,uncommon,3,100986,acf7aafb-931f-49e5-8691-eab8cb34b05e,0.26,false,false,near_mint,en,AUD,2026-09-05T11:48:06.584Z
Savannah Lions,FDN,Foundations,146,normal,uncommon,2,97184,9c9ac1bc-cdf3-4fa6-8319-a7ea164e9e47,0.33,false,false,near_mint,en,AUD,2026-09-05T11:48:06.587Z
Elvish Regrower,FDN,Foundations,104,normal,uncommon,2,100278,2694e3cd-26ed-4a10-ae55-fb84d7800253,0.25,false,false,near_mint,en,AUD,2026-09-05T11:48:06.600Z
Crackling Cyclops,FDN,Foundations,83,normal,common,2,101541,6e5b899a-52f7-471b-ad50-4fa6566758fd,0.18,false,false,near_mint,en,AUD,2026-09-05T11:48:06.612Z
Infestation Sage,FDN,Foundations,64,normal,common,3,101601,d40c73de-7a5f-46f2-a70b-449bc8ecfe24,0.32,false,false,near_mint,en,AUD,2026-09-05T11:48:06.620Z
Clinquant Skymage,FDN,Foundations,33,normal,uncommon,2,100357,36012810-0e83-4640-8ba7-7262229f1b84,0.3,false,false,near_mint,en,AUD,2026-09-05T11:48:06.631Z
Thriving Isle,J25,Foundations Jumpstart,778,normal,common,2,100454,48ffa526-85a6-4a1e-a495-b5c5322244d8,0.44,false,false,near_mint,en,AUD,2026-09-05T12:00:19.939Z
Thriving Heath,J25,Foundations Jumpstart,777,normal,common,1,100579,60b9328e-59d1-4013-b7e3-d866e3a4502c,0.32,false,false,near_mint,en,AUD,2026-09-05T12:00:19.940Z
Thriving Bluff,J25,Foundations Jumpstart,775,normal,common,1,100724,7e18fde3-9623-4663-97cf-9f85fc1e03a5,0.44,false,false,near_mint,en,AUD,2026-09-05T12:00:19.941Z
Memorial to Folly,J25,Foundations Jumpstart,770,normal,uncommon,1,100764,84202718-23b6-45c8-9944-28377f875539,0.4,false,false,near_mint,en,AUD,2026-09-05T12:00:19.942Z
Metalspinner's Puzzleknot,J25,Foundations Jumpstart,755,normal,common,1,100531,56628644-df26-4cbc-b67c-d1b2f69ebe08,0.21,false,false,near_mint,en,AUD,2026-09-05T12:00:19.943Z
Uncaged Fury,J25,Foundations Jumpstart,607,normal,uncommon,1,100782,86d2e07e-6f10-41da-812e-e612442bf51c,0.36,false,false,near_mint,en,AUD,2026-09-05T12:00:19.944Z
Satyr Hoplite,J25,Foundations Jumpstart,595,normal,common,1,100122,06c44f69-bd56-45ee-96ba-ea33a3c33680,0.37,false,false,near_mint,en,AUD,2026-09-05T12:00:19.945Z
Roil Eruption,J25,Foundations Jumpstart,592,normal,common,1,100127,08628e78-a8c5-48bb-a865-bfd33be6f008,0.37,false,false,near_mint,en,AUD,2026-09-05T12:00:19.946Z
Resistance Skywarden,J25,Foundations Jumpstart,591,normal,uncommon,1,100809,8c951885-6ec8-4e64-bd27-ca3eb477a1d8,0.21,false,false,near_mint,en,AUD,2026-09-05T12:00:19.947Z
Arena Athlete,J25,Foundations Jumpstart,518,normal,uncommon,1,101245,e1956208-3eca-4d64-a124-2a62d62b0811,0.21,false,false,near_mint,en,AUD,2026-09-05T12:00:19.948Z
Wakedancer,J25,Foundations Jumpstart,512,normal,common,1,100899,9e20cdcc-1580-4495-9627-2f799b05e359,0.17,false,false,near_mint,en,AUD,2026-09-05T12:00:19.949Z
Wailing Ghoul,J25,Foundations Jumpstart,511,normal,common,1,100876,9ae13f9f-1018-4c6a-bd65-f0ab9f83674c,0.44,false,false,near_mint,en,AUD,2026-09-05T12:00:19.950Z
Vampire Scrivener,J25,Foundations Jumpstart,505,normal,uncommon,1,100137,0a82b256-700c-4c95-bfe2-f3140b4366c7,0.46,false,false,near_mint,en,AUD,2026-09-05T12:00:19.951Z
Ulcerate,J25,Foundations Jumpstart,499,normal,uncommon,1,101134,cb987986-b53b-4441-a2c6-e70c23b2ed7f,0.37,false,false,near_mint,en,AUD,2026-09-05T12:00:19.952Z
Subtle Strike,J25,Foundations Jumpstart,491,normal,common,1,100592,638a0504-2357-4137-a738-11ff7f11d24f,0.28,false,false,near_mint,en,AUD,2026-09-05T12:00:19.953Z
Murder,J25,Foundations Jumpstart,467,normal,common,1,100231,1f29d9e4-3100-43cb-9723-7d5c23f89b12,0.47,false,false,near_mint,en,AUD,2026-09-05T12:00:19.954Z
Moment of Craving,J25,Foundations Jumpstart,462,normal,common,1,100550,5b68df55-c451-4d47-8502-762703308242,0.44,false,false,near_mint,en,AUD,2026-09-05T12:00:19.955Z
Moan of the Unhallowed,J25,Foundations Jumpstart,461,normal,uncommon,1,101206,d95f7af9-cabf-47e0-9ca4-e276ff6605b9,0.35,false,false,near_mint,en,AUD,2026-09-05T12:00:19.956Z
Koma's Faithful,J25,Foundations Jumpstart,457,normal,common,1,100769,848c544e-f896-4a6d-a786-02a23474e65a,0.26,false,false,near_mint,en,AUD,2026-09-05T12:00:19.957Z
Heartstabber Mosquito,J25,Foundations Jumpstart,454,normal,common,1,101311,ecff5865-322f-449e-bbe6-09c9f7ef5a54,0.3,false,false,near_mint,en,AUD,2026-09-05T12:00:19.958Z
Gravedigger,J25,Foundations Jumpstart,452,normal,common,1,100788,883989d7-0efd-4f17-8eaa-cdcf51c09d04,0.35,false,false,near_mint,en,AUD,2026-09-05T12:00:19.959Z
Grave Strength,J25,Foundations Jumpstart,450,normal,uncommon,1,100118,065c6222-9c7b-4ed6-b3d3-83f8ed8cb8b0,0.33,false,false,near_mint,en,AUD,2026-09-05T12:00:19.960Z
Gorging Vulture,J25,Foundations Jumpstart,449,normal,common,1,100957,a993a4f2-267f-41fe-bd54-9421abbf1b66,0.3,false,false,near_mint,en,AUD,2026-09-05T12:00:19.961Z
Fretwork Colony,J25,Foundations Jumpstart,443,normal,uncommon,1,100728,7eed47e7-b645-490d-bede-26512bc79f89,0.19,false,false,near_mint,en,AUD,2026-09-05T12:00:19.962Z
Eerie Soultender,J25,Foundations Jumpstart,431,normal,common,1,100394,3d2f5e21-dd27-4ebe-b093-f0c04a2418cb,0.35,false,false,near_mint,en,AUD,2026-09-05T12:00:19.963Z
Durable Coilbug,J25,Foundations Jumpstart,429,normal,common,1,101276,e7197657-9e30-47ae-aaef-c3813626eef8,0.17,false,false,near_mint,en,AUD,2026-09-05T12:00:19.964Z
Doomed Dissenter,J25,Foundations Jumpstart,425,normal,common,1,101365,f6a99641-1796-4263-bbbb-b4bac0b07dd4,0.35,false,false,near_mint,en,AUD,2026-09-05T12:00:19.965Z
Devouring Swarm,J25,Foundations Jumpstart,421,normal,common,1,100861,97ffedff-476b-4d99-a180-109a8dca316c,0.43,false,false,near_mint,en,AUD,2026-09-05T12:00:19.966Z
Defenestrate,J25,Foundations Jumpstart,420,normal,common,1,101223,dc414181-1f66-4f29-8b35-7b09fb7ff5ad,0.25,false,false,near_mint,en,AUD,2026-09-05T12:00:19.967Z
Deal Gone Bad,J25,Foundations Jumpstart,419,normal,common,1,101213,da13b352-47a4-4c38-9893-e6f2b2fa2ac5,0.22,false,false,near_mint,en,AUD,2026-09-05T12:00:19.968Z
Dark Supplicant,J25,Foundations Jumpstart,418,normal,uncommon,1,100106,04ad1098-85ea-4e5c-90d8-f778f7c10a45,0.29,false,false,near_mint,en,AUD,2026-09-05T12:00:19.969Z
Crawl from the Cellar,J25,Foundations Jumpstart,414,normal,common,1,101131,ca02d4ca-dcba-42ce-b7e3-4fbb34ad2b12,0.33,false,false,near_mint,en,AUD,2026-09-05T12:00:19.970Z
Boneclad Necromancer,J25,Foundations Jumpstart,411,normal,common,1,100374,39f8e986-30a5-4184-a717-e30b0bc2a419,0.3,false,false,near_mint,en,AUD,2026-09-05T12:00:19.971Z
Arrogant Outlaw,J25,Foundations Jumpstart,400,normal,common,1,100555,5d38f66b-d09e-4889-b797-3d349f9445f3,0.4,false,false,near_mint,en,AUD,2026-09-05T12:00:19.972Z
Alchemist's Gift,J25,Foundations Jumpstart,397,normal,common,1,101332,f16c2679-b823-4ad3-abd2-ca380835cdaf,0.37,false,false,near_mint,en,AUD,2026-09-05T12:00:19.973Z
Agonizing Syphon,J25,Foundations Jumpstart,396,normal,common,1,100753,83053171-6ee4-43ca-98a7-0421398a980e,0.29,false,false,near_mint,en,AUD,2026-09-05T12:00:19.974Z
Wingsteed Rider,J25,Foundations Jumpstart,279,normal,common,1,101228,dd9e0e31-251e-49dd-abeb-2ebc807c92d3,0.26,false,false,near_mint,en,AUD,2026-09-05T12:00:19.993Z
Valorous Stance,J25,Foundations Jumpstart,277,normal,uncommon,1,100384,3bf7c714-a5fb-4592-828a-19b5a797b448,0.39,false,false,near_mint,en,AUD,2026-09-05T12:00:19.994Z
Repel the Darkness,J25,Foundations Jumpstart,242,normal,common,1,100217,1cb2fef2-e013-4eb8-a10e-ec3f88cd73ee,0.18,false,false,near_mint,en,AUD,2026-09-05T12:00:19.995Z
Gird for Battle,J25,Foundations Jumpstart,202,normal,uncommon,1,101305,eb2a0cdf-2383-469a-bd5e-56393c4ccfcc,0.37,false,false,near_mint,en,AUD,2026-09-05T12:00:19.996Z
Fencing Ace,J25,Foundations Jumpstart,199,normal,uncommon,1,100223,1ddc3ccf-797d-45b2-a791-83d22481920c,0.33,false,false,near_mint,en,AUD,2026-09-05T12:00:19.997Z
Favored Hoplite,J25,Foundations Jumpstart,196,normal,uncommon,1,100201,19a43ca9-50ce-41b7-b8ef-8a5810edf254,0.33,false,false,near_mint,en,AUD,2026-09-05T12:00:19.998Z
Elite Skirmisher,J25,Foundations Jumpstart,193,normal,common,1,100134,0a00bcd0-410f-4d4f-a283-66d97b2e74c2,0.21,false,false,near_mint,en,AUD,2026-09-05T12:00:19.999Z
Defiant Strike,J25,Foundations Jumpstart,187,normal,common,1,100843,9473c9bc-458e-4879-8abb-9b43be85e4be,0.47,false,false,near_mint,en,AUD,2026-09-05T12:00:20.000Z
Kiln Fiend,J25,Foundations Jumpstart,139,normal,common,1,100303,2c0b93d1-8f74-4a69-b42c-be7d08a31f8a,0.4,false,false,near_mint,en,AUD,2026-09-05T12:00:20.001Z
Howling Banshee,J25,Foundations Jumpstart,119,normal,uncommon,1,100864,98bc4a4e-8fca-45a3-a542-38936f841532,0.3,false,false,near_mint,en,AUD,2026-09-05T12:00:20.002Z
Eternal Taskmaster,J25,Foundations Jumpstart,117,normal,uncommon,1,100538,58afc628-2d79-4155-bb27-373fc4c50ba1,0.36,false,false,near_mint,en,AUD,2026-09-05T12:00:20.003Z
Eaten Alive,J25,Foundations Jumpstart,116,normal,common,1,101201,d84f2c48-dc93-4100-9e6d-cd966a382d6f,0.28,false,false,near_mint,en,AUD,2026-09-05T12:00:20.004Z
Dark Bargain,J25,Foundations Jumpstart,113,normal,common,1,100673,728e4031-30e0-4b9e-8255-5fd2e7989007,0.3,false,false,near_mint,en,AUD,2026-09-05T12:00:20.005Z
Bonecaller Cleric,J25,Foundations Jumpstart,112,normal,uncommon,1,101218,db07c4d0-cc16-49fb-93b8-af3fe8e6670f,0.33,false,false,near_mint,en,AUD,2026-09-05T12:00:20.006Z
"Cleon, Merry Champion",J25,Foundations Jumpstart,47,normal,uncommon,1,101279,e793fae6-ca9a-49e7-b90d-fe7e9c72de0d,0.39,false,false,near_mint,en,AUD,2026-09-05T12:00:20.007Z
"Brigone, Soldier of Meletis",J25,Foundations Jumpstart,30,normal,rare,1,100243,20ecadef-8aa3-4bca-8744-adbc809083c3,2.12,false,false,near_mint,en,AUD,2026-09-05T12:00:20.008Z
Scholar of Combustion,J25,Foundations Jumpstart,19,normal,common,1,100261,23660e44-8546-438d-a2c4-e1cef6e50855,0.39,false,false,near_mint,en,AUD,2026-09-05T12:00:20.009Z
Hearts on Fire,J25,Foundations Jumpstart,17,normal,common,1,101001,b10fcb27-1486-4cf1-8fde-eea6f799ab8b,0.28,false,false,near_mint,en,AUD,2026-09-05T12:00:20.010Z
Scourge of the Undercity,J25,Foundations Jumpstart,11,normal,common,1,100478,4d321cb1-9079-4aa3-b86e-6483552f04ee,0.33,false,false,near_mint,en,AUD,2026-09-05T12:00:20.011Z
Delightful Discovery,J25,Foundations Jumpstart,6,normal,uncommon,1,101234,dee342ec-f546-41b7-add5-0a85f5c8bc57,0.37,false,false,near_mint,en,AUD,2026-09-05T12:00:20.014Z
Faithful Pikemaster,J25,Foundations Jumpstart,3,normal,common,1,101231,de149bae-dd71-4a27-a975-4d0fbc646ee4,0.18,false,false,near_mint,en,AUD,2026-09-05T12:00:20.015Z
Thriving Moor,J25,Foundations Jumpstart,779,normal,common,5,100452,48760243-5614-46cd-b487-2ec09638921a,0.39,false,false,near_mint,en,AUD,2026-09-05T12:00:19.936Z
Wind Strider,J25,Foundations Jumpstart,389,normal,common,2,101237,df99ff00-b573-40ef-a885-028ee56e19d6,0.17,false,false,near_mint,en,AUD,2026-09-05T12:00:19.975Z
Undersea Invader,J25,Foundations Jumpstart,380,normal,common,2,101099,c3314e64-e0ba-4720-817c-a6f7b317af14,0.15,false,false,near_mint,en,AUD,2026-09-05T12:00:19.977Z
Stinging Lionfish,J25,Foundations Jumpstart,367,normal,uncommon,2,101142,cd8f628e-d49e-4ea8-824b-9b79282e04a8,0.42,false,false,near_mint,en,AUD,2026-09-05T12:00:19.979Z
Spectral Sailor,J25,Foundations Jumpstart,363,normal,uncommon,2,100763,840ec72e-9c20-4316-835e-1af26d05d9dd,0.42,false,false,near_mint,en,AUD,2026-09-05T12:00:19.981Z
Slimebind,J25,Foundations Jumpstart,360,normal,common,2,100244,20f2b109-0d13-41a2-ba76-d75e417b39e8,0.21,false,false,near_mint,en,AUD,2026-09-05T12:00:19.983Z
Crystacean,J25,Foundations Jumpstart,303,normal,common,2,100990,ae28d812-aa1e-4580-afdc-2359c31fece0,0.42,false,false,near_mint,en,AUD,2026-09-05T12:00:19.985Z
Chrome Prowler,J25,Foundations Jumpstart,299,normal,common,2,100246,21121857-85b8-4ba8-9363-beafdb1005c2,0.24,false,false,near_mint,en,AUD,2026-09-05T12:00:19.987Z
Capture Sphere,J25,Foundations Jumpstart,294,normal,common,2,100954,a94768c1-36cf-4a05-a425-6e7088b655f3,0.21,false,false,near_mint,en,AUD,2026-09-05T12:00:19.989Z
Brineborn Cutthroat,J25,Foundations Jumpstart,291,normal,uncommon,2,100776,85c60e4e-4b9d-4700-909f-fcc6342819b7,0.28,false,false,near_mint,en,AUD,2026-09-05T12:00:19.991Z
Revoke Demise,J25,Foundations Jumpstart,10,normal,common,2,100524,5503c9aa-faac-427b-9e6e-5272d1b407a7,0.25,false,false,near_mint,en,AUD,2026-09-05T12:00:20.012Z
Mongoose Lizard,TLA,Avatar: The Last Airbender,148,foil,common,2,108232,7d40b9cb-82ef-44c5-8d3c-c8bb4ce9891c,0.19,false,false,near_mint,en,AUD,2026-09-05T12:09:17.850Z
Misty Palms Oasis,TLA,Avatar: The Last Airbender,273,foil,common,1,109473,7cc29ddb-8f44-4493-985d-2fac35f9f34d,0.3,false,false,near_mint,en,AUD,2026-09-05T12:09:17.851Z
Messenger Hawk,TLA,Avatar: The Last Airbender,234,foil,common,1,109713,6a2946c0-0a40-4cdb-92c8-af2bafecca09,0.24,false,false,near_mint,en,AUD,2026-09-05T12:09:17.852Z
Meteor Sword,TLA,Avatar: The Last Airbender,258,foil,uncommon,1,109712,68b1c746-a4b8-4a45-9f0e-3962f0ae40e3,0.94,false,false,near_mint,en,AUD,2026-09-05T12:09:17.853Z
Master Piandao,TLA,Avatar: The Last Airbender,28,foil,uncommon,1,108191,3e4a042c-f2a6-45e7-9444-acd1ca838b87,0.39,false,false,near_mint,en,AUD,2026-09-05T12:09:17.854Z
Lightning Strike,TLA,Avatar: The Last Airbender,146,foil,common,1,108213,5787b0e0-9469-4a6d-8b81-c992628e28c0,0.39,false,false,near_mint,en,AUD,2026-09-05T12:09:17.857Z
Kyoshi Battle Fan,TLA,Avatar: The Last Airbender,257,foil,common,1,109659,257e6862-96fe-4312-aff2-509d0696843a,0.29,false,false,near_mint,en,AUD,2026-09-05T12:09:17.862Z
"Joo Dee, One of Many",TLA,Avatar: The Last Airbender,105,foil,uncommon,1,109730,7ae1439f-a0c4-42c2-a4f3-8851defa981e,0.43,false,false,near_mint,en,AUD,2026-09-05T12:09:17.865Z
Jasmine Dragon Tea Shop,TLA,Avatar: The Last Airbender,270,foil,rare,1,109810,da2c83d4-a95f-47ff-a08f-694eb78d6b9b,1.03,false,false,near_mint,en,AUD,2026-09-05T12:09:17.868Z
Jasmine Dragon Tea Shop,TLA,Avatar: The Last Airbender,390,foil,rare,1,109692,4487d299-1571-4d44-81bb-9bf54fb33fbc,2.27,false,false,near_mint,en,AUD,2026-09-05T12:09:17.869Z
"Iroh, Grand Lotus",TLA,Avatar: The Last Airbender,227,foil,rare,1,109482,879b73d3-4552-4fdc-baee-c4d097ae9a4f,0.72,false,false,near_mint,en,AUD,2026-09-05T12:09:17.870Z
Iroh's Demonstration,TLA,Avatar: The Last Airbender,141,foil,uncommon,1,109643,18d15fed-1f8f-4407-a221-a47ce75001a8,0.55,false,false,near_mint,en,AUD,2026-09-05T12:09:17.871Z
Iguana Parrot,TLA,Avatar: The Last Airbender,56,foil,common,1,108235,7faa3e3d-c08a-4908-85ef-1370d3f90815,0.36,false,false,near_mint,en,AUD,2026-09-05T12:09:17.872Z
How to Start a Riot,TLA,Avatar: The Last Airbender,140,foil,common,1,108174,23b3bf1e-ea85-47f5-8473-4d16615f68d7,0.32,false,false,near_mint,en,AUD,2026-09-05T12:09:17.873Z
Hook Swords,TLE,Avatar: The Last Airbender Eternal,147,foil,uncommon,1,109741,89e175a5-662c-4a27-88b2-d608f7f06ae6,0.47,false,false,near_mint,en,AUD,2026-09-05T12:09:17.874Z
Hog-Monkey Rampage,TLE,Avatar: The Last Airbender Eternal,255,foil,uncommon,1,108249,97c41057-cf06-4f78-8c68-870fb763cfa6,0.47,false,false,near_mint,en,AUD,2026-09-05T12:09:17.877Z
Hippo-Cows,TLE,Avatar: The Last Airbender Eternal,252,foil,common,1,108176,24ca6ca8-e239-4fe5-8711-24098b74e2fe,0.36,false,false,near_mint,en,AUD,2026-09-05T12:09:17.878Z
Hermitic Herbalist,TLA,Avatar: The Last Airbender,226,foil,uncommon,1,109707,5d0ee441-a057-41b5-abb8-dc86864ac248,0.4,false,false,near_mint,en,AUD,2026-09-05T12:09:17.879Z
Gran-Gran,TLA,Avatar: The Last Airbender,54,foil,uncommon,1,109586,fa434b41-e5f7-4989-865a-95db67b05cb1,0.48,false,false,near_mint,en,AUD,2026-09-05T12:09:17.880Z
Giant Fly,TLE,Avatar: The Last Airbender Eternal,107,foil,common,1,109711,686e3587-6f0a-4648-99e0-3dae9cdda3de,0.33,false,false,near_mint,en,AUD,2026-09-05T12:09:17.891Z
Foggy Swamp Hunters,TLA,Avatar: The Last Airbender,101,foil,common,1,109689,3f6e5869-ca25-4b98-a844-8a498cb40aab,0.24,false,false,near_mint,en,AUD,2026-09-05T12:09:17.896Z
Flexible Waterbender,TLA,Avatar: The Last Airbender,50,foil,common,1,108163,1447ebce-7e48-4b21-a39c-740920538bdd,0.26,false,false,near_mint,en,AUD,2026-09-05T12:09:17.902Z
Firebender Ascension,TLA,Avatar: The Last Airbender,137,foil,rare,1,109405,2929b702-03c6-4cf0-a3f7-61b27f4803be,1.51,false,false,near_mint,en,AUD,2026-09-05T12:09:17.903Z
Fire Nation Soldier,TLE,Avatar: The Last Airbender Eternal,238,foil,common,1,108214,58e59eba-3cf5-4ebe-8bc1-28568921650b,0.39,false,false,near_mint,en,AUD,2026-09-05T12:09:17.904Z
Fire Nation Archers,TLE,Avatar: The Last Airbender Eternal,237,foil,rare,1,108295,e83ee667-7726-42e9-9483-6cfc6f9ce638,1.12,false,false,near_mint,en,AUD,2026-09-05T12:09:17.907Z
Fire Nation Attacks,TLA,Avatar: The Last Airbender,299,foil,uncommon,1,109577,ed94f384-ebd2-4c30-a9bb-9cf793d9a810,0.48,false,false,near_mint,en,AUD,2026-09-05T12:09:17.910Z
Fire Lord Zuko,TLA,Avatar: The Last Airbender,221,foil,rare,1,108140,e62d3bcc-7bb4-42be-90a9-caf3c1caa29d,0.72,false,false,near_mint,en,AUD,2026-09-05T12:09:17.911Z
Explosive Shot,TLE,Avatar: The Last Airbender Eternal,236,foil,common,1,108204,4ba682a6-1045-4ed6-ae95-bd5af8bd7224,0.43,false,false,near_mint,en,AUD,2026-09-05T12:09:17.912Z
Enter the Avatar State,TLA,Avatar: The Last Airbender,18,foil,uncommon,1,109766,a8f3d2cb-d073-4df8-8769-49612628a377,0.54,false,false,near_mint,en,AUD,2026-09-05T12:09:17.913Z
Elephant-Rat,TLE,Avatar: The Last Airbender Eternal,228,foil,common,1,108150,0568f28f-e830-4a7a-91d3-43e78bb86c8f,0.44,false,false,near_mint,en,AUD,2026-09-05T12:09:17.914Z
Ember Island Production,TLA,Avatar: The Last Airbender,48,foil,uncommon,1,109379,0f79a7fc-36b1-4397-8e67-6638379d3a38,0.44,false,false,near_mint,en,AUD,2026-09-05T12:09:17.915Z
Elemental Teachings,TLA,Avatar: The Last Airbender,178,foil,rare,1,109539,cac8ac35-6860-4839-ab85-93d409206c08,0.64,false,false,near_mint,en,AUD,2026-09-05T12:09:17.916Z
Earthbending Lesson,TLA,Avatar: The Last Airbender,176,foil,common,1,108142,eccd63b3-3a3a-4661-9d6e-fb8152429bdb,0.33,false,false,near_mint,en,AUD,2026-09-05T12:09:17.917Z
Earth Village Ruffians,TLA,Avatar: The Last Airbender,219,foil,common,1,108212,56d4e0b7-232f-4953-84a3-e6f17781aa45,0.18,false,false,near_mint,en,AUD,2026-09-05T12:09:17.918Z
Earthbender Ascension,TLA,Avatar: The Last Airbender,175,foil,rare,1,109704,590a58ab-5e98-4031-8aa6-ce396dc1429f,4.47,false,false,near_mint,en,AUD,2026-09-05T12:09:17.919Z
Earth Rumble Wrestlers,TLA,Avatar: The Last Airbender,218,foil,common,1,109466,74fca0b8-12e1-405f-b999-160d65fe0ade,0.24,false,false,near_mint,en,AUD,2026-09-05T12:09:17.920Z
Earth Kingdom Soldier,TLA,Avatar: The Last Airbender,216,foil,common,1,108180,2d543d35-945a-4ffa-beb7-7c5d4f894f79,0.22,false,false,near_mint,en,AUD,2026-09-05T12:09:17.921Z
Earth Kingdom Jailer,TLA,Avatar: The Last Airbender,16,foil,uncommon,1,109746,9207362c-3605-4794-803f-ad1d0175fcca,0.36,false,false,near_mint,en,AUD,2026-09-05T12:09:17.922Z
Dai Li Indoctrination,TLA,Avatar: The Last Airbender,93,foil,common,1,108299,eca652b8-44f1-4bd9-b4bf-036eeead13aa,0.32,false,false,near_mint,en,AUD,2026-09-05T12:09:17.931Z
Dai Li Agents,TLA,Avatar: The Last Airbender,306,foil,uncommon,1,109476,82822ac1-9288-4bac-8afd-83563e693731,0.54,false,false,near_mint,en,AUD,2026-09-05T12:09:17.936Z
Cat-Owl,TLA,Avatar: The Last Airbender,212,foil,common,1,108285,d7df3391-dbe5-4eb4-85c1-037c5f3ea971,0.35,false,false,near_mint,en,AUD,2026-09-05T12:09:17.944Z
Canyon Crawler,TLA,Avatar: The Last Airbender,90,foil,common,1,109668,30a30bfb-f0f3-425b-b37d-20079ee27046,0.36,false,false,near_mint,en,AUD,2026-09-05T12:09:17.945Z
"Lo and Li, Twin Tutors",TLA,Avatar: The Last Airbender,108,foil,uncommon,2,109794,cba9260d-ef07-4429-99f9-6004cc1fea0f,0.37,false,false,near_mint,en,AUD,2026-09-05T12:09:17.855Z
Kyoshi Warriors,TLA,Avatar: The Last Airbender,26,foil,common,2,109651,211045e1-85c7-4088-b830-a2afa0fe520b,0.36,false,false,near_mint,en,AUD,2026-09-05T12:09:17.858Z
Kyoshi Warrior Guard,TLE,Avatar: The Last Airbender Eternal,216,foil,common,2,108231,7a2acb28-c0e2-492b-a227-ef49e905e0fb,0.28,false,false,near_mint,en,AUD,2026-09-05T12:09:17.860Z
Koala-Sheep,TLE,Avatar: The Last Airbender Eternal,80,foil,common,2,109726,7785ddfe-f8ae-473a-8064-549884c5aabc,0.44,false,false,near_mint,en,AUD,2026-09-05T12:09:17.863Z
Jeong Jeong's Deserters,TLA,Avatar: The Last Airbender,25,foil,common,2,108152,060966f9-5e56-4512-9ef3-2b216daf093c,0.3,false,false,near_mint,en,AUD,2026-09-05T12:09:17.866Z
Hog-Monkey,TLA,Avatar: The Last Airbender,104,foil,common,2,108206,4f442970-5355-4abf-8684-17daaa8e469b,0.26,false,false,near_mint,en,AUD,2026-09-05T12:09:17.875Z
Glider Kids,TLA,Avatar: The Last Airbender,21,foil,common,2,108154,0613afb5-4cee-4132-8adf-404767ed8d07,0.18,false,false,near_mint,en,AUD,2026-09-05T12:09:17.881Z
Giant Koi,TLA,Avatar: The Last Airbender,53,foil,common,2,108186,3938ec1f-979c-48e5-bb13-bebace006a8f,0.32,false,false,near_mint,en,AUD,2026-09-05T12:09:17.883Z
Gilacorn,TLE,Avatar: The Last Airbender Eternal,231,foil,common,2,108270,b7f90eef-2393-4e44-9895-00489d3eaa92,0.44,false,false,near_mint,en,AUD,2026-09-05T12:09:17.885Z
Geyser Leaper,TLA,Avatar: The Last Airbender,52,foil,common,4,108205,4d25428d-e5a5-43c4-8544-43120ed1c4d5,0.28,false,false,near_mint,en,AUD,2026-09-05T12:09:17.887Z
Forecasting Fortune Teller,TLA,Avatar: The Last Airbender,51,foil,common,2,109366,023e7ad4-6af0-4f29-a716-27a313974227,0.28,false,false,near_mint,en,AUD,2026-09-05T12:09:17.892Z
Foggy Swamp Vinebender,TLA,Avatar: The Last Airbender,180,foil,common,2,109727,78a75317-94f7-47a4-b4da-5a027fa73248,0.3,false,false,near_mint,en,AUD,2026-09-05T12:09:17.894Z
Foggy Bottom Swamp,TLA,Avatar: The Last Airbender,269,foil,common,3,109396,226af626-873d-4bd2-b889-000f8316786f,0.35,false,false,near_mint,en,AUD,2026-09-05T12:09:17.897Z
Flying Dolphin-Fish,TLE,Avatar: The Last Airbender Eternal,223,foil,common,2,108278,ccb61a51-cff6-4f88-ac17-f10852a27d06,0.46,false,false,near_mint,en,AUD,2026-09-05T12:09:17.900Z
Fire Nation Ambushers,TLE,Avatar: The Last Airbender Eternal,229,foil,common,2,108254,a20aaa6c-7032-43c1-9e7c-57cf8c8ecfd4,0.32,false,false,near_mint,en,AUD,2026-09-05T12:09:17.905Z
Fire Nation Attacks,TLA,Avatar: The Last Airbender,133,foil,uncommon,2,108131,9cc10845-8989-46ca-a57a-fd728fca0729,0.4,false,false,near_mint,en,AUD,2026-09-05T12:09:17.908Z
Dragon Moose,TLE,Avatar: The Last Airbender Eternal,235,foil,common,2,108313,fd61f469-5377-4bc1-a42b-dd66ca4ede1d,0.36,false,false,near_mint,en,AUD,2026-09-05T12:09:17.923Z
Deserter's Disciple,TLA,Avatar: The Last Airbender,131,foil,common,2,108164,14f2ed5a-042b-4cce-82ad-cfb4bd511d98,0.24,false,false,near_mint,en,AUD,2026-09-05T12:09:17.925Z
Deadly Precision,TLA,Avatar: The Last Airbender,95,foil,common,4,109422,4661daf6-d960-4278-8946-70948efaf99d,0.32,false,false,near_mint,en,AUD,2026-09-05T12:09:17.927Z
Dai Li Agents,TLA,Avatar: The Last Airbender,214,foil,uncommon,3,109502,9ddb8715-341b-400a-b6eb-f3f90518157c,0.35,false,false,near_mint,en,AUD,2026-09-05T12:09:17.932Z
Dai Li Censor,TLE,Avatar: The Last Airbender Eternal,102,foil,common,2,109685,3e1b9878-62b4-45eb-943e-0230a6e78764,0.3,false,false,near_mint,en,AUD,2026-09-05T12:09:17.934Z
Curious Farm Animals,TLA,Avatar: The Last Airbender,14,foil,common,3,109654,2402d759-84b6-41d2-ad78-9333974e9222,0.44,false,false,near_mint,en,AUD,2026-09-05T12:09:17.937Z
Crashing Wave,TLA,Avatar: The Last Airbender,47,foil,uncommon,2,109754,9fd02eb4-1ef5-4a14-89a8-b25e720e8016,0.36,false,false,near_mint,en,AUD,2026-09-05T12:09:17.940Z
Compassionate Healer,TLA,Avatar: The Last Airbender,13,foil,common,2,109483,88d5f8fd-d4de-4e64-9b74-e53719ffbcdc,0.37,false,false,near_mint,en,AUD,2026-09-05T12:09:17.942Z
Capital Guard,TLE,Avatar: The Last Airbender Eternal,234,foil,common,4,108245,91cbed11-3b5c-4e7a-9b13-125c1fe5f22f,0.36,false,false,near_mint,en,AUD,2026-09-05T12:09:17.946Z
Buzzard-Wasp Colony,TLA,Avatar: The Last Airbender,88,foil,uncommon,2,108195,42d83229-0555-4361-8964-4b525c825843,0.35,false,false,near_mint,en,AUD,2026-09-05T12:09:17.950Z
Bumi Bash,TLA,Avatar: The Last Airbender,125,foil,common,2,109571,e8895479-26cb-4ee8-98ca-6d46c43f0dbd,0.35,false,false,near_mint,en,AUD,2026-09-05T12:09:17.952Z
Boiling Rock Prison,TLA,Avatar: The Last Airbender,267,foil,common,2,109390,1c2e2220-54d1-4180-93a0-964e3b0ba8b8,0.4,false,false,near_mint,en,AUD,2026-09-05T12:09:17.954Z
Boar-q-pine,TLA,Avatar: The Last Airbender,124,foil,common,2,109629,087a445c-5f63-45d6-83e8-20d22650db20,0.33,false,false,near_mint,en,AUD,2026-09-05T12:09:17.956Z
Rough Rhino Cavalry,TLA,Avatar: The Last Airbender,152,foil,common,2,108259,a8bc29cf-f6f8-4bb8-b722-f016b58b6d2d,0.26,false,false,near_mint,en,AUD,2026-09-05T12:13:13.032Z
Serpent of the Pass,TLA,Avatar: The Last Airbender,70,foil,uncommon,1,108237,87595843-15bc-48bb-8a81-3e6ad924ed44,0.36,false,false,near_mint,en,AUD,2026-09-05T12:13:13.033Z
"Sokka, Lateral Strategist",TLA,Avatar: The Last Airbender,241,foil,uncommon,1,108161,1326c5db-4615-495f-8e30-376243d91352,0.47,false,false,near_mint,en,AUD,2026-09-05T12:13:13.037Z
Solstice Revelations,TLA,Avatar: The Last Airbender,153,foil,uncommon,1,109580,f22ac19f-66fb-4d54-9f09-495a20a29577,0.35,false,false,near_mint,en,AUD,2026-09-05T12:13:13.038Z
Southern Air Temple,TLA,Avatar: The Last Airbender,36,foil,uncommon,1,108118,5c172f9b-2184-4736-9f90-74ce08596292,0.46,false,false,near_mint,en,AUD,2026-09-05T12:13:13.039Z
Sparring Dummy,TLA,Avatar: The Last Airbender,197,foil,uncommon,1,109435,520f5a03-ff5a-43ed-8f15-cf24596d60cd,0.33,false,false,near_mint,en,AUD,2026-09-05T12:13:13.040Z
Sun Warriors,TLA,Avatar: The Last Airbender,244,foil,uncommon,1,109567,e477d750-42d2-48c8-bc1f-8148d15d5f53,0.43,false,false,near_mint,en,AUD,2026-09-05T12:13:13.043Z
Sun-Blessed Peak,TLA,Avatar: The Last Airbender,280,foil,common,1,109515,ae04c862-095f-41d2-8aef-21036d5a0cdc,0.33,false,false,near_mint,en,AUD,2026-09-05T12:13:13.044Z
The Spirit Oasis,TLA,Avatar: The Last Airbender,72,foil,uncommon,1,109414,3a1b1329-531c-47ed-9802-c505501f8fd9,0.51,false,false,near_mint,en,AUD,2026-09-05T12:13:13.045Z
Thriving Isle,TLE,Avatar: The Last Airbender Eternal,263,foil,common,1,108247,94f93e5f-dba0-4079-8e6a-dd5d6fe6afa4,0.43,false,false,near_mint,en,AUD,2026-09-05T12:13:13.046Z
Thriving Moor,TLE,Avatar: The Last Airbender Eternal,264,foil,common,4,108210,528531e8-4574-4dd5-aa4e-d31ce0f4eb5c,0.58,false,false,near_mint,en,AUD,2026-09-05T12:13:13.047Z
Toucan-Puffin,TLE,Avatar: The Last Airbender Eternal,88,foil,common,1,109636,10dc44c7-634f-4210-9c22-ce9e8860568b,0.36,false,false,near_mint,en,AUD,2026-09-05T12:13:13.048Z
Tolls of War,TLA,Avatar: The Last Airbender,245,foil,uncommon,1,109556,d822b9ad-a787-4355-88c2-07ae2bd3a78e,0.37,false,false,near_mint,en,AUD,2026-09-05T12:13:13.049Z
Trusty Boomerang,TLA,Avatar: The Last Airbender,260,foil,uncommon,3,109564,df99a166-6d58-4d92-9037-2fdfbaf65629,0.35,false,false,near_mint,en,AUD,2026-09-05T12:13:13.052Z
Tundra Wall,TLE,Avatar: The Last Airbender Eternal,220,foil,common,1,108201,49ae7f36-4b37-415e-ab39-5fa1e3f2e3e9,0.4,false,false,near_mint,en,AUD,2026-09-05T12:13:13.053Z
Tundra Tank,TLA,Avatar: The Last Airbender,121,foil,uncommon,1,109384,13c66fce-8f8e-4a98-8413-9f05aebf6e13,0.35,false,false,near_mint,en,AUD,2026-09-05T12:13:13.054Z
Turtle-Duck,TLA,Avatar: The Last Airbender,200,foil,common,1,108264,aefcd734-3916-4c77-9d98-3ea2c2795658,0.4,false,false,near_mint,en,AUD,2026-09-05T12:13:13.055Z
Twin Blades,TLA,Avatar: The Last Airbender,157,foil,uncommon,1,109560,dc399ae0-36b5-4c92-9fe2-138caf8d7a86,0.42,false,false,near_mint,en,AUD,2026-09-05T12:13:13.058Z
"Ty Lee, Chi Blocker",TLA,Avatar: The Last Airbender,371,foil,rare,1,109429,4d2e5f2b-993a-48b1-834e-a4fe18e119ae,2.91,false,false,near_mint,en,AUD,2026-09-05T12:13:13.059Z
Uncle Iroh,TLA,Avatar: The Last Airbender,248,foil,uncommon,1,109443,5c88672c-0eba-4e93-a0ec-30bbb1bb7661,0.42,false,false,near_mint,en,AUD,2026-09-05T12:13:13.062Z
Sokka's Sword Training,TLE,Avatar: The Last Airbender Eternal,84,foil,common,3,109675,3489930a-208d-4bb2-b200-58a0dd4f6e81,0.4,false,false,near_mint,en,AUD,2026-09-05T12:13:13.034Z
Stand United,TLE,Avatar: The Last Airbender Eternal,149,foil,common,2,109813,def589e7-f84a-4a13-a65a-130a687bc124,0.39,false,false,near_mint,en,AUD,2026-09-05T12:13:13.041Z
Treetop Freedom Fighters,TLA,Avatar: The Last Airbender,156,foil,common,2,109507,a9394200-7ffc-440f-8b5f-c08b7930133c,0.25,false,false,near_mint,en,AUD,2026-09-05T12:13:13.050Z
Turtle-Seals,TLE,Avatar: The Last Airbender Eternal,226,foil,common,2,108188,3a144e7f-e0f7-4346-a4e8-f4a358c3b4a9,0.3,false,false,near_mint,en,AUD,2026-09-05T12:13:13.056Z
"Ty Lee, Artful Acrobat",TLA,Avatar: The Last Airbender,158,foil,uncommon,2,109561,dcd9df24-272b-4aa1-b05f-6ee6b3d3dfe7,0.42,false,false,near_mint,en,AUD,2026-09-05T12:13:13.060Z
Valorous Stance,TLE,Avatar: The Last Airbender Eternal,154,foil,uncommon,1,109747,95d376eb-39e5-4215-97fc-6a1a86e453d4,0.6,false,false,near_mint,en,AUD,2026-09-05T12:13:50.586Z
Unlucky Cabbage Merchant,TLA,Avatar: The Last Airbender,201,foil,uncommon,1,109374,0a838009-b115-4497-b35d-682e41ead7db,0.46,false,false,near_mint,en,AUD,2026-09-05T12:17:33.357Z
Vengeful Villagers,TLA,Avatar: The Last Airbender,40,foil,uncommon,1,109743,8cabb6ed-5c80-4dab-b96c-9d4d9fe72db7,0.29,false,false,near_mint,en,AUD,2026-09-05T12:17:33.358Z
Vindictive Warden,TLA,Avatar: The Last Airbender,249,foil,common,3,108159,0f34de05-39a9-425f-a3b4-3a9d46c917ac,0.26,false,false,near_mint,en,AUD,2026-09-05T12:17:33.359Z
Waterbending Scroll,TLA,Avatar: The Last Airbender,81,foil,uncommon,1,109917,50d0be73-a2c8-44a0-9178-9949f342f6f9,0.47,false,false,near_mint,en,AUD,2026-09-05T12:17:33.364Z
Watery Grasp,TLA,Avatar: The Last Airbender,82,foil,common,1,108177,26bcff57-428e-4f30-a153-a778fbfc437d,0.28,false,false,near_mint,en,AUD,2026-09-05T12:17:33.365Z
White Lotus Hideout,TLA,Avatar: The Last Airbender,281,foil,uncommon,1,109399,24d1e22c-0d99-4ed5-94f0-fd055fd8e2be,0.47,false,false,near_mint,en,AUD,2026-09-05T12:17:33.366Z
Wolfbat,TLA,Avatar: The Last Airbender,122,foil,uncommon,1,109666,2ae83b4e-e5a4-4c98-8d16-eef3c71b8ff2,0.32,false,false,near_mint,en,AUD,2026-09-05T12:17:33.369Z
Zuko's Offense,TLE,Avatar: The Last Airbender Eternal,247,foil,common,1,108301,efc6eea1-9872-47e5-a3bc-3c8c1b9705be,0.39,false,false,near_mint,en,AUD,2026-09-05T12:17:33.372Z
Zuko's Exile,TLA,Avatar: The Last Airbender,3,foil,common,2,109489,9090b055-3406-4fed-a8c6-3f6353a9600e,0.5,false,false,near_mint,en,AUD,2026-09-05T12:17:33.373Z
Baboon Spirit,TLE,Avatar: The Last Airbender Eternal,89,foil,rare,1,109742,8b5a7f24-63df-40fa-9200-c862544b0ffa,0.68,false,false,near_mint,en,AUD,2026-09-05T12:17:33.374Z
Barrels of Blasting Jelly,TLA,Avatar: The Last Airbender,254,foil,common,1,108208,4fd83083-3779-41f0-90a0-a00e3270e4e6,0.42,false,false,near_mint,en,AUD,2026-09-05T12:17:33.375Z
Bender's Waterskin,TLA,Avatar: The Last Airbender,255,foil,common,1,108223,6d4a1712-d19e-4475-9614-a0b1af4da610,6.82,false,false,near_mint,en,AUD,2026-09-05T12:17:33.376Z
Beetle-Headed Merchants,TLA,Avatar: The Last Airbender,86,foil,common,3,108273,c2eed79f-38c1-4aac-9525-d54cb114f17f,0.28,false,false,near_mint,en,AUD,2026-09-05T12:17:33.377Z
Air Nomad Legacy,TLA,Avatar: The Last Airbender,206,foil,uncommon,1,109635,10874416-fa4c-4aa3-b885-4351d011d208,0.42,false,false,near_mint,en,AUD,2026-09-05T12:17:33.378Z
Airbending Lesson,TLA,Avatar: The Last Airbender,8,foil,common,1,108292,e2bcd0a6-e94d-4a21-a334-a57459c1b8cc,0.42,false,false,near_mint,en,AUD,2026-09-05T12:17:33.379Z
Avatar's Wrath,TLA,Avatar: The Last Airbender,12,foil,rare,1,109423,4811072d-fac0-40dd-a5cf-9694d51b12cf,7.08,false,false,near_mint,en,AUD,2026-09-05T12:17:33.384Z
Aang's Defense,TLE,Avatar: The Last Airbender Eternal,211,foil,common,1,108220,642e1b90-c240-44fe-82b2-7522026224ae,0.43,false,false,near_mint,en,AUD,2026-09-05T12:17:33.386Z
Aang's Journey,TLA,Avatar: The Last Airbender,1,foil,common,1,108119,5e51f727-5a9b-4bc7-83a9-dbcf1c933e15,0.4,false,false,near_mint,en,AUD,2026-09-05T12:17:33.387Z
Aardvark Sloth,TLE,Avatar: The Last Airbender Eternal,212,foil,common,1,108290,e16365a2-4969-4ad5-af95-9dd2d0499f06,0.32,false,false,near_mint,en,AUD,2026-09-05T12:17:33.388Z
"Aang, the Last Airbender",TLA,Avatar: The Last Airbender,4,foil,uncommon,2,108175,245e008c-e073-443f-9592-6f628c0026ec,0.37,false,false,near_mint,en,AUD,2026-09-05T12:17:33.389Z
Walltop Sentries,TLA,Avatar: The Last Airbender,202,foil,common,2,109818,e55f1c63-58f6-4e2b-aaeb-f2d5faca47a2,0.32,false,false,near_mint,en,AUD,2026-09-05T12:17:33.360Z
Water Tribe Captain,TLA,Avatar: The Last Airbender,41,foil,common,2,109632,0a0cdf97-1927-47c6-8ef1-29969e3567ee,0.22,false,false,near_mint,en,AUD,2026-09-05T12:17:33.362Z
Wolf Cove Villager,TLE,Avatar: The Last Airbender Eternal,221,foil,common,2,108233,7dbeced9-d27d-476c-92d4-3c14d8a40458,0.3,false,false,near_mint,en,AUD,2026-09-05T12:17:33.367Z
Yuyan Archers,TLA,Avatar: The Last Airbender,161,foil,common,2,108250,99244462-a996-4a5b-91fb-947045647d6d,0.19,false,false,near_mint,en,AUD,2026-09-05T12:17:33.370Z
Airship Engine Room,TLA,Avatar: The Last Airbender,265,foil,common,2,109375,0b98ba34-f251-4bd0-9d75-1d4445be5cfd,0.39,false,false,near_mint,en,AUD,2026-09-05T12:17:33.380Z
Azula Always Lies,TLA,Avatar: The Last Airbender,84,foil,common,2,108194,416b9207-a2af-44d1-9b87-4943f6e46d42,0.3,false,false,near_mint,en,AUD,2026-09-05T12:17:33.382Z
Acrobatic Leap,TLE,Avatar: The Last Airbender Eternal,151,foil,common,1,109764,a8b4bc34-cc8d-41d0-88ee-f40ec95cc0b8,0.35,false,false,near_mint,en,AUD,2026-09-05T12:20:02.351Z
Accumulate Wisdom,TLA,Avatar: The Last Airbender,44,foil,uncommon,1,109763,a6335319-6c92-40d4-ab2d-c06c79049c30,0.82,false,false,near_mint,en,AUD,2026-09-05T12:20:02.352Z
Omashu City,TLA,Avatar: The Last Airbender,275,foil,common,1,109535,c21e413b-96ed-4ded-b567-f1647074ce5f,0.32,false,false,near_mint,en,AUD,2026-09-05T12:20:02.354Z
"Nyla, Shirshu Sleuth",TLE,Avatar: The Last Airbender Eternal,109,foil,rare,1,109817,e4760b87-b109-496a-98d1-353f67c265b8,0.54,false,false,near_mint,en,AUD,2026-09-05T12:20:02.355Z
Origin of Metalbending,TLA,Avatar: The Last Airbender,187,foil,common,1,109400,25749f9a-260d-4bdc-bd28-429c12faa4a5,2.65,false,false,near_mint,en,AUD,2026-09-05T12:20:02.356Z
Otter-Penguin,TLA,Avatar: The Last Airbender,67,foil,common,1,108200,480b6279-bb34-4b3f-a639-868b52af92b9,0.32,false,false,near_mint,en,AUD,2026-09-05T12:20:02.357Z
"Pipsqueak, Rebel Strongarm",TLE,Avatar: The Last Airbender Eternal,82,foil,uncommon,1,109719,6ee743f6-0c8b-4fbc-a0ef-0b9933b77617,0.4,false,false,near_mint,en,AUD,2026-09-05T12:20:02.358Z
Pirate Peddlers,TLA,Avatar: The Last Airbender,115,foil,common,1,109919,5c998994-6c3b-4f34-9b31-babba2b17266,0.26,false,false,near_mint,en,AUD,2026-09-05T12:20:02.363Z
Platypus-Bear,TLA,Avatar: The Last Airbender,236,foil,common,3,109474,7ebf742a-3995-4b22-9dc7-b05f57889683,0.26,false,false,near_mint,en,AUD,2026-09-05T12:20:02.364Z
Purple Pentapus,TLE,Avatar: The Last Airbender Eternal,233,foil,common,1,108274,c3ec1b6e-2f63-4b84-a101-8764c3e6d0f2,0.54,false,false,near_mint,en,AUD,2026-09-05T12:20:02.367Z
Rabaroo Troop,TLA,Avatar: The Last Airbender,32,foil,common,1,108219,62a983b4-ac73-4949-9317-05a75a8ce164,0.36,false,false,near_mint,en,AUD,2026-09-05T12:20:02.368Z
Roku's Mastery,TLE,Avatar: The Last Airbender Eternal,243,foil,uncommon,1,108277,c6d9145b-cef7-4e39-8f62-0e5a6a1f08a3,0.53,false,false,near_mint,en,AUD,2026-09-05T12:20:02.371Z
Rocky Rebuke,TLA,Avatar: The Last Airbender,193,foil,common,1,108211,52fd910f-6d42-41f5-a4be-f375aa254ea2,0.33,false,false,near_mint,en,AUD,2026-09-05T12:20:02.372Z
Run Amok,TLE,Avatar: The Last Airbender Eternal,258,foil,common,1,108241,8ba7c131-68c6-4ab1-a192-0cfa77d85645,0.43,false,false,near_mint,en,AUD,2026-09-05T12:20:02.374Z
Sandbenders' Storm,TLA,Avatar: The Last Airbender,34,foil,common,3,109779,b3bf4a25-4329-4318-870a-2b06aa620dc4,0.33,false,false,near_mint,en,AUD,2026-09-05T12:20:02.377Z
Abandon Attachments,TLA,Avatar: The Last Airbender,205,foil,common,2,108228,74ca45a4-97ab-4255-9129-884e8b42b984,0.62,false,false,near_mint,en,AUD,2026-09-05T12:20:02.349Z
Pillar Launch,TLA,Avatar: The Last Airbender,189,foil,common,4,108303,f177e9cc-0c41-417d-9215-5ff23a1a0657,0.32,false,false,near_mint,en,AUD,2026-09-05T12:20:02.359Z
Pretending Poxbearers,TLA,Avatar: The Last Airbender,237,foil,common,2,108282,d1af91a5-8681-4a05-910d-96f7a819bfaa,0.24,false,false,near_mint,en,AUD,2026-09-05T12:20:02.365Z
Rebellious Captives,TLA,Avatar: The Last Airbender,191,foil,common,2,108293,e64a4a8b-323c-4c8b-92af-1a3295799e65,0.21,false,false,near_mint,en,AUD,2026-09-05T12:20:02.369Z
Saber-Tooth Moose-Lion,TLA,Avatar: The Last Airbender,194,foil,common,2,108266,b15f302d-c451-4e79-a5af-75ee3ba4cadf,0.32,false,false,near_mint,en,AUD,2026-09-05T12:20:02.375Z
Kick in the Door,AFR,Adventures in the Forgotten Realms,153,normal,common,1,60178,222102d0-fed3-41fd-87b0-f6d22766d7fd,0.33,false,false,near_mint,en,AUD,2026-09-05T12:28:19.451Z
Jaded Sell-Sword,AFR,Adventures in the Forgotten Realms,152,normal,common,1,60526,ff5219c0-fb43-47b1-b682-131ba7c70990,0.21,false,false,near_mint,en,AUD,2026-09-05T12:28:19.452Z
Improvised Weaponry,AFR,Adventures in the Forgotten Realms,150,normal,common,1,60185,29d5fd00-c616-4079-a91e-4da0bcaf9120,0.22,false,false,near_mint,en,AUD,2026-09-05T12:28:19.453Z
Rust Monster,AFR,Adventures in the Forgotten Realms,161,normal,uncommon,1,60270,6a7c6b2c-9ba0-4fc1-9922-0988acf2dfde,0.06,false,false,near_mint,en,AUD,2026-09-05T12:28:19.465Z
Baleful Beholder,AFR,Adventures in the Forgotten Realms,89,normal,common,1,60477,e52d6ef6-d8a3-4288-8917-4c0a179ed4e0,0.25,false,false,near_mint,en,AUD,2026-09-05T12:28:19.467Z
Eyes of the Beholder,AFR,Adventures in the Forgotten Realms,101,normal,common,1,60216,3f9e5402-690f-497d-ada3-aa41fa900fdd,0.22,false,false,near_mint,en,AUD,2026-09-05T12:28:19.468Z
Reaper's Talisman,AFR,Adventures in the Forgotten Realms,117,normal,uncommon,1,60335,93b68168-e77d-4745-9393-726ef9fb72ec,0.37,false,false,near_mint,en,AUD,2026-09-05T12:28:19.471Z
Devour Intellect,AFR,Adventures in the Forgotten Realms,97,normal,common,1,60162,13c34f2d-2eac-4241-8b23-9cab3268c254,0.24,false,false,near_mint,en,AUD,2026-09-05T12:28:19.472Z
Manticore,AFR,Adventures in the Forgotten Realms,113,normal,common,1,60211,3b3d9117-724a-4b67-be27-142b9c283788,0.14,false,false,near_mint,en,AUD,2026-09-05T12:28:19.476Z
Clattering Skeletons,AFR,Adventures in the Forgotten Realms,93,normal,common,1,60144,09ac0b2b-d4d3-4977-b241-7788239362de,0.21,false,false,near_mint,en,AUD,2026-09-05T12:28:19.478Z
Rimeshield Frost Giant,AFR,Adventures in the Forgotten Realms,310,normal,common,1,60493,ed6f1fc7-be88-46a3-8bd9-3f16332c2bd8,0.14,false,false,near_mint,en,AUD,2026-09-05T12:28:19.483Z
Rimeshield Frost Giant,AFR,Adventures in the Forgotten Realms,69,normal,common,1,60295,767b499e-3bdb-4809-b430-6e965bd100d4,0.17,false,false,near_mint,en,AUD,2026-09-05T12:28:19.484Z
Eccentric Apprentice,AFR,Adventures in the Forgotten Realms,57,normal,uncommon,1,60212,3baa08ac-9a94-4e22-91bb-c6966cd0a0de,0.36,false,false,near_mint,en,AUD,2026-09-05T12:28:19.485Z
Shocking Grasp,AFR,Adventures in the Forgotten Realms,72,normal,common,1,60377,ab95fe13-c09b-4eed-aeae-fb1c5b6eb476,0.28,false,false,near_mint,en,AUD,2026-09-05T12:28:19.486Z
Pixie Guide,AFR,Adventures in the Forgotten Realms,66,normal,common,1,60429,c65631b9-ca62-4851-9eca-9c760fb1a177,0.25,false,false,near_mint,en,AUD,2026-09-05T12:28:19.487Z
Pixie Guide,AFR,Adventures in the Forgotten Realms,309,normal,common,1,60253,5c2074a9-8b6f-4904-bb8c-ae705d31f2f1,0.18,false,false,near_mint,en,AUD,2026-09-05T12:28:19.488Z
Mordenkainen's Polymorph,AFR,Adventures in the Forgotten Realms,65,normal,common,2,60387,b6551442-d74c-4f16-a9de-0cfdc88208a5,0.26,false,false,near_mint,en,AUD,2026-09-05T12:28:19.489Z
Arcane Investigator,AFR,Adventures in the Forgotten Realms,46,normal,common,1,60464,dc457520-9947-4f65-bbe7-9b95bd2c23af,0.26,false,false,near_mint,en,AUD,2026-09-05T12:28:19.490Z
Secret Door,AFR,Adventures in the Forgotten Realms,71,normal,common,1,60197,3191e400-aa4e-4955-aca0-ecbe63ea240f,0.26,false,false,near_mint,en,AUD,2026-09-05T12:28:19.491Z
Fly,AFR,Adventures in the Forgotten Realms,59,normal,uncommon,1,60499,f1a91cc6-67e1-4f1b-86e2-eb388a75d6ad,0.4,false,false,near_mint,en,AUD,2026-09-05T12:28:19.492Z
Devoted Paladin,AFR,Adventures in the Forgotten Realms,11,normal,common,1,60204,3620ed96-1d15-4942-b9e5-9f9a64b0cab4,0.19,false,false,near_mint,en,AUD,2026-09-05T12:28:19.493Z
Rally Maneuver,AFR,Adventures in the Forgotten Realms,36,normal,uncommon,1,60334,926ce53e-8e30-4018-a9e7-7266791b5d27,0.1,false,false,near_mint,en,AUD,2026-09-05T12:28:19.494Z
Plate Armor,AFR,Adventures in the Forgotten Realms,32,normal,uncommon,1,60379,ad447e50-cfb1-40df-ae01-a65c46f2f572,0.26,false,false,near_mint,en,AUD,2026-09-05T12:28:19.495Z
Steadfast Paladin,AFR,Adventures in the Forgotten Realms,38,normal,common,1,60360,a2c06b6e-faf5-467d-bfe1-9ff00be9e2f5,0.29,false,false,near_mint,en,AUD,2026-09-05T12:28:19.496Z
Paladin's Shield,AFR,Adventures in the Forgotten Realms,30,normal,common,1,60192,2e13b103-202f-41d7-a855-a6807e5fb4b7,0.24,false,false,near_mint,en,AUD,2026-09-05T12:28:19.497Z
Potion of Healing,AFR,Adventures in the Forgotten Realms,34,normal,common,1,60454,d5edb608-c7d7-4fa9-b969-262c9789fc17,0.42,false,false,near_mint,en,AUD,2026-09-05T12:28:19.498Z
Dwarfhold Champion,AFR,Adventures in the Forgotten Realms,14,normal,common,1,60179,2404a028-05f5-469b-80e0-e820721ff266,0.26,false,false,near_mint,en,AUD,2026-09-05T12:28:19.501Z
Delver's Torch,AFR,Adventures in the Forgotten Realms,10,normal,common,1,60237,53df7b80-71bf-4013-ad44-f76eae8ac81b,0.28,false,false,near_mint,en,AUD,2026-09-05T12:28:19.502Z
Dawnbringer Cleric,AFR,Adventures in the Forgotten Realms,9,normal,common,1,60416,c00856f7-fef5-4ba5-9079-59a81d452c82,0.25,false,false,near_mint,en,AUD,2026-09-05T12:28:19.503Z
Warlock Class,AFR,Adventures in the Forgotten Realms,125,normal,uncommon,1,60395,b7faf899-96b7-454e-b634-6684c2d72f26,0.25,false,false,near_mint,en,AUD,2026-09-05T12:28:19.509Z
Hoard Robber,AFR,Adventures in the Forgotten Realms,110,normal,common,1,60393,b723d9cd-05f5-4894-9f2b-52a434a3019c,0.39,false,false,near_mint,en,AUD,2026-09-05T12:28:19.512Z
Evolving Wilds,AFR,Adventures in the Forgotten Realms,256,normal,common,1,60284,71afb548-691d-4c72-b369-85f9b451c71d,0.29,false,false,near_mint,en,AUD,2026-09-05T12:28:19.513Z
Spiked Pit Trap,AFR,Adventures in the Forgotten Realms,251,normal,common,1,60247,59fbf45a-23b4-4d06-abd9-4cc3895cb29d,0.32,false,false,near_mint,en,AUD,2026-09-05T12:28:19.514Z
Spare Dagger,AFR,Adventures in the Forgotten Realms,250,normal,common,1,60374,ab6b0291-00f8-45bf-9f3a-ee43739c2b77,0.29,false,false,near_mint,en,AUD,2026-09-05T12:28:19.515Z
Greataxe,AFR,Adventures in the Forgotten Realms,245,normal,common,1,60484,e840aef6-eec4-40dd-bbc4-6fd0b2b57805,0.28,false,false,near_mint,en,AUD,2026-09-05T12:28:19.516Z
Hunter's Mark,AFR,Adventures in the Forgotten Realms,188,normal,uncommon,1,60259,62023c58-8b94-4a81-a259-a047e1edd342,0.22,false,false,near_mint,en,AUD,2026-09-05T12:28:19.519Z
Sylvan Shepherd,AFR,Adventures in the Forgotten Realms,206,normal,common,1,60433,c7d608fb-35b0-498e-988a-f53986b59dd2,0.24,false,false,near_mint,en,AUD,2026-09-05T12:28:19.520Z
Spoils of the Hunt,AFR,Adventures in the Forgotten Realms,205,normal,common,1,60157,10dfdfd4-8621-40ef-a60f-74e9c107bbaf,0.07,false,false,near_mint,en,AUD,2026-09-05T12:28:19.521Z
Find the Path,AFR,Adventures in the Forgotten Realms,183,normal,common,1,60249,5afe37a0-ccc3-467a-b787-304465b38355,0.33,false,false,near_mint,en,AUD,2026-09-05T12:28:19.522Z
Dire Wolf Prowler,AFR,Adventures in the Forgotten Realms,179,normal,common,1,60231,4ab4769d-31ba-40d3-9375-494b93f01183,0.24,false,false,near_mint,en,AUD,2026-09-05T12:28:19.523Z
Circle of the Moon Druid,AFR,Adventures in the Forgotten Realms,177,normal,common,1,60280,700c9ed8-6bfe-4f1e-855a-5f31e0d2fc9b,0.26,false,false,near_mint,en,AUD,2026-09-05T12:28:19.524Z
You Find a Cursed Idol,AFR,Adventures in the Forgotten Realms,213,normal,common,1,60497,efb5671a-942a-4730-9756-32fe600e0528,0.35,false,false,near_mint,en,AUD,2026-09-05T12:28:19.525Z
Ranger's Longbow,AFR,Adventures in the Forgotten Realms,203,normal,common,1,60203,34c99b32-353c-4930-a6ee-3fb44cf70253,0.33,false,false,near_mint,en,AUD,2026-09-05T12:28:19.526Z
Neverwinter Dryad,AFR,Adventures in the Forgotten Realms,195,normal,common,1,60480,e64d7cc7-bbdd-4db3-906e-a2f7672e0f67,0.29,false,false,near_mint,en,AUD,2026-09-05T12:28:19.527Z
Neverwinter Dryad,AFR,Adventures in the Forgotten Realms,329,normal,common,1,60127,01234d4c-ff3d-40a8-8404-9790d3ee3620,0.22,false,false,near_mint,en,AUD,2026-09-05T12:28:19.528Z
Critical Hit,AFR,Adventures in the Forgotten Realms,137,normal,uncommon,1,60446,d2e9aaaf-0b51-4721-b75c-923892a41743,0.35,false,false,near_mint,en,AUD,2026-09-05T12:28:19.536Z
Hired Hexblade,AFR,Adventures in the Forgotten Realms,109,normal,common,1,60418,c23cbf01-90d0-4962-92d5-5e1566e8ef4b,0.11,false,false,near_mint,en,AUD,2026-09-05T12:28:19.549Z
Grim Wanderer,AFR,Adventures in the Forgotten Realms,107,normal,uncommon,1,60473,e339f0f7-a79d-4947-a9c4-b9a0949dd06a,0.28,false,false,near_mint,en,AUD,2026-09-05T12:28:19.550Z
Dungeon Crawler,AFR,Adventures in the Forgotten Realms,99,normal,uncommon,1,60217,4138b66d-cf18-42a5-8522-241bd3969624,0.3,false,false,near_mint,en,AUD,2026-09-05T12:28:19.552Z
Goblin Javelineer,AFR,Adventures in the Forgotten Realms,318,normal,common,2,60149,0bf573ba-6471-434b-88fd-c9caa539515a,0.21,false,false,near_mint,en,AUD,2026-09-05T12:28:19.436Z
Farideh's Fireball,AFR,Adventures in the Forgotten Realms,142,normal,common,3,60243,57a46987-f05a-4b83-af56-f18000874e65,0.33,false,false,near_mint,en,AUD,2026-09-05T12:28:19.437Z
Swarming Goblins,AFR,Adventures in the Forgotten Realms,162,normal,common,2,60260,623c1d1b-69a4-4bc4-b388-17a7600fd960,0.4,false,false,near_mint,en,AUD,2026-09-05T12:28:19.438Z
Valor Singer,AFR,Adventures in the Forgotten Realms,165,normal,common,4,60321,89bc162c-bdf1-43f7-882f-d8cee4f3f415,0.18,false,false,near_mint,en,AUD,2026-09-05T12:28:19.439Z
Goblin Javelineer,AFR,Adventures in the Forgotten Realms,144,normal,common,2,60448,d32b3f1b-40cb-413d-adb9-0809e4a2abdd,0.24,false,false,near_mint,en,AUD,2026-09-05T12:28:19.440Z
Hobgoblin Captain,AFR,Adventures in the Forgotten Realms,148,normal,common,2,60514,f7c0aa86-fd3b-4e0f-9d37-ce1ea8922243,0.22,false,false,near_mint,en,AUD,2026-09-05T12:28:19.441Z
Dueling Rapier,AFR,Adventures in the Forgotten Realms,140,normal,common,2,60421,c304118a-c83b-490a-b0e2-721734a996ee,0.3,false,false,near_mint,en,AUD,2026-09-05T12:28:19.442Z
Boots of Speed,AFR,Adventures in the Forgotten Realms,133,normal,common,3,60463,db6d9913-3d4f-4f47-ba3a-6586a50ddbd7,0.33,false,false,near_mint,en,AUD,2026-09-05T12:28:19.443Z
Armory Veteran,AFR,Adventures in the Forgotten Realms,130,normal,common,2,60218,4177f57e-c239-47e8-ae50-5f593f6d54ec,0.25,false,false,near_mint,en,AUD,2026-09-05T12:28:19.446Z
Brazen Dwarf,AFR,Adventures in the Forgotten Realms,134,normal,common,2,60205,3658e65b-df54-4327-9104-c2f3dd65df85,0.29,false,false,near_mint,en,AUD,2026-09-05T12:28:19.447Z
Earth-Cult Elemental,AFR,Adventures in the Forgotten Realms,141,normal,common,3,60518,fa05f317-b2f8-4eea-951b-0c374774764b,0.29,false,false,near_mint,en,AUD,2026-09-05T12:28:19.448Z
Hoarding Ogre,AFR,Adventures in the Forgotten Realms,146,normal,common,4,60469,df39eaac-b13f-4cb3-960d-8f7a0d590663,0.37,false,false,near_mint,en,AUD,2026-09-05T12:28:19.449Z
You Come to the Gnoll Camp,AFR,Adventures in the Forgotten Realms,168,normal,common,4,60151,0e893613-423e-409b-9334-292bd252405b,0.33,false,false,near_mint,en,AUD,2026-09-05T12:28:19.454Z
Price of Loyalty,AFR,Adventures in the Forgotten Realms,159,normal,common,2,60225,47634528-cc34-406a-8572-812a41d6a86a,0.39,false,false,near_mint,en,AUD,2026-09-05T12:28:19.455Z
Herald of Hadar,AFR,Adventures in the Forgotten Realms,108,normal,common,3,60404,baa74204-2593-4468-856d-a5791336126a,0.3,false,false,near_mint,en,AUD,2026-09-05T12:28:19.466Z
Zombie Ogre,AFR,Adventures in the Forgotten Realms,129,normal,common,4,60451,d4dbed36-190c-4748-b282-409a2fb5d134,0.26,false,false,near_mint,en,AUD,2026-09-05T12:28:19.469Z
Drider,AFR,Adventures in the Forgotten Realms,98,normal,uncommon,3,60408,bbc06a88-1eb6-4edb-8f03-d8274560cc41,0.43,false,false,near_mint,en,AUD,2026-09-05T12:28:19.470Z
Grim Bounty,AFR,Adventures in the Forgotten Realms,106,normal,common,2,60400,b98e0ab1-dea8-492b-a712-2057f2b1d020,0.22,false,false,near_mint,en,AUD,2026-09-05T12:28:19.473Z
Sepulcher Ghoul,AFR,Adventures in the Forgotten Realms,118,normal,common,3,60250,5b302bc8-683f-4a26-ab86-87eaa19dce4d,0.15,false,false,near_mint,en,AUD,2026-09-05T12:28:19.475Z
Thieves' Tools,AFR,Adventures in the Forgotten Realms,122,normal,common,2,60506,f50b922e-32dd-4645-b6f4-c07d1a0c70fc,0.3,false,false,near_mint,en,AUD,2026-09-05T12:28:19.477Z
Fates' Reversal,AFR,Adventures in the Forgotten Realms,102,normal,common,2,60164,19ff3d76-e985-4d8d-837e-89360cc23824,0.43,false,false,near_mint,en,AUD,2026-09-05T12:28:19.479Z
Black Dragon,AFR,Adventures in the Forgotten Realms,90,normal,uncommon,2,60372,aaca283a-39f1-4ae7-98fb-7821a927ef86,0.35,false,false,near_mint,en,AUD,2026-09-05T12:28:19.480Z
Ingenious Smith,AFR,Adventures in the Forgotten Realms,21,normal,uncommon,2,60188,2ad29773-7c1b-410d-9f69-7aa751f6ebca,0.22,false,false,near_mint,en,AUD,2026-09-05T12:28:19.499Z
+2 Mace,AFR,Adventures in the Forgotten Realms,1,normal,common,2,60486,e882c9f9-bf30-46b6-bedc-379d2c80e5cb,0.22,false,false,near_mint,en,AUD,2026-09-05T12:28:19.504Z
"Shessra, Death's Whisper",AFR,Adventures in the Forgotten Realms,231,normal,uncommon,2,60258,60ca5fef-af21-4e2b-9efa-61e08a638a1f,0.26,false,false,near_mint,en,AUD,2026-09-05T12:28:19.506Z
Yuan-Ti Fang-Blade,AFR,Adventures in the Forgotten Realms,128,normal,common,2,60366,a7e0e09c-ed43-4a37-85f2-c60bdfdb2624,0.24,false,false,near_mint,en,AUD,2026-09-05T12:28:19.508Z
Hill Giant Herdgorger,AFR,Adventures in the Forgotten Realms,187,normal,common,2,60389,b69315cc-c230-4704-9d66-411f624f3e49,0.17,false,false,near_mint,en,AUD,2026-09-05T12:28:19.517Z
Morkrut Behemoth,MID,Innistrad: Midnight Hunt,114,normal,common,1,63190,318fe8a2-a68a-4c7e-9581-ae6800826164,0.19,false,false,near_mint,en,AUD,2026-09-05T12:35:54.582Z
Bat Whisperer,MID,Innistrad: Midnight Hunt,86,normal,common,1,63222,4412c901-0ec8-437a-9d1e-ce318bbe2b03,0.32,false,false,near_mint,en,AUD,2026-09-05T12:35:54.583Z
No Way Out,MID,Innistrad: Midnight Hunt,116,normal,common,1,63460,d9ef6a68-60a4-4a20-8b57-8b7a7c5ed0c6,0.29,false,false,near_mint,en,AUD,2026-09-05T12:35:54.584Z
Arrogant Outlaw,MID,Innistrad: Midnight Hunt,84,normal,common,1,63229,496a9d45-6197-44b6-b0fc-17aeae281b2f,0.1,false,false,near_mint,en,AUD,2026-09-05T12:35:54.587Z
Siege Zombie,MID,Innistrad: Midnight Hunt,121,normal,common,1,63457,d94b5270-840b-4905-815a-057029d7352f,0.15,false,false,near_mint,en,AUD,2026-09-05T12:35:54.590Z
Novice Occultist,MID,Innistrad: Midnight Hunt,117,normal,common,1,63381,a541ac79-a969-42b4-b989-f6e37572ec90,0.35,false,false,near_mint,en,AUD,2026-09-05T12:35:54.591Z
Vampire Interloper,MID,Innistrad: Midnight Hunt,125,normal,common,1,63428,c3e2ea59-36f1-4e95-bfe8-7008b085194f,0.24,false,false,near_mint,en,AUD,2026-09-05T12:35:54.592Z
Ecstatic Awakener // Awoken Demon,MID,Innistrad: Midnight Hunt,100,normal,common,1,63415,bbdad18e-e262-41f9-b252-1cbdcdd1b5f9,0.26,false,false,near_mint,en,AUD,2026-09-05T12:35:54.593Z
Drownyard Amalgam,MID,Innistrad: Midnight Hunt,50,normal,common,1,63299,71b05d44-d987-45e1-bbd9-842dbe58c2b5,0.25,false,false,near_mint,en,AUD,2026-09-05T12:35:54.596Z
Devious Cover-Up,MID,Innistrad: Midnight Hunt,48,normal,common,1,63277,648281fe-89fb-4d8d-b944-3af28fb044f6,0.32,false,false,near_mint,en,AUD,2026-09-05T12:35:54.597Z
Mysterious Tome // Chilling Chronicle,MID,Innistrad: Midnight Hunt,63,normal,uncommon,1,63435,caa57b63-bb11-45e8-8795-de92ca61f4f1,0.26,false,false,near_mint,en,AUD,2026-09-05T12:35:54.600Z
Startle,MID,Innistrad: Midnight Hunt,78,normal,common,1,63195,35f68eb3-9b40-4967-a52e-f95aec6e3fbf,0.29,false,false,near_mint,en,AUD,2026-09-05T12:35:54.603Z
Shipwreck Sifters,MID,Innistrad: Midnight Hunt,74,normal,common,1,63343,8f295833-a83e-4b18-8007-c7f5d78e5624,0.18,false,false,near_mint,en,AUD,2026-09-05T12:35:54.604Z
Geistwave,MID,Innistrad: Midnight Hunt,56,normal,common,1,63502,f0e3d1ac-bec2-4bba-a6cf-a823996dde2d,0.29,false,false,near_mint,en,AUD,2026-09-05T12:35:54.605Z
Covetous Castaway // Ghostly Castigator,MID,Innistrad: Midnight Hunt,45,normal,uncommon,1,63132,03a3ea4b-d292-4602-985f-7a7971ca73ec,0.22,false,false,near_mint,en,AUD,2026-09-05T12:35:54.606Z
Gavony Dawnguard,MID,Innistrad: Midnight Hunt,20,normal,uncommon,1,63255,58891dae-1c59-4f53-82ec-5b4c47133182,0.1,false,false,near_mint,en,AUD,2026-09-05T12:35:54.611Z
Celestus Sanctifier,MID,Innistrad: Midnight Hunt,12,normal,common,1,63283,67547253-ab98-4d3a-bf95-3e109cf60a85,0.08,false,false,near_mint,en,AUD,2026-09-05T12:35:54.612Z
Unruly Mob,MID,Innistrad: Midnight Hunt,40,normal,common,1,63266,5f48622a-abf3-407f-921f-77c29d59ba8e,0.19,false,false,near_mint,en,AUD,2026-09-05T12:35:54.613Z
Thraben Exorcism,MID,Innistrad: Midnight Hunt,39,normal,common,1,63372,a0700298-30d2-45a6-bd64-4fd7fa4d7d30,0.14,false,false,near_mint,en,AUD,2026-09-05T12:35:54.614Z
Flare of Faith,MID,Innistrad: Midnight Hunt,19,normal,common,1,63162,1b4354c6-ea21-46c0-93c4-744dbacbfcf4,0.35,false,false,near_mint,en,AUD,2026-09-05T12:35:54.615Z
Candlegrove Witch,MID,Innistrad: Midnight Hunt,8,normal,common,1,63467,dedfe6ea-cd43-4ec4-83a1-1f0f74e27f56,0.25,false,false,near_mint,en,AUD,2026-09-05T12:35:54.616Z
Gavony Trapper,MID,Innistrad: Midnight Hunt,22,normal,common,1,63256,5a1309ea-4411-4116-841f-5aef8611400c,0.15,false,false,near_mint,en,AUD,2026-09-05T12:35:54.617Z
Blessed Defiance,MID,Innistrad: Midnight Hunt,5,normal,common,1,63152,1555cdcb-3471-4ee7-99c3-d05311bf433c,0.32,false,false,near_mint,en,AUD,2026-09-05T12:35:54.620Z
Bird Admirer // Wing Shredder,MID,Innistrad: Midnight Hunt,298,normal,common,1,63302,7247d5ab-2897-4c89-a030-2947328a0c9e,0.24,false,false,near_mint,en,AUD,2026-09-05T12:35:54.621Z
Silver Bolt,MID,Innistrad: Midnight Hunt,258,normal,common,1,63487,eb2c05a8-db56-4397-9b6c-5accb2d3f81f,0.06,false,false,near_mint,en,AUD,2026-09-05T12:35:54.624Z
Hungry for More,MID,Innistrad: Midnight Hunt,228,normal,uncommon,1,63441,ce09c0df-d022-4ebf-8f7f-8a913249e75f,0.29,false,false,near_mint,en,AUD,2026-09-05T12:35:54.625Z
Unnatural Moonrise,MID,Innistrad: Midnight Hunt,247,normal,uncommon,1,63422,bfdd9df1-6a3b-4f03-8eca-00ed22c02566,0.35,false,false,near_mint,en,AUD,2026-09-05T12:35:54.626Z
Join the Dance,MID,Innistrad: Midnight Hunt,229,normal,uncommon,1,63250,56b30a99-601b-40b9-b012-30fa4be5fd3c,0.26,false,false,near_mint,en,AUD,2026-09-05T12:35:54.627Z
Dawnhart Wardens,MID,Innistrad: Midnight Hunt,308,normal,uncommon,1,63244,54c410dc-123c-4431-9ccb-3f17e6555d68,0.15,false,false,near_mint,en,AUD,2026-09-05T12:35:54.628Z
Rootcoil Creeper,MID,Innistrad: Midnight Hunt,238,normal,uncommon,1,63201,3743cf9c-226f-43a3-b385-375a25414792,0.32,false,false,near_mint,en,AUD,2026-09-05T12:35:54.629Z
Tireless Hauler // Dire-Strain Brawler,MID,Innistrad: Midnight Hunt,203,normal,common,1,63213,3e96f9a6-c215-42b1-aa02-8e6143fe5bd7,0.26,false,false,near_mint,en,AUD,2026-09-05T12:35:54.630Z
Tireless Hauler // Dire-Strain Brawler,MID,Innistrad: Midnight Hunt,305,normal,common,1,63246,552bb3a5-0c2c-4dc5-aee8-1048b04e69f9,0.15,false,false,near_mint,en,AUD,2026-09-05T12:35:54.631Z
Tapping at the Window,MID,Innistrad: Midnight Hunt,201,normal,common,1,63413,ba75dc52-7ab2-43ec-afac-0a9bcf24cde9,0.22,false,false,near_mint,en,AUD,2026-09-05T12:35:54.634Z
Dawnhart Rejuvenator,MID,Innistrad: Midnight Hunt,180,normal,common,1,63442,cf4b5ad9-3de6-4d53-93a0-3b8d2e484687,0.25,false,false,near_mint,en,AUD,2026-09-05T12:35:54.637Z
Brood Weaver,MID,Innistrad: Midnight Hunt,173,normal,uncommon,1,63473,e24e2f49-70f9-445f-af03-2ef43798004a,0.24,false,false,near_mint,en,AUD,2026-09-05T12:35:54.638Z
Dawnhart Mentor,MID,Innistrad: Midnight Hunt,179,normal,uncommon,1,63173,234a09dd-a202-4487-899f-348744143ba5,0.17,false,false,near_mint,en,AUD,2026-09-05T12:35:54.639Z
Dawnhart Mentor,MID,Innistrad: Midnight Hunt,300,normal,uncommon,1,63389,ac558d9d-5c7d-4671-ae0b-94c099e1b111,0.15,false,false,near_mint,en,AUD,2026-09-05T12:35:54.640Z
Howl of the Hunt,MID,Innistrad: Midnight Hunt,188,normal,common,1,63314,7a48a42e-5cc5-4f9a-8745-99936f4cae5f,0.3,false,false,near_mint,en,AUD,2026-09-05T12:35:54.641Z
Clear Shot,MID,Innistrad: Midnight Hunt,176,normal,uncommon,1,63177,27476d9c-006d-4227-a5f2-49c7234b84a1,0.22,false,false,near_mint,en,AUD,2026-09-05T12:35:54.642Z
Pestilent Wolf,MID,Innistrad: Midnight Hunt,192,normal,common,1,63475,e2686431-8d9c-4b9c-998f-38b5ae113d4a,0.25,false,false,near_mint,en,AUD,2026-09-05T12:35:54.643Z
Bramble Armor,MID,Innistrad: Midnight Hunt,171,normal,common,1,63274,621b58aa-c809-4baf-b2c8-3a46969598d7,0.12,false,false,near_mint,en,AUD,2026-09-05T12:35:54.646Z
Deathbonnet Sprout // Deathbonnet Hulk,MID,Innistrad: Midnight Hunt,181,normal,uncommon,1,63375,a2cda10b-7cd5-4cf5-87bd-c3b8c6aa2b47,0.18,false,false,near_mint,en,AUD,2026-09-05T12:35:54.647Z
Mounted Dreadknight,MID,Innistrad: Midnight Hunt,150,normal,common,1,63443,d1814fc8-011f-4cd4-825b-f00ae6ec0fe0,0.11,false,false,near_mint,en,AUD,2026-09-05T12:35:54.648Z
Burn the Accursed,MID,Innistrad: Midnight Hunt,132,normal,common,1,63521,ff4d4e6b-564d-46da-8e32-09ed08c8ddc5,0.08,false,false,near_mint,en,AUD,2026-09-05T12:35:54.649Z
Tavern Ruffian // Tavern Smasher,MID,Innistrad: Midnight Hunt,163,normal,common,1,63167,1d7b2d05-ce5c-4b73-8fa6-d9b69619d58c,0.19,false,false,near_mint,en,AUD,2026-09-05T12:35:54.650Z
Ardent Elementalist,MID,Innistrad: Midnight Hunt,128,normal,common,1,63507,f58592f7-1df5-428d-9dde-e6acd9a5d1d5,0.42,false,false,near_mint,en,AUD,2026-09-05T12:35:54.651Z
Spellrune Painter // Spellrune Howler,MID,Innistrad: Midnight Hunt,160,normal,uncommon,1,63446,d2a5b43d-e21b-4294-9ea2-5bd0264e71d3,0.3,false,false,near_mint,en,AUD,2026-09-05T12:35:54.652Z
Neonate's Rush,MID,Innistrad: Midnight Hunt,151,normal,common,1,63468,dee17e12-e08f-4449-9f49-05f20e0d1670,0.14,false,false,near_mint,en,AUD,2026-09-05T12:35:54.653Z
Village Watch // Village Reavers,DBL,Innistrad: Double Feature,165,normal,uncommon,1,65507,de968157-3567-4df9-80bd-2a541dbaddf6,2.05,false,false,near_mint,en,AUD,2026-09-05T12:35:54.654Z
Moonrager's Slash,MID,Innistrad: Midnight Hunt,148,normal,common,1,63489,eb4f266b-c41c-4047-ae6f-b2226c7459e8,0.29,false,false,near_mint,en,AUD,2026-09-05T12:35:54.655Z
Electric Revelation,MID,Innistrad: Midnight Hunt,135,normal,common,1,63171,20ff3289-00fb-4e91-b34f-6255e9de8e9e,0.35,false,false,near_mint,en,AUD,2026-09-05T12:35:54.656Z
Famished Foragers,MID,Innistrad: Midnight Hunt,138,normal,common,1,63519,fdbe6937-ceda-4367-a101-562fd5e0e09d,0.15,false,false,near_mint,en,AUD,2026-09-05T12:35:54.661Z
Falkenrath Perforator,MID,Innistrad: Midnight Hunt,136,normal,common,2,63429,c40998e0-d7d0-4d79-a40a-9a381debd2cb,0.28,false,false,near_mint,en,AUD,2026-09-05T12:35:54.581Z
Shady Traveler // Stalking Predator,MID,Innistrad: Midnight Hunt,120,normal,common,2,63248,55f0666a-5c3e-492b-b4ea-42fa7f24661b,0.08,false,false,near_mint,en,AUD,2026-09-05T12:35:54.585Z
Hobbling Zombie,MID,Innistrad: Midnight Hunt,106,normal,common,2,63284,68284193-a38e-40d2-8d15-92d223756751,0.35,false,false,near_mint,en,AUD,2026-09-05T12:35:54.586Z
Eaten Alive,MID,Innistrad: Midnight Hunt,99,normal,common,2,63483,e7975a3c-570a-4bff-a60d-d274f758b93f,0.24,false,false,near_mint,en,AUD,2026-09-05T12:35:54.594Z
Overwhelmed Archivist // Archive Haunt,MID,Innistrad: Midnight Hunt,68,normal,uncommon,2,63329,832288fd-8031-4c2b-ad3e-b1ec9f94d379,0.21,false,false,near_mint,en,AUD,2026-09-05T12:35:54.598Z
Unblinking Observer,MID,Innistrad: Midnight Hunt,82,normal,common,2,63324,8148063c-a509-43ac-a291-c9410c30c2f2,0.21,false,false,near_mint,en,AUD,2026-09-05T12:35:54.601Z
Secrets of the Key,MID,Innistrad: Midnight Hunt,73,normal,common,2,63364,9b022ba8-07b6-4993-99c8-89c6dcb19e60,0.3,false,false,near_mint,en,AUD,2026-09-05T12:35:54.607Z
Sungold Barrage,MID,Innistrad: Midnight Hunt,36,normal,common,2,63496,ee507688-9890-47c4-bb04-43c51eb48e22,0.15,false,false,near_mint,en,AUD,2026-09-05T12:35:54.609Z
Candletrap,MID,Innistrad: Midnight Hunt,9,normal,common,2,63191,32869a36-f21e-4348-a787-871daa6151df,0.32,false,false,near_mint,en,AUD,2026-09-05T12:35:54.618Z
Crossroads Candleguide,MID,Innistrad: Midnight Hunt,253,normal,common,2,63262,5cad1524-9e75-47e0-b817-47110634802a,0.25,false,false,near_mint,en,AUD,2026-09-05T12:35:54.622Z
Return to Nature,MID,Innistrad: Midnight Hunt,195,normal,common,2,63294,6e25c252-4177-4193-914c-b6933d9c0d7d,0.5,false,false,near_mint,en,AUD,2026-09-05T12:35:54.632Z
Candlelit Cavalry,MID,Innistrad: Midnight Hunt,175,normal,common,2,63380,a4c3bd60-1ff6-4136-9188-d0620fd299a7,0.17,false,false,near_mint,en,AUD,2026-09-05T12:35:54.635Z
Duel for Dominance,MID,Innistrad: Midnight Hunt,184,normal,common,2,63365,9bb0a0c8-158e-4a6f-976e-3de9f57c3463,0.35,false,false,near_mint,en,AUD,2026-09-05T12:35:54.644Z
Stolen Vitality,MID,Innistrad: Midnight Hunt,161,normal,common,2,63451,d50df2dd-8d14-4d92-ab4e-bf9f9f147e91,0.14,false,false,near_mint,en,AUD,2026-09-05T12:35:54.657Z
Festival Crasher,MID,Innistrad: Midnight Hunt,140,normal,common,2,63275,626b0477-6165-443a-8a75-dfeac26ac9f9,0.25,false,false,near_mint,en,AUD,2026-09-05T12:35:54.659Z
Temur Tawnyback,TDM,Tarkir: Dragonstorm,229,normal,common,1,104566,3cdb383f-bc04-46d1-aa3a-7459d57f1fec,0.14,false,false,near_mint,en,AUD,2026-09-05T12:44:59.979Z
Blossoming Sands,TDM,Tarkir: Dragonstorm,251,normal,common,1,104239,0a9df994-e0f4-4919-af99-4f643eb9199c,0.24,false,false,near_mint,en,AUD,2026-09-05T12:44:59.990Z
Monastery Messenger,TDM,Tarkir: Dragonstorm,208,normal,common,1,104443,0c9eeced-6464-41f0-bbea-05b3af4cc005,0.19,false,false,near_mint,en,AUD,2026-09-05T12:44:59.992Z
Focus the Mind,TDM,Tarkir: Dragonstorm,45,normal,common,1,105153,abb0ba34-6904-4c17-a04d-ea4f12c7cf21,0.3,false,false,near_mint,en,AUD,2026-09-05T12:44:59.997Z
Dismal Backwater,TDM,Tarkir: Dragonstorm,254,normal,common,1,104238,082b52c9-c46e-44d3-b723-546ba528e07b,0.3,false,false,near_mint,en,AUD,2026-09-05T12:44:59.998Z
Wingspan Stride,TDM,Tarkir: Dragonstorm,66,normal,common,1,104541,339a0e24-c332-4558-bb60-f5504ddde88c,0.24,false,false,near_mint,en,AUD,2026-09-05T12:44:59.999Z
Sagu Wildling // Roost Seek,TDM,Tarkir: Dragonstorm,157,normal,common,1,104994,d8b43b00-f4d1-436c-bf3f-6d414cd4ce38,0.26,false,false,near_mint,en,AUD,2026-09-05T12:45:00.021Z
Scoured Barrens,TDM,Tarkir: Dragonstorm,267,normal,common,1,104346,b4b47b80-69ed-44b0-afa0-ca90206dc16d,0.32,false,false,near_mint,en,AUD,2026-09-05T12:45:00.060Z
Stormshriek Feral // Flush Out,TDM,Tarkir: Dragonstorm,124,normal,common,1,104447,0ec92c44-7cf0-48a5-a3ca-bc633496d887,0.26,false,false,near_mint,en,AUD,2026-09-05T12:45:00.061Z
Tranquil Cove,TDM,Tarkir: Dragonstorm,270,normal,common,1,104249,1c4efa6c-4f29-41cd-a728-bf0e479ace05,0.21,false,false,near_mint,en,AUD,2026-09-05T12:45:00.068Z
Unending Whisper,TDM,Tarkir: Dragonstorm,62,normal,common,1,105070,fc48180a-ccac-469f-938d-c050821d0160,0.26,false,false,near_mint,en,AUD,2026-09-05T12:45:00.087Z
Watcher of the Wayside,TDM,Tarkir: Dragonstorm,249,normal,common,1,104262,2dcafdac-a293-4adc-a540-3b3f469cf6f3,0.29,false,false,near_mint,en,AUD,2026-09-05T12:45:00.091Z
Dragonback Lancer,TDM,Tarkir: Dragonstorm,9,normal,common,1,104235,0200a8c5-3293-48d0-a523-ba148680f588,0.26,false,false,near_mint,en,AUD,2026-09-05T12:45:00.093Z
Agent of Kotis,TDM,Tarkir: Dragonstorm,36,normal,common,1,104318,812d0462-0158-467f-951d-a7a121188a10,0.11,false,false,near_mint,en,AUD,2026-09-05T12:45:00.094Z
Sarkhan's Resolve,TDM,Tarkir: Dragonstorm,158,normal,common,1,104952,cae56fef-b661-4bc5-b9a1-3871ae06e491,0.18,false,false,near_mint,en,AUD,2026-09-05T12:45:00.095Z
Alesha's Legacy,TDM,Tarkir: Dragonstorm,72,normal,common,1,104875,a9262bf6-df6a-446c-ba70-18270a09842d,0.33,false,false,near_mint,en,AUD,2026-09-05T12:45:00.096Z
Delta Bloodflies,TDM,Tarkir: Dragonstorm,77,normal,common,1,104457,119bb72d-aed9-47dc-9285-7bc836cc3776,0.24,false,false,near_mint,en,AUD,2026-09-05T12:45:00.098Z
Ainok Wayfarer,TDM,Tarkir: Dragonstorm,134,normal,common,1,105133,57695a9b-8f72-4ccc-a946-5d5037b09b8f,0.32,false,false,near_mint,en,AUD,2026-09-05T12:45:00.099Z
Riverwalk Technique,TDM,Tarkir: Dragonstorm,54,normal,common,1,105118,043c25d5-13ee-4cab-98d5-fb89db9cf6e3,0.26,false,false,near_mint,en,AUD,2026-09-05T12:45:00.100Z
Rugged Highlands,TDM,Tarkir: Dragonstorm,265,normal,common,1,104267,31261eca-28ad-407c-84ef-0c124d0d7451,0.24,false,false,near_mint,en,AUD,2026-09-05T12:45:00.109Z
Devoted Duelist,TDM,Tarkir: Dragonstorm,104,normal,common,1,104354,bbf9c673-37b4-48ed-a9ea-13f8e3e6c47b,0.17,false,false,near_mint,en,AUD,2026-09-05T12:45:00.112Z
Twin Bolt,TDM,Tarkir: Dragonstorm,128,normal,common,1,105137,688d8e93-d071-4089-9ef9-565ac4ae9ae0,0.14,false,false,near_mint,en,AUD,2026-09-05T12:45:00.113Z
Jeskai Devotee,TDM,Tarkir: Dragonstorm,110,normal,common,1,104257,27f31f9c-7149-4608-9b18-b3530a2efd4a,0.14,false,false,near_mint,en,AUD,2026-09-05T12:45:00.114Z
Summit Intimidator,TDM,Tarkir: Dragonstorm,125,normal,common,1,104373,e3cba0b1-7c22-4e51-b9cf-5bf01e67a222,0.1,false,false,near_mint,en,AUD,2026-09-05T12:45:00.117Z
Nightblade Brigade,TDM,Tarkir: Dragonstorm,85,normal,common,1,105134,648debd9-d4cf-4788-8882-f1601a3d87f5,0.33,false,false,near_mint,en,AUD,2026-09-05T12:45:00.120Z
Dragon's Prey,TDM,Tarkir: Dragonstorm,79,normal,common,1,104754,7a6004ff-4180-4332-8b51-960f8c7521d9,0.18,false,false,near_mint,en,AUD,2026-09-05T12:45:00.122Z
Bearer of Glory,TDM,Tarkir: Dragonstorm,4,normal,common,1,104365,d6d91e42-43db-428d-a4dd-ef9d40306314,0.11,false,false,near_mint,en,AUD,2026-09-05T12:45:00.129Z
Arashin Sunshield,TDM,Tarkir: Dragonstorm,3,normal,common,1,105168,dd7102d8-90b3-45a1-b66d-dcca469b1fb6,0.14,false,false,near_mint,en,AUD,2026-09-05T12:45:00.134Z
Dispelling Exhale,TDM,Tarkir: Dragonstorm,41,normal,common,1,104477,1c9af3f1-711e-42ae-803a-1100eba3fb13,0.25,false,false,near_mint,en,AUD,2026-09-05T12:45:00.135Z
Humbling Elder,TDM,Tarkir: Dragonstorm,48,normal,common,1,104562,3a84c3f8-0030-4653-880e-b2d19272f5fa,0.17,false,false,near_mint,en,AUD,2026-09-05T12:45:00.136Z
Ringing Strike Mastery,TDM,Tarkir: Dragonstorm,53,normal,common,4,104399,ff4fc7ec-05f5-479a-8fbb-31e12a67b57e,0.17,false,false,near_mint,en,AUD,2026-09-05T12:44:59.976Z
Temur Devotee,TDM,Tarkir: Dragonstorm,61,normal,common,4,104333,a2ef698e-5466-43bd-985d-020f2e5d8205,0.1,false,false,near_mint,en,AUD,2026-09-05T12:44:59.977Z
Gurmag Nightwatch,TDM,Tarkir: Dragonstorm,190,normal,common,3,104369,de731430-6bbf-4782-953e-b69c46353959,0.12,false,false,near_mint,en,AUD,2026-09-05T12:44:59.978Z
Boulderborn Dragon,TDM,Tarkir: Dragonstorm,239,normal,common,3,104292,50c6e815-bfe7-4599-9227-d36504a3640f,0.28,false,false,near_mint,en,AUD,2026-09-05T12:44:59.980Z
Adorned Crocodile,TDM,Tarkir: Dragonstorm,69,normal,common,2,105159,bb13a34b-6ac8-47cb-9e91-47106a585fc1,0.22,false,false,near_mint,en,AUD,2026-09-05T12:44:59.981Z
Wild Ride,TDM,Tarkir: Dragonstorm,132,normal,common,3,105154,abc8c6f5-6135-428e-8476-1751f82623f9,0.32,false,false,near_mint,en,AUD,2026-09-05T12:44:59.982Z
Coordinated Maneuver,TDM,Tarkir: Dragonstorm,6,normal,common,2,104941,c6569487-53c5-4b91-877d-e4e31bfa90c0,0.24,false,false,near_mint,en,AUD,2026-09-05T12:44:59.983Z
Jungle Hollow,TDM,Tarkir: Dragonstorm,258,normal,common,2,104375,ea13440b-3f7b-4182-9541-27c1fa3121e5,0.19,false,false,near_mint,en,AUD,2026-09-05T12:44:59.984Z
Aggressive Negotiations,TDM,Tarkir: Dragonstorm,70,normal,common,3,105146,993ade84-031f-4a3e-bd68-55f61b559248,0.19,false,false,near_mint,en,AUD,2026-09-05T12:44:59.985Z
Krotiq Nestguard,TDM,Tarkir: Dragonstorm,148,normal,common,4,104862,a5d0a9fb-1068-478d-a78c-6fd77cc313f0,0.11,false,false,near_mint,en,AUD,2026-09-05T12:44:59.986Z
Caustic Exhale,TDM,Tarkir: Dragonstorm,74,normal,common,4,104284,488152ce-2048-4ccb-b2d6-b9628958286f,0.17,false,false,near_mint,en,AUD,2026-09-05T12:44:59.987Z
Underfoot Underdogs,TDM,Tarkir: Dragonstorm,129,normal,common,4,104431,049acc79-1d68-410f-a081-88a7d40e823a,0.24,false,false,near_mint,en,AUD,2026-09-05T12:44:59.988Z
Dragonstorm Globe,TDM,Tarkir: Dragonstorm,241,normal,common,2,104767,7f50aa6e-ce6a-4479-9725-202926245f2c,0.39,false,false,near_mint,en,AUD,2026-09-05T12:44:59.991Z
Piercing Exhale,TDM,Tarkir: Dragonstorm,151,normal,common,2,104891,b2a0deb9-5bc3-42d5-9e1e-5f463d176aef,0.26,false,false,near_mint,en,AUD,2026-09-05T12:44:59.993Z
Feral Deathgorger // Dusk Sight,TDM,Tarkir: Dragonstorm,80,normal,common,2,104845,a147b94f-dfcf-44ce-8a73-b2fe6c4efc0e,0.21,false,false,near_mint,en,AUD,2026-09-05T12:44:59.994Z
Meticulous Artisan,TDM,Tarkir: Dragonstorm,112,normal,common,3,104912,baf4c9dd-0546-41ac-a7ba-0bc312fef31e,0.1,false,false,near_mint,en,AUD,2026-09-05T12:44:59.995Z
Mardu Devotee,TDM,Tarkir: Dragonstorm,16,normal,common,2,104366,da45e9b0-a4f6-413b-9e62-666c511eb5b0,0.24,false,false,near_mint,en,AUD,2026-09-05T12:44:59.996Z
Reigning Victor,TDM,Tarkir: Dragonstorm,216,normal,common,2,104334,a394112a-032b-4047-887a-6522cf7b83d5,0.24,false,false,near_mint,en,AUD,2026-09-05T12:45:00.000Z
Narset's Rebuke,TDM,Tarkir: Dragonstorm,114,normal,common,3,104640,5098bd73-d51c-4db4-bf06-fd4854089d37,0.22,false,false,near_mint,en,AUD,2026-09-05T12:45:00.001Z
Salt Road Packbeast,TDM,Tarkir: Dragonstorm,23,normal,common,2,104327,98d548c9-42bc-4155-8211-0aea801c3724,0.17,false,false,near_mint,en,AUD,2026-09-05T12:45:00.002Z
Iceridge Serpent,TDM,Tarkir: Dragonstorm,49,normal,common,2,105167,d13f117b-b8e4-48db-8ce9-5da9c7ce23a5,0.15,false,false,near_mint,en,AUD,2026-09-05T12:45:00.003Z
Sultai Devotee,TDM,Tarkir: Dragonstorm,160,normal,common,2,104358,c32487e9-f3ac-472e-b6ea-81bd9254770c,0.22,false,false,near_mint,en,AUD,2026-09-05T12:45:00.004Z
Swiftwater Cliffs,TDM,Tarkir: Dragonstorm,268,normal,common,2,104361,ca53fb19-b8ca-485b-af1a-5117ae54bfe3,0.25,false,false,near_mint,en,AUD,2026-09-05T12:45:00.006Z
Lightfoot Technique,TDM,Tarkir: Dragonstorm,14,normal,common,3,104910,baac1a41-d44d-4184-9147-b4233e73de65,0.25,false,false,near_mint,en,AUD,2026-09-05T12:45:00.008Z
Snowmelt Stag,TDM,Tarkir: Dragonstorm,57,normal,common,2,104869,a6b3b131-704a-4586-84f8-db465cd4a277,0.15,false,false,near_mint,en,AUD,2026-09-05T12:45:00.009Z
Bloodfell Caves,TDM,Tarkir: Dragonstorm,250,normal,common,2,104250,1dde3c68-6f29-4c00-b668-c25ac9e3e13b,0.24,false,false,near_mint,en,AUD,2026-09-05T12:45:00.014Z
Unburied Earthcarver,TDM,Tarkir: Dragonstorm,95,normal,common,3,105126,3ab5e71e-dc8d-4ed8-bcef-6497177c4a9d,0.1,false,false,near_mint,en,AUD,2026-09-05T12:45:00.015Z
Sibsig Appraiser,TDM,Tarkir: Dragonstorm,56,normal,common,3,105135,670c5b96-bac6-449b-a2bd-cb43750d3911,0.21,false,false,near_mint,en,AUD,2026-09-05T12:45:00.016Z
Osseous Exhale,TDM,Tarkir: Dragonstorm,17,normal,common,2,104493,2300da2f-2297-4c2f-90c1-11ce2b42d91f,0.24,false,false,near_mint,en,AUD,2026-09-05T12:45:00.023Z
Highspire Bell-Ringer,TDM,Tarkir: Dragonstorm,47,normal,common,2,105020,e75dccf7-2894-4c4a-b516-3eee73acddd3,0.24,false,false,near_mint,en,AUD,2026-09-05T12:45:00.024Z
Dusyut Earthcarver,TDM,Tarkir: Dragonstorm,141,normal,common,2,104352,b98ecc96-f557-479a-8685-2b5487d5b407,0.17,false,false,near_mint,en,AUD,2026-09-05T12:45:00.025Z
Reputable Merchant,TDM,Tarkir: Dragonstorm,217,normal,common,2,105157,b7d0591e-7fb7-40ea-ba2a-cfe544d40216,0.11,false,false,near_mint,en,AUD,2026-09-05T12:45:00.026Z
Sagu Pummeler,TDM,Tarkir: Dragonstorm,156,normal,common,2,105169,def9cb5b-4062-481e-b682-3a30443c2e56,0.15,false,false,near_mint,en,AUD,2026-09-05T12:45:00.027Z
Worthy Cost,TDM,Tarkir: Dragonstorm,99,normal,common,2,104883,adc18edc-01d8-4a7e-a87b-a854e50aa75e,0.37,false,false,near_mint,en,AUD,2026-09-05T12:45:00.028Z
Molten Exhale,TDM,Tarkir: Dragonstorm,113,normal,common,3,104440,0ab95aab-a4bf-4131-83a0-2c138b6f20c3,0.26,false,false,near_mint,en,AUD,2026-09-05T12:45:00.029Z
Thornwood Falls,TDM,Tarkir: Dragonstorm,269,normal,common,3,104376,ebb502c2-5fd0-46a9-b77d-010f4a942056,0.14,false,false,near_mint,en,AUD,2026-09-05T12:45:00.032Z
Riling Dawnbreaker // Signaling Roar,TDM,Tarkir: Dragonstorm,21,normal,common,2,104532,312f7072-3bf8-449f-bfb7-93727ef26c66,0.12,false,false,near_mint,en,AUD,2026-09-05T12:45:00.034Z
Dirgur Island Dragon // Skimming Strike,TDM,Tarkir: Dragonstorm,40,normal,common,3,104342,b1d21a9a-6b0c-4fbc-a427-81be885d326b,0.19,false,false,near_mint,en,AUD,2026-09-05T12:45:00.035Z
Undergrowth Leopard,TDM,Tarkir: Dragonstorm,165,normal,common,3,104307,67ab8f9a-b17c-452f-b4ef-a3f91909e3de,0.33,false,false,near_mint,en,AUD,2026-09-05T12:45:00.036Z
Sandskitter Outrider,TDM,Tarkir: Dragonstorm,89,normal,common,3,105122,1c4bfebe-f10f-44bd-9368-33e273ba5a55,0.17,false,false,near_mint,en,AUD,2026-09-05T12:45:00.037Z
Seize Opportunity,TDM,Tarkir: Dragonstorm,119,normal,common,3,104391,f7818d28-b9a5-4341-9adc-666070b8878d,0.33,false,false,near_mint,en,AUD,2026-09-05T12:45:00.038Z
Stormplain Detainment,TDM,Tarkir: Dragonstorm,28,normal,common,3,104135,39f3aab5-7b54-4b55-8114-c6f9f79c255d,0.26,false,false,near_mint,en,AUD,2026-09-05T12:45:00.039Z
Poised Practitioner,TDM,Tarkir: Dragonstorm,18,normal,common,4,105160,bb25366d-a647-4c5e-bcc7-7e54659aacbd,0.22,false,false,near_mint,en,AUD,2026-09-05T12:45:00.042Z
Champion of Dusan,TDM,Tarkir: Dragonstorm,137,normal,common,3,105164,c51dcdab-38ee-4804-8859-09adc353c182,0.28,false,false,near_mint,en,AUD,2026-09-05T12:45:00.044Z
Kin-Tree Nurturer,TDM,Tarkir: Dragonstorm,83,normal,common,4,105124,2177ef64-28bf-4acf-b1f1-c1408f03c411,0.14,false,false,near_mint,en,AUD,2026-09-05T12:45:00.045Z
Wind-Scarred Crag,TDM,Tarkir: Dragonstorm,271,normal,common,2,104286,4912e4d0-b16a-4aa6-a583-3430d26bd591,0.26,false,false,near_mint,en,AUD,2026-09-05T12:45:00.077Z
Fire-Rim Form,TDM,Tarkir: Dragonstorm,107,normal,common,2,104537,32dc1bf4-a135-449f-848f-361a5360fae1,0.21,false,false,near_mint,en,AUD,2026-09-05T12:45:00.080Z
Rebellious Strike,TDM,Tarkir: Dragonstorm,20,normal,common,2,104949,c9bafe19-3bd6-4da0-b3e5-e0b89262504c,0.43,false,false,near_mint,en,AUD,2026-09-05T12:45:00.092Z
Roamer's Routine,TDM,Tarkir: Dragonstorm,154,normal,common,2,104396,fb8c2d5c-ba0c-4d50-8898-5c6574b1e974,0.26,false,false,near_mint,en,AUD,2026-09-05T12:45:00.124Z
Fortress Kin-Guard,TDM,Tarkir: Dragonstorm,12,normal,common,2,104900,b647a018-1d70-43a1-a265-928bcd863689,0.22,false,false,near_mint,en,AUD,2026-09-05T12:45:00.130Z
Static Net,BRO,The Brothers' War,27,normal,uncommon,2,75482,5ab5cb30-3ced-4450-a3c4-b519f3762620,0.19,false,false,near_mint,en,AUD,2026-09-05T12:51:43.454Z
Overwhelming Remorse,BRO,The Brothers' War,110,normal,common,2,75335,202cbfa4-3b3d-47fd-84a6-892692c906d6,0.35,false,false,near_mint,en,AUD,2026-09-05T12:51:43.455Z
No One Left Behind,BRO,The Brothers' War,109,normal,uncommon,1,75434,4a7e030c-98d1-452c-8020-cd92a3ef02c3,0.25,false,false,near_mint,en,AUD,2026-09-05T12:51:43.456Z
Gruesome Realization,BRO,The Brothers' War,103,normal,uncommon,1,75338,21cd0ece-a267-42ab-b95a-6e7931bd837a,0.32,false,false,near_mint,en,AUD,2026-09-05T12:51:43.467Z
Weakstone's Subjugation,BRO,The Brothers' War,72,normal,common,1,75880,ef93ac79-8575-40f8-a222-63c2ffb30f60,0.17,false,false,near_mint,en,AUD,2026-09-05T12:51:43.520Z
Great Desert Prospector,BRO,The Brothers' War,7,normal,uncommon,1,75826,dc83d586-bf46-437f-a5a3-996bd62d5866,0.21,false,false,near_mint,en,AUD,2026-09-05T12:51:43.525Z
"Urza, Powerstone Prodigy",BRO,The Brothers' War,69,normal,uncommon,1,75421,445f897e-a059-4cd5-bfd2-302dc7a4c8e2,0.29,false,false,near_mint,en,AUD,2026-09-05T12:51:43.541Z
Aeronaut Cavalry,BRO,The Brothers' War,1,normal,common,3,75396,38a62bb2-bc33-44d4-9a7e-92c9ea7d3c2c,0.14,false,false,near_mint,en,AUD,2026-09-05T12:51:43.448Z
Thopter Architect,BRO,The Brothers' War,29,normal,uncommon,3,75497,61017325-cec0-46ac-aa32-5855e5904888,0.22,false,false,near_mint,en,AUD,2026-09-05T12:51:43.451Z
Ravenous Gigamole,BRO,The Brothers' War,113,normal,common,3,75368,2fee3328-75c2-4d13-86e1-bf3a40fbf538,0.25,false,false,near_mint,en,AUD,2026-09-05T12:51:43.457Z
Moment of Defiance,BRO,The Brothers' War,108,normal,common,3,75290,0e99fb27-a1e9-491f-ab2a-3ccb493168cb,0.15,false,false,near_mint,en,AUD,2026-09-05T12:51:43.460Z
Kill-Zone Acrobat,BRO,The Brothers' War,106,normal,common,2,75431,48f97974-bb65-46b0-a710-12fa4b9343ac,0.07,false,false,near_mint,en,AUD,2026-09-05T12:51:43.463Z
Gurgling Anointer,BRO,The Brothers' War,104,normal,uncommon,2,75664,9ce0d139-2bea-48df-a007-cee7c8ce07bd,0.19,false,false,near_mint,en,AUD,2026-09-05T12:51:43.465Z
Gix's Caress,BRO,The Brothers' War,96,normal,common,2,75882,f1140cb9-6c48-4054-966e-5cc02aa7d5a4,0.11,false,false,near_mint,en,AUD,2026-09-05T12:51:43.468Z
Gixian Skullflayer,BRO,The Brothers' War,100,normal,common,3,75874,ebdcf02b-1876-44d7-8a22-679ea1272856,0.28,false,false,near_mint,en,AUD,2026-09-05T12:51:43.470Z
Carrion Locust,BRO,The Brothers' War,87,normal,common,2,75516,6759acb8-82c0-479f-86f3-f22ca7a2006c,0.19,false,false,near_mint,en,AUD,2026-09-05T12:51:43.473Z
Battlefield Butcher,BRO,The Brothers' War,86,normal,uncommon,2,75626,90c47e31-d4f6-46f3-94b7-1726c4a4a8eb,0.12,false,false,near_mint,en,AUD,2026-09-05T12:51:43.475Z
Thraxodemon,BRO,The Brothers' War,115,normal,common,2,75915,fc59ca3b-d417-4cf2-99a3-89816bf2bd09,0.14,false,false,near_mint,en,AUD,2026-09-05T12:51:43.477Z
Powerstone Fracture,BRO,The Brothers' War,112,normal,common,3,75341,2323301f-565a-4c0f-bffd-18386ccd1f7a,0.12,false,false,near_mint,en,AUD,2026-09-05T12:51:43.479Z
Emergency Weld,BRO,The Brothers' War,93,normal,common,3,75875,ec94d440-3922-4588-bf7b-d8670f81ef4e,0.22,false,false,near_mint,en,AUD,2026-09-05T12:51:43.482Z
Disfigure,BRO,The Brothers' War,91,normal,common,3,75700,aaa9c6f1-3938-448b-bdc3-22420c5984d3,0.07,false,false,near_mint,en,AUD,2026-09-05T12:51:43.485Z
Ashnod's Intervention,BRO,The Brothers' War,85,normal,common,2,75740,bcf491db-d12b-4c58-9c05-085cac34a73e,0.39,false,false,near_mint,en,AUD,2026-09-05T12:51:43.488Z
Koilos Roc,BRO,The Brothers' War,55,normal,common,2,75873,ebdbcb87-c6ea-477f-a560-c175d99e21b8,0.07,false,false,near_mint,en,AUD,2026-09-05T12:51:43.490Z
Keeper of the Cadence,BRO,The Brothers' War,54,normal,uncommon,3,75282,09200388-47c9-4472-ac9e-98f57653e084,0.07,false,false,near_mint,en,AUD,2026-09-05T12:51:43.492Z
Desynchronize,BRO,The Brothers' War,46,normal,common,2,75427,46e101e5-2b20-48dd-aac4-15a3c32a7441,0.18,false,false,near_mint,en,AUD,2026-09-05T12:51:43.495Z
Take Flight,BRO,The Brothers' War,65,normal,uncommon,2,75426,46a2108e-e45e-4b21-a03b-5f644b6043be,0.11,false,false,near_mint,en,AUD,2026-09-05T12:51:43.497Z
Retrieval Agent,BRO,The Brothers' War,60,normal,common,2,75886,f333a7b1-936e-42f3-ba22-2c76dd2f1c9a,0.1,false,false,near_mint,en,AUD,2026-09-05T12:51:43.499Z
Stern Lesson,BRO,The Brothers' War,64,normal,common,2,75374,3151caa2-10ed-4f30-83eb-cd1bd3f642ce,0.43,false,false,near_mint,en,AUD,2026-09-05T12:51:43.500Z
Splitting the Powerstone,BRO,The Brothers' War,63,normal,uncommon,2,75465,569dab90-a0d8-4c0a-8e32-b2cb3aec39a6,0.14,false,false,near_mint,en,AUD,2026-09-05T12:51:43.501Z
Forging the Anchor,BRO,The Brothers' War,50,normal,uncommon,2,75276,057f6add-1f1d-4cce-9c9d-5e59fb74d78e,0.33,false,false,near_mint,en,AUD,2026-09-05T12:51:43.503Z
Zephyr Sentinel,BRO,The Brothers' War,74,normal,uncommon,3,75907,f935adbb-d2e3-48d0-b38c-41f3b583fecb,0.22,false,false,near_mint,en,AUD,2026-09-05T12:51:43.505Z
Thopter Mechanic,BRO,The Brothers' War,68,normal,uncommon,2,75555,7577b5c7-91ed-4201-bdfd-0919142124eb,0.26,false,false,near_mint,en,AUD,2026-09-05T12:51:43.508Z
Scatter Ray,BRO,The Brothers' War,61,normal,common,2,75323,1c2852c9-d566-4824-836a-2f4c7a5148a1,0.15,false,false,near_mint,en,AUD,2026-09-05T12:51:43.510Z
Machine Over Matter,BRO,The Brothers' War,57,normal,common,3,75795,d08eadf5-a86d-4e8d-b65d-79b4f88477b9,0.22,false,false,near_mint,en,AUD,2026-09-05T12:51:43.512Z
Curate,BRO,The Brothers' War,44,normal,common,3,75921,fe8c3fc8-c1cc-4dfc-94cb-1538bff9d09a,0.33,false,false,near_mint,en,AUD,2026-09-05T12:51:43.515Z
Air Marshal,BRO,The Brothers' War,43,normal,common,2,75653,991e1a6c-914b-45c8-9170-c09e72696117,0.06,false,false,near_mint,en,AUD,2026-09-05T12:51:43.518Z
Mass Production,BRO,The Brothers' War,15,normal,uncommon,2,75502,640a08b7-dd30-446e-a8a7-2e084bbb9586,0.1,false,false,near_mint,en,AUD,2026-09-05T12:51:43.521Z
Repair and Recharge,BRO,The Brothers' War,24,normal,uncommon,2,75275,04ff4a4b-4e86-41d1-a6b6-312aac0d3e1a,0.26,false,false,near_mint,en,AUD,2026-09-05T12:51:43.523Z
Third Path Savant,BRO,The Brothers' War,67,normal,common,3,75567,793a51ab-59fb-424f-a315-3f63e8990322,0.1,false,false,near_mint,en,AUD,2026-09-05T12:51:43.526Z
Mightstone's Animation,BRO,The Brothers' War,58,normal,common,2,75616,8c540e42-22e2-4127-bbd9-2e9200023fec,0.14,false,false,near_mint,en,AUD,2026-09-05T12:51:43.531Z
Lat-Nam Adept,BRO,The Brothers' War,56,normal,common,2,75677,a1e088de-e99f-4706-89e0-a7efdaf9403a,0.08,false,false,near_mint,en,AUD,2026-09-05T12:51:43.533Z
Involuntary Cooldown,BRO,The Brothers' War,53,normal,uncommon,2,75801,d4fcaf6d-6491-4459-98b0-b3c7d43df59e,0.25,false,false,near_mint,en,AUD,2026-09-05T12:51:43.535Z
Wing Commando,BRO,The Brothers' War,73,normal,common,2,75419,43e640c3-02bb-453c-a609-05d8214e2e2e,0.24,false,false,near_mint,en,AUD,2026-09-05T12:51:43.537Z
Urza's Rebuff,BRO,The Brothers' War,71,normal,common,2,75611,8a6f90b3-450c-490a-b6d0-2393c4646c85,0.24,false,false,near_mint,en,AUD,2026-09-05T12:51:43.539Z
Yotian Medic,BRO,The Brothers' War,33,normal,common,1,75884,f21b9c48-6eca-4677-961b-614f5ec594ce,0.17,false,false,near_mint,en,AUD,2026-09-05T12:55:58.362Z
The Fall of Kroog,BRO,The Brothers' War,133,normal,uncommon,1,75890,f454583d-d227-4fc8-842e-128e025880e4,0.12,false,false,near_mint,en,AUD,2026-09-05T12:55:58.390Z
"Mishra, Excavation Prodigy",BRO,The Brothers' War,140,normal,uncommon,1,75897,f5d02416-8578-40a5-bf31-d1ef9b8764f1,0.17,false,false,near_mint,en,AUD,2026-09-05T12:55:58.410Z
Sardian Cliffstomper,BRO,The Brothers' War,151,normal,uncommon,1,75752,c1c42d56-5b0e-4624-8831-77280f8d56cf,0.3,false,false,near_mint,en,AUD,2026-09-05T12:55:58.421Z
"Loran, Disciple of History",BRO,The Brothers' War,13,normal,uncommon,2,75655,9998f898-1f08-481b-8505-b890f0fec5e0,0.36,false,false,near_mint,en,AUD,2026-09-05T12:55:58.360Z
Warlord's Elite,BRO,The Brothers' War,32,normal,common,2,75310,1873cc9e-30b6-498e-b008-9d11a8bbf9b9,0.04,false,false,near_mint,en,AUD,2026-09-05T12:55:58.363Z
Union of the Third Path,BRO,The Brothers' War,31,normal,common,2,75430,486a0745-7360-4cc9-9cc2-30c0eda6e00c,0.28,false,false,near_mint,en,AUD,2026-09-05T12:55:58.365Z
Prison Sentence,BRO,The Brothers' War,21,normal,common,2,75561,76832ca8-95b2-4bc8-a191-9e2f50b77626,0.3,false,false,near_mint,en,AUD,2026-09-05T12:55:58.367Z
Airlift Chaplain,BRO,The Brothers' War,2,normal,common,2,75570,7ad55575-6053-43b1-9496-bcb1ea25e2a1,0.19,false,false,near_mint,en,AUD,2026-09-05T12:55:58.369Z
Powerstone Engineer,BRO,The Brothers' War,20,normal,common,3,75357,2901c5f6-5d83-437d-b434-d9beb115dd82,0.3,false,false,near_mint,en,AUD,2026-09-05T12:55:58.371Z
Phalanx Vanguard,BRO,The Brothers' War,19,normal,common,2,75359,2abe2af7-deba-4569-822a-2d9309aeaadd,0.08,false,false,near_mint,en,AUD,2026-09-05T12:55:58.374Z
Deadly Riposte,BRO,The Brothers' War,5,normal,common,2,75398,38eca0ae-d400-4afb-9a45-7100f4cd7149,0.29,false,false,near_mint,en,AUD,2026-09-05T12:55:58.376Z
Calamity's Wake,BRO,The Brothers' War,4,normal,uncommon,2,75265,013bed2b-25db-4dfc-9283-e80c9ac6c841,0.28,false,false,near_mint,en,AUD,2026-09-05T12:55:58.378Z
Ambush Paratrooper,BRO,The Brothers' War,3,normal,common,2,75793,cfa00c0e-163d-4f59-b8b9-3ee9143d27bb,0.08,false,false,near_mint,en,AUD,2026-09-05T12:55:58.380Z
Survivor of Korlis,BRO,The Brothers' War,28,normal,common,2,75590,817bcc8d-a5b7-448c-a3eb-825dc65944ec,0.08,false,false,near_mint,en,AUD,2026-09-05T12:55:58.382Z
Recruitment Officer,BRO,The Brothers' War,23,normal,uncommon,2,75754,c226656b-68d5-4df2-b313-a323a728c520,0.3,false,false,near_mint,en,AUD,2026-09-05T12:55:58.384Z
Military Discipline,BRO,The Brothers' War,17,normal,common,2,75640,94778e17-87c4-4765-b2f0-40455069f2c4,0.39,false,false,near_mint,en,AUD,2026-09-05T12:55:58.386Z
Meticulous Excavation,BRO,The Brothers' War,16,normal,uncommon,2,75861,e811461a-6a90-416f-940c-c9579659ae0c,0.29,false,false,near_mint,en,AUD,2026-09-05T12:55:58.388Z
Unleash Shell,BRO,The Brothers' War,155,normal,common,2,75322,1be13abf-b717-4122-ab2b-7e597a251d52,0.1,false,false,near_mint,en,AUD,2026-09-05T12:55:58.391Z
Sibling Rivalry,BRO,The Brothers' War,152,normal,common,2,75761,c44b24de-60b4-4855-9111-f1237f71bc4d,0.28,false,false,near_mint,en,AUD,2026-09-05T12:55:58.393Z
Pyrrhic Blast,BRO,The Brothers' War,148,normal,uncommon,2,75685,a523d5a7-58b1-45a3-81a7-078da02fda16,0.24,false,false,near_mint,en,AUD,2026-09-05T12:55:58.395Z
Mishra's Onslaught,BRO,The Brothers' War,143,normal,common,2,75876,eda82e38-c1d4-4019-8f79-f91602d941b0,0.25,false,false,near_mint,en,AUD,2026-09-05T12:55:58.397Z
Fallaji Chaindancer,BRO,The Brothers' War,134,normal,common,2,75443,4dc2da75-160d-47f9-b978-e153262ec1fc,0.11,false,false,near_mint,en,AUD,2026-09-05T12:55:58.399Z
Arms Race,BRO,The Brothers' War,126,normal,uncommon,3,75789,cd83b2c3-bb06-42db-83bf-8903a126512c,0.14,false,false,near_mint,en,AUD,2026-09-05T12:55:58.401Z
Tomakul Scrapsmith,BRO,The Brothers' War,153,normal,common,2,75799,d462d30c-9060-46d6-b5b3-cac476ee2ce1,0.03,false,false,near_mint,en,AUD,2026-09-05T12:55:58.404Z
Raze to the Ground,BRO,The Brothers' War,149,normal,common,2,75598,838b25d2-7615-4375-a5e6-3d762c9072a5,0.14,false,false,near_mint,en,AUD,2026-09-05T12:55:58.406Z
Penregon Strongbull,BRO,The Brothers' War,147,normal,common,2,75324,1c2deb43-7134-4f9c-b02d-78407a8986b1,0.26,false,false,near_mint,en,AUD,2026-09-05T12:55:58.408Z
Giant Cindermaw,BRO,The Brothers' War,136,normal,uncommon,2,75301,1349465f-d29f-4d4b-a653-f4388574c336,0.26,false,false,near_mint,en,AUD,2026-09-05T12:55:58.411Z
Excavation Explosion,BRO,The Brothers' War,132,normal,common,3,75675,a169612e-f5de-4653-bc31-9ede8c5bdc75,0.32,false,false,near_mint,en,AUD,2026-09-05T12:55:58.413Z
Conscripted Infantry,BRO,The Brothers' War,129,normal,common,3,75895,f50b0449-8ff7-4549-893b-aeca93720c64,0.06,false,false,near_mint,en,AUD,2026-09-05T12:55:58.416Z
Whirling Strike,BRO,The Brothers' War,157,normal,common,2,75715,b17950ae-43aa-4d03-a41e-726ca96eb1ba,0.26,false,false,near_mint,en,AUD,2026-09-05T12:55:58.419Z
Roc Hunter,BRO,The Brothers' War,150,normal,common,2,75484,5c8b2f2b-6f19-47f7-bb65-00665989bc30,0.06,false,false,near_mint,en,AUD,2026-09-05T12:55:58.422Z
Mishra's Domination,BRO,The Brothers' War,142,normal,common,3,75609,87c71fb1-a30b-4e0e-a6d6-4656cfff2da1,0.12,false,false,near_mint,en,AUD,2026-09-05T12:55:58.424Z
Horned Stoneseeker,BRO,The Brothers' War,138,normal,uncommon,2,75486,5cd965a9-caa2-42a3-b2f9-e4f57341ac27,0.17,false,false,near_mint,en,AUD,2026-09-05T12:55:58.425Z
Dwarven Forge-Chanter,BRO,The Brothers' War,131,normal,common,2,75737,bbd6a95a-11b9-43aa-b293-20a3102bae71,0.26,false,false,near_mint,en,AUD,2026-09-05T12:55:58.427Z
Goblin Blast-Runner,BRO,The Brothers' War,137,normal,common,3,75741,bd77c575-93a4-44ec-8940-adcbfc6e7a84,0.28,false,false,near_mint,en,AUD,2026-09-05T12:55:58.431Z
Disciples of Gix,BRO,The Brothers' War,90,normal,uncommon,2,75575,7d356456-865d-4c92-8923-ce7384e29a79,0.17,false,false,near_mint,en,AUD,2026-09-05T12:55:58.434Z
Trench Stalker,BRO,The Brothers' War,116,normal,common,2,75698,aa1b987a-a3b9-4cd1-85b0-e58df4130934,0.14,false,false,near_mint,en,AUD,2026-09-05T12:55:58.436Z
Midnight Mayhem,DSK,Duskmourn: House of Horror,222,normal,uncommon,1,98822,4fc0b94f-08b3-4fb6-9b09-2f3a215203ca,0.26,false,false,near_mint,en,AUD,2026-09-05T12:59:25.061Z
Drag to the Roots,DSK,Duskmourn: House of Horror,213,normal,uncommon,1,98704,46f46095-6479-46b0-9e59-194d83f86a46,0.42,false,false,near_mint,en,AUD,2026-09-05T12:59:25.062Z
Skullsnap Nuisance,DSK,Duskmourn: House of Horror,234,normal,uncommon,1,98776,0fdcdfd0-8c66-4767-a894-58cf0c6d7e07,0.29,false,false,near_mint,en,AUD,2026-09-05T12:59:25.071Z
Attack-in-the-Box,DSK,Duskmourn: House of Horror,242,normal,uncommon,1,98886,a477dc3e-0fa1-4ce4-b3de-8cae0d1a0763,0.26,false,false,near_mint,en,AUD,2026-09-05T12:59:25.109Z
Raucous Carnival,DSK,Duskmourn: House of Horror,266,normal,common,2,98618,3604a211-9bf7-474e-bd78-32a862f4259c,0.32,false,false,near_mint,en,AUD,2026-09-05T12:59:25.057Z
Terramorphic Expanse,DSK,Duskmourn: House of Horror,269,normal,common,2,98901,b379c8f1-817c-4f18-8f58-45c40504433e,0.39,false,false,near_mint,en,AUD,2026-09-05T12:59:25.058Z
Rite of the Moth,DSK,Duskmourn: House of Horror,229,normal,uncommon,2,98770,0e79123f-accd-4193-8c72-b750e0d6f3fa,0.25,false,false,near_mint,en,AUD,2026-09-05T12:59:25.060Z
Shrewd Storyteller,DSK,Duskmourn: House of Horror,232,normal,uncommon,2,98946,f9636877-8fcc-4ad5-8eb2-a5d5ba49583d,0.14,false,false,near_mint,en,AUD,2026-09-05T12:59:25.063Z
Sawblade Skinripper,DSK,Duskmourn: House of Horror,231,normal,uncommon,2,98917,cbe51964-50d2-49b0-9c3c-81751dcbeade,0.24,false,false,near_mint,en,AUD,2026-09-05T12:59:25.065Z
Fear of Infinity,DSK,Duskmourn: House of Horror,214,normal,uncommon,2,98857,81756844-c642-406f-842d-35c1e404fec0,0.35,false,false,near_mint,en,AUD,2026-09-05T12:59:25.067Z
Wildfire Wickerfolk,DSK,Duskmourn: House of Horror,239,normal,uncommon,2,98854,7c7fbc6e-09c6-4f0e-92e2-766aae950b3d,0.37,false,false,near_mint,en,AUD,2026-09-05T12:59:25.069Z
Oblivious Bookworm,DSK,Duskmourn: House of Horror,225,normal,uncommon,2,98913,c7b4c50b-fe76-430d-8f96-208f15ca4cd7,0.28,false,false,near_mint,en,AUD,2026-09-05T12:59:25.072Z
Intruding Soulrager,DSK,Duskmourn: House of Horror,218,normal,uncommon,2,98898,adffc298-0219-4807-ab05-d94460e767bc,0.17,false,false,near_mint,en,AUD,2026-09-05T12:59:25.074Z
Growing Dread,DSK,Duskmourn: House of Horror,216,normal,uncommon,2,98826,5479ac50-8335-4c6a-be99-750a44e24f25,0.29,false,false,near_mint,en,AUD,2026-09-05T12:59:25.076Z
Gremlin Tamer,DSK,Duskmourn: House of Horror,215,normal,uncommon,2,98808,3593a222-21c5-4f91-bde1-763ea08071da,0.37,false,false,near_mint,en,AUD,2026-09-05T12:59:25.078Z
Disturbing Mirth,DSK,Duskmourn: House of Horror,212,normal,uncommon,2,98679,f79b0c5d-6823-439c-a011-8b9bf424bdad,0.17,false,false,near_mint,en,AUD,2026-09-05T12:59:25.080Z
Broodspinner,DSK,Duskmourn: House of Horror,211,normal,uncommon,2,99011,dcdd2622-ab7a-4990-b026-3667cac42894,0.39,false,false,near_mint,en,AUD,2026-09-05T12:59:25.082Z
Beastie Beatdown,DSK,Duskmourn: House of Horror,210,normal,uncommon,2,99176,5f889c95-46af-4fd9-aff2-573d5384fd58,0.28,false,false,near_mint,en,AUD,2026-09-05T12:59:25.084Z
Baseball Bat,DSK,Duskmourn: House of Horror,209,normal,uncommon,2,98816,438accb1-6d2c-4710-adeb-df4301a7b8f1,0.19,false,false,near_mint,en,AUD,2026-09-05T12:59:25.086Z
Peculiar Lighthouse,DSK,Duskmourn: House of Horror,265,normal,common,2,98620,3a6e40c0-e70e-4353-a920-9851cfac71dd,0.26,false,false,near_mint,en,AUD,2026-09-05T12:59:25.089Z
Lakeside Shack,DSK,Duskmourn: House of Horror,262,normal,common,2,98660,a9367acd-393a-4966-ba60-af2ecd4e7596,0.22,false,false,near_mint,en,AUD,2026-09-05T12:59:25.091Z
Strangled Cemetery,DSK,Duskmourn: House of Horror,268,normal,common,2,98666,c1ce9250-bdbe-4c77-9243-6db9ffffe69b,0.3,false,false,near_mint,en,AUD,2026-09-05T12:59:25.093Z
Neglected Manor,DSK,Duskmourn: House of Horror,264,normal,common,2,98608,11cf1531-8a3c-4e28-a114-d3a342b33bb6,0.28,false,false,near_mint,en,AUD,2026-09-05T12:59:25.095Z
Etched Cornfield,DSK,Duskmourn: House of Horror,258,normal,common,2,98681,f8900b89-0e10-4602-bba2-da8d60ea5885,0.28,false,false,near_mint,en,AUD,2026-09-05T12:59:25.097Z
Bleeding Woods,DSK,Duskmourn: House of Horror,257,normal,common,2,98671,cb224874-aff5-461f-82ee-89b06663231a,0.32,false,false,near_mint,en,AUD,2026-09-05T12:59:25.099Z
Murky Sewer,DSK,Duskmourn: House of Horror,263,normal,common,2,98632,6098d8be-4e3f-455d-8799-91435bf45a1c,0.29,false,false,near_mint,en,AUD,2026-09-05T12:59:25.101Z
Abandoned Campground,DSK,Duskmourn: House of Horror,255,normal,common,2,98675,ee0565f5-ebdb-43f9-bbb4-0485b1968937,0.39,false,false,near_mint,en,AUD,2026-09-05T12:59:25.103Z
Malevolent Chandelier,DSK,Duskmourn: House of Horror,252,normal,common,2,99015,ef09d296-4493-47f7-ad76-ad76c747df78,0.12,false,false,near_mint,en,AUD,2026-09-05T12:59:25.105Z
Haunted Screen,DSK,Duskmourn: House of Horror,250,normal,uncommon,2,98829,5e7d552f-a7ac-4a49-a582-9d378137005f,0.29,false,false,near_mint,en,AUD,2026-09-05T12:59:25.107Z
Saw,DSK,Duskmourn: House of Horror,254,normal,uncommon,2,98830,603c3ef4-4ef1-4db8-9ed2-e2b0926269d5,0.3,false,false,near_mint,en,AUD,2026-09-05T12:59:25.110Z
Glimmerlight,DSK,Duskmourn: House of Horror,249,normal,common,2,98777,1071691c-5c65-42d4-ac96-d302185ca678,0.15,false,false,near_mint,en,AUD,2026-09-05T12:59:25.112Z
Friendly Teddy,DSK,Duskmourn: House of Horror,247,normal,common,2,98860,82b142be-4586-487a-8dd8-a55eff776458,0.28,false,false,near_mint,en,AUD,2026-09-05T12:59:25.114Z
Keys to the House,DSK,Duskmourn: House of Horror,251,normal,uncommon,2,99246,8c11a413-7f33-4b63-bdd9-e143e529f56d,0.29,false,false,near_mint,en,AUD,2026-09-05T12:59:25.116Z
Found Footage,DSK,Duskmourn: House of Horror,246,normal,common,2,98899,b12eb087-762e-4e7d-a6e0-f48df603b7c7,0.14,false,false,near_mint,en,AUD,2026-09-05T12:59:25.118Z
Bear Trap,DSK,Duskmourn: House of Horror,243,normal,common,2,98931,e27c27d6-dc3a-4420-bb35-d97dc216e002,0.26,false,false,near_mint,en,AUD,2026-09-05T12:59:25.120Z
Smoky Lounge // Misty Salon,DSK,Duskmourn: House of Horror,235,normal,uncommon,2,98621,4700987d-fc55-44eb-bc9f-0e0316ca65e2,0.36,false,false,near_mint,en,AUD,2026-09-05T12:59:25.122Z
Shroudstomper,DSK,Duskmourn: House of Horror,233,normal,uncommon,2,99155,53f746bf-0642-48db-835e-27a7fe369fef,0.47,false,false,near_mint,en,AUD,2026-09-05T12:59:25.124Z
Stampeding Scurryfoot,DFT,Aetherdrift,181,normal,common,1,103551,7fc713d7-4a7e-4f1f-b461-e89bb1457d7d,0.18,false,false,near_mint,en,AUD,2026-09-06T20:37:50.556Z
Broadcast Rambler,DFT,Aetherdrift,6,normal,common,1,103563,89ce2385-e33d-47b3-96c8-5a4672d9df7c,0.15,false,false,near_mint,en,AUD,2026-09-06T20:37:50.561Z
Hulldrifter,DFT,Aetherdrift,47,normal,common,1,103001,402666f8-c9cc-4e8f-abaa-6c38be90cdd2,0.25,false,false,near_mint,en,AUD,2026-09-06T20:37:50.573Z
Gilded Ghoda,DFT,Aetherdrift,130,normal,common,1,103050,55685602-a18c-43a4-ac60-13b039672fa4,0.37,false,false,near_mint,en,AUD,2026-09-06T20:37:50.580Z
Blossoming Sands,DFT,Aetherdrift,252,normal,common,1,103088,69949863-2510-4fe2-a815-0682beeb08a3,0.26,false,false,near_mint,en,AUD,2026-09-06T20:37:50.587Z
Skystreak Engineer,DFT,Aetherdrift,61,normal,common,1,103511,5bc9c501-098d-4560-9826-329b05689e0f,0.1,false,false,near_mint,en,AUD,2026-09-06T20:37:50.588Z
Syphon Fuel,DFT,Aetherdrift,108,normal,common,1,103493,4af17ae0-1035-4cb2-8974-98b377bfaa48,0.18,false,false,near_mint,en,AUD,2026-09-06T20:37:50.591Z
Migrating Ketradon,DFT,Aetherdrift,170,normal,common,1,103597,a9ba2219-8184-4141-8708-845cb0957299,0.28,false,false,near_mint,en,AUD,2026-09-06T20:37:50.592Z
Collision Course,DFT,Aetherdrift,10,normal,common,1,103526,6b60da34-b622-42de-a249-79545bcbf30d,0.19,false,false,near_mint,en,AUD,2026-09-06T20:37:50.595Z
Rover Blades,DFT,Aetherdrift,241,normal,uncommon,1,103561,8855a999-83f6-4c0d-9444-3ff292f77d58,0.29,false,false,near_mint,en,AUD,2026-09-06T20:37:50.617Z
Rover Blades,DFT,Aetherdrift,331,normal,uncommon,1,103507,5a3b07b7-8d51-428e-a399-61da45529c8f,0.35,false,false,near_mint,en,AUD,2026-09-06T20:37:50.618Z
Marshals' Pathcruiser,DFT,Aetherdrift,330,normal,uncommon,1,103061,5c4e88ae-7f5c-4dea-add0-a53a6a9bd8e4,0.22,false,false,near_mint,en,AUD,2026-09-06T20:37:50.621Z
Thornwood Falls,DFT,Aetherdrift,266,normal,common,1,103015,4723a303-7f20-4399-8bc6-6a27a61a3532,0.22,false,false,near_mint,en,AUD,2026-09-06T20:37:50.630Z
Streaking Oilgorger,DFT,Aetherdrift,107,normal,common,1,103097,6ff120a2-e2bb-42a2-bcb7-a48eb7a6d9b2,0.12,false,false,near_mint,en,AUD,2026-09-06T20:37:50.635Z
Interface Ace,DFT,Aetherdrift,17,normal,common,1,103385,fcfd487a-a9e6-44e3-80af-bc384316106f,0.35,false,false,near_mint,en,AUD,2026-09-06T20:37:50.636Z
Goblin Surveyor,DFT,Aetherdrift,131,normal,common,1,103313,e1efffe9-00f8-4177-a9e6-4ad62887d32f,0.19,false,false,near_mint,en,AUD,2026-09-06T20:37:50.646Z
Trip Up,DFT,Aetherdrift,71,normal,common,1,103451,273061f3-7aa7-4cb0-afd6-616252b88948,0.14,false,false,near_mint,en,AUD,2026-09-06T20:37:50.648Z
Lightshield Parry,DFT,Aetherdrift,19,normal,common,1,103302,dcf6a0e7-1fd4-425f-b634-c93236daea35,0.17,false,false,near_mint,en,AUD,2026-09-06T20:37:50.654Z
Ticket Tortoise,DFT,Aetherdrift,245,normal,common,1,103674,fa178ed7-8f3a-45f0-817d-5fbc7993b04a,0.21,false,false,near_mint,en,AUD,2026-09-06T20:37:50.658Z
Scrap Compactor,DFT,Aetherdrift,242,normal,common,1,103436,12ccd555-60d4-49a1-b022-1e119344172a,0.22,false,false,near_mint,en,AUD,2026-09-06T20:37:50.685Z
Midnight Mangler,DFT,Aetherdrift,50,normal,common,1,102951,237568e3-7331-4bbb-a091-a766723134fc,0.22,false,false,near_mint,en,AUD,2026-09-06T20:37:50.695Z
Pactdoll Terror,DFT,Aetherdrift,99,normal,common,2,103535,70226354-47b7-4f9d-a5a8-559d17f07720,0.44,false,false,near_mint,en,AUD,2026-09-06T20:37:50.557Z
Bestow Greatness,DFT,Aetherdrift,155,normal,common,3,103234,b6a5adee-3482-4c5b-9260-58efa8fec5ba,0.25,false,false,near_mint,en,AUD,2026-09-06T20:37:50.558Z
Pedal to the Metal,DFT,Aetherdrift,141,normal,common,2,103110,75d07295-78b7-4f90-82c7-e7a639db9993,0.26,false,false,near_mint,en,AUD,2026-09-06T20:37:50.559Z
Nimble Thopterist,DFT,Aetherdrift,53,normal,common,3,103488,47717312-f6c6-4e86-ba6a-a30698962430,0.21,false,false,near_mint,en,AUD,2026-09-06T20:37:50.560Z
Guidelight Matrix,DFT,Aetherdrift,233,normal,common,4,103631,cccf7fb5-c043-4a1f-ad2f-edb280cb5037,0.35,false,false,near_mint,en,AUD,2026-09-06T20:37:50.562Z
Starting Column,DFT,Aetherdrift,244,normal,common,4,102889,0530b343-98c2-440a-b32e-d1566d318c3b,0.3,false,false,near_mint,en,AUD,2026-09-06T20:37:50.563Z
Spin Out,DFT,Aetherdrift,106,normal,common,2,103617,be722ac5-e8c4-4180-aed0-7c28895afc0d,0.24,false,false,near_mint,en,AUD,2026-09-06T20:37:50.564Z
Clamorous Ironclad,DFT,Aetherdrift,117,normal,common,2,103013,4701da52-b9c8-4ce9-9d57-53e10899f19d,0.3,false,false,near_mint,en,AUD,2026-09-06T20:37:50.565Z
Leonin Surveyor,DFT,Aetherdrift,18,normal,common,2,103653,e08e4107-213f-491b-a032-8e3367009ba8,0.14,false,false,near_mint,en,AUD,2026-09-06T20:37:50.566Z
Glitch Ghost Surveyor,DFT,Aetherdrift,44,normal,common,2,103615,b9bb89b9-50dd-4b36-aa10-aba585e50246,0.18,false,false,near_mint,en,AUD,2026-09-06T20:37:50.567Z
Ripclaw Wrangler,DFT,Aetherdrift,101,normal,common,3,103642,d4981a4a-6eca-4f84-8715-8e2672507b59,0.24,false,false,near_mint,en,AUD,2026-09-06T20:37:50.568Z
Broken Wings,DFT,Aetherdrift,156,normal,common,2,103441,1d7d5b71-7c1b-4fc2-a5ec-7285e17ffe0f,0.21,false,false,near_mint,en,AUD,2026-09-06T20:37:50.569Z
Grim Bauble,DFT,Aetherdrift,88,normal,common,2,103585,9bfdf60a-6f67-4872-8961-d63776b192c3,0.3,false,false,near_mint,en,AUD,2026-09-06T20:37:50.570Z
Dynamite Diver,DFT,Aetherdrift,123,normal,common,2,103508,5a4f96f6-dd91-4357-ae19-1c35db2c2bcb,0.28,false,false,near_mint,en,AUD,2026-09-06T20:37:50.571Z
Brightfield Mustang,DFT,Aetherdrift,5,normal,common,2,103227,b2c7cacc-f15e-46c1-9c25-b567bb3e8680,0.29,false,false,near_mint,en,AUD,2026-09-06T20:37:50.572Z
Gastal Blockbuster,DFT,Aetherdrift,128,normal,common,3,103650,dca41ec6-8f8f-42ef-abac-cc645c6440b7,0.12,false,false,near_mint,en,AUD,2026-09-06T20:37:50.574Z
Pothole Mole,DFT,Aetherdrift,176,normal,common,2,103442,21c7b59f-fdae-4a11-9784-497a8165d75a,0.28,false,false,near_mint,en,AUD,2026-09-06T20:37:50.575Z
Walking Sarcophagus,DFT,Aetherdrift,246,normal,common,3,103562,89ccbd73-9414-48a3-bdcf-e838fcffc08f,0.19,false,false,near_mint,en,AUD,2026-09-06T20:37:50.577Z
Lotusguard Disciple,DFT,Aetherdrift,21,normal,common,2,103553,80645651-3804-481f-8f8f-ade762a011e1,0.15,false,false,near_mint,en,AUD,2026-09-06T20:37:50.578Z
Swiftwater Cliffs,DFT,Aetherdrift,265,normal,common,2,103181,949bf6bb-1e97-48a3-8547-0a780664c275,0.22,false,false,near_mint,en,AUD,2026-09-06T20:37:50.579Z
Loxodon Surveyor,DFT,Aetherdrift,167,normal,common,2,103632,cd1cecb1-6776-4495-be56-b7dde65453f1,0.08,false,false,near_mint,en,AUD,2026-09-06T20:37:50.583Z
Maximum Overdrive,DFT,Aetherdrift,96,normal,common,2,103513,5f6e5bb2-cfe9-48e5-86f9-e21f3d328327,0.25,false,false,near_mint,en,AUD,2026-09-06T20:37:50.584Z
Skybox Ferry,DFT,Aetherdrift,243,normal,common,4,103542,75d9ef34-ae95-4465-a30c-372e231bd733,0.21,false,false,near_mint,en,AUD,2026-09-06T20:37:50.585Z
Camera Launcher,DFT,Aetherdrift,232,normal,common,3,103580,968651db-92fb-46cd-acda-9e097668b7c9,0.19,false,false,near_mint,en,AUD,2026-09-06T20:37:50.586Z
Kickoff Celebrations,DFT,Aetherdrift,135,normal,common,2,103498,4e5590e1-0ac0-4bdd-815b-136bf24ced03,0.26,false,false,near_mint,en,AUD,2026-09-06T20:37:50.589Z
Guidelight Optimizer,DFT,Aetherdrift,45,normal,common,2,103658,e9fc07dd-05b1-49ed-a3ee-46c31b8e0a3d,0.3,false,false,near_mint,en,AUD,2026-09-06T20:37:50.590Z
Night Market,DFT,Aetherdrift,258,normal,common,3,103214,a8c1dce3-6136-4294-9d2b-5ef8527d733b,0.37,false,false,near_mint,en,AUD,2026-09-06T20:37:50.594Z
Gearseeker Serpent,DFT,Aetherdrift,43,normal,common,2,103480,3dca0007-42d3-4ee2-8e88-361d80a7103c,0.24,false,false,near_mint,en,AUD,2026-09-06T20:37:50.596Z
Prowcatcher Specialist,DFT,Aetherdrift,142,normal,common,3,103224,affbc8db-4ff7-4a86-954a-910493e5a2ef,0.17,false,false,near_mint,en,AUD,2026-09-06T20:37:50.597Z
Run Over,DFT,Aetherdrift,179,normal,common,2,103519,642f8fdd-6c58-49a3-904c-27f717cae980,0.26,false,false,near_mint,en,AUD,2026-09-06T20:37:50.598Z
Lightwheel Enhancements,DFT,Aetherdrift,20,normal,common,2,103583,9ab169c1-4e25-4a5d-8961-4f06298c3781,0.26,false,false,near_mint,en,AUD,2026-09-06T20:37:50.600Z
Stall Out,DFT,Aetherdrift,66,normal,common,2,103500,4ea0e0d3-833f-4353-b648-57b0b657cc1c,0.26,false,false,near_mint,en,AUD,2026-09-06T20:37:50.601Z
Deathless Pilot,DFT,Aetherdrift,82,normal,common,2,103655,e704fb95-17b7-432a-831c-18abe7d9cc73,0.24,false,false,near_mint,en,AUD,2026-09-06T20:37:50.604Z
Hazard of the Dunes,DFT,Aetherdrift,165,normal,common,3,103621,c3fbee7a-7e73-43cf-bc39-ccb1c63bf837,0.19,false,false,near_mint,en,AUD,2026-09-06T20:37:50.605Z
Dismal Backwater,DFT,Aetherdrift,254,normal,common,2,103357,f20aef3f-79f6-4357-8631-1d141f437def,0.33,false,false,near_mint,en,AUD,2026-09-06T20:37:50.609Z
Tranquil Cove,DFT,Aetherdrift,267,normal,common,2,103098,70688800-7675-4e75-bb3c-9e05b95a685c,0.29,false,false,near_mint,en,AUD,2026-09-06T20:37:50.610Z
Wreck Remover,DFT,Aetherdrift,247,normal,common,2,103318,e3151960-cc0c-47b5-b476-295d7a17ae14,0.26,false,false,near_mint,en,AUD,2026-09-06T20:37:50.612Z
Racers' Scoreboard,DFT,Aetherdrift,239,normal,uncommon,2,103502,50bae2ba-a6a0-4a6a-96e9-0e0372e55108,0.43,false,false,near_mint,en,AUD,2026-09-06T20:37:50.614Z
Marshals' Pathcruiser,DFT,Aetherdrift,236,normal,uncommon,2,103168,8f920f83-6380-4e4f-be68-6bf9df3110d8,0.15,false,false,near_mint,en,AUD,2026-09-06T20:37:50.619Z
Daring Mechanic,DFT,Aetherdrift,11,normal,common,4,103466,3382552c-2740-409a-83a1-80b60627beb8,0.1,false,false,near_mint,en,AUD,2026-09-06T20:37:50.624Z
Keen Buccaneer,DFT,Aetherdrift,48,normal,common,4,103429,0ed90a63-5aca-470a-8e1e-518d8aeb6d91,0.26,false,false,near_mint,en,AUD,2026-09-06T20:37:50.625Z
Endrider Catalyzer,DFT,Aetherdrift,124,normal,common,3,103052,55a5a67b-d969-4ba4-9dcc-32d0c2e5c04a,0.3,false,false,near_mint,en,AUD,2026-09-06T20:37:50.626Z
Jibbirik Omnivore,DFT,Aetherdrift,166,normal,common,2,103522,68a0569b-65c8-49ce-91ac-e639b8faf939,0.22,false,false,near_mint,en,AUD,2026-09-06T20:37:50.627Z
Venomsac Lagac,DFT,Aetherdrift,185,normal,common,2,103171,9142b1c9-09d7-42e4-8138-6c15d31f2470,0.28,false,false,near_mint,en,AUD,2026-09-06T20:37:50.634Z
Crash and Burn,DFT,Aetherdrift,119,normal,common,3,103467,339a41a1-b36f-4b81-b74c-220d279c0e26,0.12,false,false,near_mint,en,AUD,2026-09-06T20:37:50.638Z
Ride's End,DFT,Aetherdrift,25,normal,common,3,103460,2f96b33b-c952-45ac-9626-40169b2bd4ef,0.3,false,false,near_mint,en,AUD,2026-09-06T20:37:50.639Z
Spectral Interference,DFT,Aetherdrift,63,normal,common,4,103556,860cb8af-a5f6-47e7-a34b-7b9f11ddc8c6,0.22,false,false,near_mint,en,AUD,2026-09-06T20:37:50.640Z
Veloheart Bike,DFT,Aetherdrift,184,normal,common,2,103144,85edde1a-f05c-4ce8-bedd-88359647aa0d,0.28,false,false,near_mint,en,AUD,2026-09-06T20:37:50.641Z
Grim Javelineer,DFT,Aetherdrift,89,normal,common,2,103558,87154116-e306-4e15-bd5a-dcdb5ddbcd36,0.1,false,false,near_mint,en,AUD,2026-09-06T20:37:50.642Z
Aetherjacket,DFT,Aetherdrift,230,normal,common,3,103424,0a29c8a5-fd98-422c-9518-2db0993495e5,0.3,false,false,near_mint,en,AUD,2026-09-06T20:37:50.643Z
Howler's Heavy,DFT,Aetherdrift,46,normal,common,2,103566,8bbd7758-59c7-4ae1-9af8-c3580f4aa958,0.29,false,false,near_mint,en,AUD,2026-09-06T20:37:50.645Z
Beastrider Vanguard,DFT,Aetherdrift,154,normal,common,2,103365,f4b99a61-49f1-46a2-9eb7-b6c88c236215,0.24,false,false,near_mint,en,AUD,2026-09-06T20:37:50.649Z
Alacrian Jaguar,DFT,Aetherdrift,152,normal,common,2,103456,2bd40bca-aa54-4e52-8d48-b3709a11e633,0.22,false,false,near_mint,en,AUD,2026-09-06T20:37:50.651Z
Avishkar Raceway,DFT,Aetherdrift,249,normal,common,2,102894,08a6b378-c7fa-4226-a310-4ee7e550b4d6,0.32,false,false,near_mint,en,AUD,2026-09-06T20:37:50.659Z
Spotcycle Scouter,DFT,Aetherdrift,30,normal,common,2,103346,f0489108-75b7-441c-888d-12987c0c1080,0.14,false,false,near_mint,en,AUD,2026-09-06T20:37:50.668Z
Scoured Barrens,DFT,Aetherdrift,263,normal,common,2,103221,ac52be0c-49f4-4956-820e-bdd7d2744d2f,0.42,false,false,near_mint,en,AUD,2026-09-06T20:37:50.675Z
Engine Rat,DFT,Aetherdrift,84,normal,common,2,103579,949d6137-98d3-4f46-ab1e-08d7492af307,0.39,false,false,near_mint,en,AUD,2026-09-06T20:37:50.688Z
Chitin Gravestalker,DFT,Aetherdrift,79,normal,common,2,103575,903b4141-04a3-44c4-9d3e-aa2a773d9883,0.3,false,false,near_mint,en,AUD,2026-09-06T20:37:50.694Z
Silken Strength,DFT,Aetherdrift,180,normal,common,2,103634,ce0e1ded-9b00-4d7b-884c-70a429783b1f,0.19,false,false,near_mint,en,AUD,2026-09-06T20:37:50.705Z
Swat Away,ECL,Lorwyn Eclipsed,75,normal,uncommon,1,110467,2fb0ea3f-2f6d-4b64-a9d7-e822c8854a03,0.22,false,false,near_mint,en,AUD,2026-09-06T20:44:37.448Z
Pestered Wellguard,ECL,Lorwyn Eclipsed,63,normal,uncommon,1,110732,3e06c99e-ecb2-42e9-ac58-2542de8d54a5,0.32,false,false,near_mint,en,AUD,2026-09-06T20:44:37.449Z
Thirst for Identity,ECL,Lorwyn Eclipsed,79,normal,uncommon,1,110834,c3949f8c-d1c5-45c2-80ed-a57f4f9af86e,0.36,false,false,near_mint,en,AUD,2026-09-06T20:44:37.450Z
Morcant's Eyes,ECL,Lorwyn Eclipsed,185,normal,uncommon,1,110585,a730b254-ff7c-4f89-a559-b44ad7fd6c6c,0.4,false,false,near_mint,en,AUD,2026-09-06T20:44:37.458Z
Dundoolin Weaver,ECL,Lorwyn Eclipsed,175,normal,uncommon,1,110701,2260912b-4dfb-49dd-bf95-060d44333645,0.3,false,false,near_mint,en,AUD,2026-09-06T20:44:37.467Z
Kulrath Zealot,ECL,Lorwyn Eclipsed,148,normal,common,1,110718,3502685d-4e57-4c5c-94c6-ae69048cdfbf,0.25,false,false,near_mint,en,AUD,2026-09-06T20:44:37.470Z
Boldwyr Aggressor,ECL,Lorwyn Eclipsed,125,normal,uncommon,1,110770,76bbccd2-8a90-49a7-921a-6565b495efdf,0.36,false,false,near_mint,en,AUD,2026-09-06T20:44:37.471Z
Kindle the Inner Flame,ECL,Lorwyn Eclipsed,147,normal,uncommon,1,110796,9a2adcea-f6b1-4611-b8b8-f19fdee2c571,0.37,false,false,near_mint,en,AUD,2026-09-06T20:44:37.474Z
Enraged Flamecaster,ECL,Lorwyn Eclipsed,135,normal,common,1,110686,104baa2c-75c5-44fc-a3b9-b19efcf3d7c2,0.19,false,false,near_mint,en,AUD,2026-09-06T20:44:37.485Z
Elder Auntie,ECL,Lorwyn Eclipsed,133,normal,common,1,110370,84678e98-2258-4ea1-aaf0-8ac4cc2ecf8d,0.25,false,false,near_mint,en,AUD,2026-09-06T20:44:37.486Z
Wanderwine Distracter,ECL,Lorwyn Eclipsed,82,normal,common,1,110624,cbf593a7-d4ae-4771-926a-3c1b2c8c901a,0.11,false,false,near_mint,en,AUD,2026-09-06T20:44:37.487Z
Hovel Hurler,ECL,Lorwyn Eclipsed,230,normal,uncommon,1,110594,adc6a4c5-4e92-43ee-8d0c-204042965eb7,0.19,false,false,near_mint,en,AUD,2026-09-06T20:44:37.489Z
Reaping Willow,ECL,Lorwyn Eclipsed,240,normal,uncommon,1,110794,97c33cc2-3573-410a-908b-c0392fff524b,0.3,false,false,near_mint,en,AUD,2026-09-06T20:44:37.492Z
Pummeler for Hire,ECL,Lorwyn Eclipsed,190,normal,uncommon,1,110735,42208996-7b99-474e-aba7-75190d7ee8e2,0.17,false,false,near_mint,en,AUD,2026-09-06T20:44:37.513Z
Moon-Vigil Adherents,ECL,Lorwyn Eclipsed,184,normal,uncommon,1,110756,60621c37-62e1-4261-ae76-3946b4a0cfa3,0.4,false,false,near_mint,en,AUD,2026-09-06T20:44:37.522Z
Bristlebane Outrider,ECL,Lorwyn Eclipsed,169,normal,uncommon,1,110724,38b17a3c-4457-47e3-986e-ff0b94c41b1a,0.17,false,false,near_mint,en,AUD,2026-09-06T20:44:37.525Z
Vinebred Brawler,ECL,Lorwyn Eclipsed,201,normal,uncommon,1,110353,63c573fe-e74c-48ca-ad05-92f37dc466f1,0.18,false,false,near_mint,en,AUD,2026-09-06T20:44:37.526Z
Dawn's Light Archer,ECL,Lorwyn Eclipsed,174,normal,common,1,110771,76e80656-6bcb-4d99-8bd2-ca5f75f40daf,0.19,false,false,near_mint,en,AUD,2026-09-06T20:44:37.534Z
Rooftop Percher,ECL,Lorwyn Eclipsed,2,normal,common,1,110464,2d89595c-1542-41fe-8d23-997522922698,0.26,false,false,near_mint,en,AUD,2026-09-06T20:44:37.539Z
Changeling Wayfinder,ECL,Lorwyn Eclipsed,1,normal,common,1,110764,6c6061aa-a4da-4115-85b6-d0aa22f2386c,0.39,false,false,near_mint,en,AUD,2026-09-06T20:44:37.540Z
Stalactite Dagger,ECL,Lorwyn Eclipsed,261,normal,common,1,110762,6954df09-95f3-46cf-9ba8-2a1aea653d8f,0.35,false,false,near_mint,en,AUD,2026-09-06T20:44:37.541Z
Explosive Prodigy,ECL,Lorwyn Eclipsed,136,normal,uncommon,1,110346,5515ea5e-ce28-4938-a31e-5e48522a5f93,0.21,false,false,near_mint,en,AUD,2026-09-06T20:44:37.563Z
Shimmercreep,ECL,Lorwyn Eclipsed,120,normal,uncommon,1,110662,f7c02899-5f0f-4b38-bbbc-fbc8c46419a6,0.21,false,false,near_mint,en,AUD,2026-09-06T20:44:37.568Z
Perfect Intimidation,ECL,Lorwyn Eclipsed,115,normal,uncommon,1,110082,ff05b7f4-e0d0-4304-99b3-66ac804129fe,0.22,false,false,near_mint,en,AUD,2026-09-06T20:44:37.569Z
Graveshifter,ECL,Lorwyn Eclipsed,104,normal,uncommon,1,110848,dadb02b9-d3a0-4b51-bbc3-53b2316cd70d,0.42,false,false,near_mint,en,AUD,2026-09-06T20:44:37.570Z
Dream Seizer,ECL,Lorwyn Eclipsed,101,normal,common,1,110321,3573f425-9251-4c17-9619-15278ce5d8fb,0.17,false,false,near_mint,en,AUD,2026-09-06T20:44:37.571Z
Dawnhand Eulogist,ECL,Lorwyn Eclipsed,99,normal,common,1,110536,75a97f69-f3dc-4d33-8008-c1f1a7c15a2f,0.18,false,false,near_mint,en,AUD,2026-09-06T20:44:37.572Z
Retched Wretch,ECL,Lorwyn Eclipsed,117,normal,uncommon,1,110838,c7a4d7f1-976a-4a28-97a9-ff089a241c9d,0.21,false,false,near_mint,en,AUD,2026-09-06T20:44:37.575Z
Heirloom Auntie,ECL,Lorwyn Eclipsed,107,normal,common,1,110623,cac251b2-d2cc-45b6-9ca8-678e0eab56ea,0.21,false,false,near_mint,en,AUD,2026-09-06T20:44:37.576Z
Wanderbrine Trapper,ECL,Lorwyn Eclipsed,42,normal,uncommon,2,110866,f4c134ed-adbf-4e88-80e0-75c176ce94c3,0.21,false,false,near_mint,en,AUD,2026-09-06T20:44:37.433Z
Kinsbaile Aspirant,ECL,Lorwyn Eclipsed,21,normal,uncommon,2,110505,56dfdab1-ea3f-4663-a855-a9e72505f85e,0.25,false,false,near_mint,en,AUD,2026-09-06T20:44:37.435Z
Goldmeadow Nomad,ECL,Lorwyn Eclipsed,18,normal,common,2,110672,00ddbe6c-11de-4bc6-aabe-d6d8385a838a,0.28,false,false,near_mint,en,AUD,2026-09-06T20:44:37.437Z
Evershrike's Gift,ECL,Lorwyn Eclipsed,15,normal,uncommon,3,110702,231e46b6-b91a-4582-8894-e7de1c50213f,0.36,false,false,near_mint,en,AUD,2026-09-06T20:44:37.439Z
Temporal Cleansing,ECL,Lorwyn Eclipsed,78,normal,common,3,110498,50ee7315-ec53-43d2-841e-8ec192b850f1,0.24,false,false,near_mint,en,AUD,2026-09-06T20:44:37.442Z
Tanufel Rimespeaker,ECL,Lorwyn Eclipsed,77,normal,uncommon,3,110822,b357022c-7cd5-4e82-a183-7144f5a84102,0.32,false,false,near_mint,en,AUD,2026-09-06T20:44:37.445Z
Silvergill Peddler,ECL,Lorwyn Eclipsed,70,normal,common,3,110669,feba2bb6-6005-4ade-a4c5-97bbd54b43a3,0.22,false,false,near_mint,en,AUD,2026-09-06T20:44:37.451Z
Thoughtweft Charge,ECL,Lorwyn Eclipsed,198,normal,uncommon,2,110695,19cfc015-b6d5-4918-99a7-990209e77441,0.19,false,false,near_mint,en,AUD,2026-09-06T20:44:37.454Z
Surly Farrier,ECL,Lorwyn Eclipsed,196,normal,common,2,110431,056f7f51-18a9-4d80-8928-decaf4d12c0d,0.14,false,false,near_mint,en,AUD,2026-09-06T20:44:37.456Z
Midnight Tilling,ECL,Lorwyn Eclipsed,182,normal,common,2,110619,c5112bbf-752c-41e7-9c61-4c81e6a77463,0.35,false,false,near_mint,en,AUD,2026-09-06T20:44:37.459Z
Lys Alana Informant,ECL,Lorwyn Eclipsed,181,normal,common,2,110386,a79649c4-559e-4306-a102-5fd8750629c7,0.19,false,false,near_mint,en,AUD,2026-09-06T20:44:37.461Z
Lys Alana Dignitary,ECL,Lorwyn Eclipsed,180,normal,uncommon,2,110793,94e8d6a9-7aa3-4e93-8e4d-e50da7ff09d2,0.35,false,false,near_mint,en,AUD,2026-09-06T20:44:37.463Z
Great Forest Druid,ECL,Lorwyn Eclipsed,178,normal,common,2,110554,8793a19e-6743-4031-86d9-2ff55f384549,0.4,false,false,near_mint,en,AUD,2026-09-06T20:44:37.465Z
Assert Perfection,ECL,Lorwyn Eclipsed,164,normal,common,2,110522,6995b308-5582-4ca1-ab10-a536d5ca0a6d,0.18,false,false,near_mint,en,AUD,2026-09-06T20:44:37.468Z
Squawkroaster,ECL,Lorwyn Eclipsed,160,normal,uncommon,2,110734,4112f960-70af-4e2d-bcd4-9e9cf7aac4fb,0.14,false,false,near_mint,en,AUD,2026-09-06T20:44:37.472Z
Flamekin Gildweaver,ECL,Lorwyn Eclipsed,140,normal,common,2,110821,b1628ece-a028-49d4-9065-ee997838c20a,0.18,false,false,near_mint,en,AUD,2026-09-06T20:44:37.475Z
Feed the Flames,ECL,Lorwyn Eclipsed,137,normal,common,2,110753,59740755-c353-4b6c-a84c-3b76133ce3ec,0.15,false,false,near_mint,en,AUD,2026-09-06T20:44:37.477Z
Boneclub Berserker,ECL,Lorwyn Eclipsed,126,normal,common,2,110597,b3dbbe30-3d6e-46f8-92c1-caee995cba1a,0.28,false,false,near_mint,en,AUD,2026-09-06T20:44:37.479Z
Tweeze,ECL,Lorwyn Eclipsed,162,normal,common,2,110483,3ceab0e6-1bb8-487d-ab4b-2da8457b970a,0.19,false,false,near_mint,en,AUD,2026-09-06T20:44:37.481Z
Sizzling Changeling,ECL,Lorwyn Eclipsed,155,normal,uncommon,2,110420,e58f0722-9ad1-4952-9aee-ea8137c58911,0.28,false,false,near_mint,en,AUD,2026-09-06T20:44:37.483Z
Merrow Skyswimmer,ECL,Lorwyn Eclipsed,234,normal,common,2,110676,075b419a-fd44-4a9a-8c40-474562b7e11a,0.19,false,false,near_mint,en,AUD,2026-09-06T20:44:37.488Z
Glister Bairn,ECL,Lorwyn Eclipsed,227,normal,uncommon,2,110850,dcccdd98-a1ba-41f4-a9ae-84d263da0af9,0.14,false,false,near_mint,en,AUD,2026-09-06T20:44:37.490Z
Chitinous Graspling,ECL,Lorwyn Eclipsed,211,normal,common,2,110810,a9767360-d536-4902-9d2d-1f3474ce89d6,0.18,false,false,near_mint,en,AUD,2026-09-06T20:44:37.493Z
Wary Farmer,ECL,Lorwyn Eclipsed,251,normal,common,2,110457,22d20c0d-176d-49c9-aa0b-2c5778548cc5,0.21,false,false,near_mint,en,AUD,2026-09-06T20:44:37.495Z
Prideful Feastling,ECL,Lorwyn Eclipsed,238,normal,common,2,110535,7578cb61-f606-4559-a10a-343a583228ab,0.17,false,false,near_mint,en,AUD,2026-09-06T20:44:37.497Z
Noggle Robber,ECL,Lorwyn Eclipsed,237,normal,uncommon,2,110671,0082ca96-10f3-4823-be16-117556b2afc3,0.19,false,false,near_mint,en,AUD,2026-09-06T20:44:37.499Z
Gangly Stompling,ECL,Lorwyn Eclipsed,226,normal,common,2,110497,502000a7-a3c1-4259-aea5-ff01724396a1,0.3,false,false,near_mint,en,AUD,2026-09-06T20:44:37.501Z
Flaring Cinder,ECL,Lorwyn Eclipsed,225,normal,common,2,110675,0691a1a9-18e7-44b7-9a34-764b1ab45a76,0.19,false,false,near_mint,en,AUD,2026-09-06T20:44:37.503Z
Chaos Spewer,ECL,Lorwyn Eclipsed,210,normal,common,2,110599,b5918fa5-1d13-447b-8838-633b6b61e791,0.19,false,false,near_mint,en,AUD,2026-09-06T20:44:37.505Z
Feisty Spikeling,ECL,Lorwyn Eclipsed,223,normal,common,2,110868,f69f3a27-ecda-4d27-82fe-612ed57dbb28,0.21,false,false,near_mint,en,AUD,2026-09-06T20:44:37.507Z
Wildvine Pummeler,ECL,Lorwyn Eclipsed,203,normal,common,2,110689,11bad5c7-fe9a-4d89-a531-8d4f03d5a0e4,0.12,false,false,near_mint,en,AUD,2026-09-06T20:44:37.509Z
Prismabasher,ECL,Lorwyn Eclipsed,188,normal,uncommon,2,110761,65c057a7-70af-4464-bd8d-1e7e158d1ae7,0.26,false,false,near_mint,en,AUD,2026-09-06T20:44:37.511Z
Mistmeadow Council,ECL,Lorwyn Eclipsed,183,normal,common,2,110845,d4a7c9bc-81c8-4c31-96a9-eb6ba7715e7f,0.12,false,false,near_mint,en,AUD,2026-09-06T20:44:37.514Z
Safewright Cavalry,ECL,Lorwyn Eclipsed,191,normal,common,2,110870,f7de412a-9731-4bfc-8fbc-c95988a3dd70,0.28,false,false,near_mint,en,AUD,2026-09-06T20:44:37.516Z
Prismatic Undercurrents,ECL,Lorwyn Eclipsed,189,normal,uncommon,2,110828,bb7490f2-1425-495f-b7d4-2f1e0df7490e,0.4,false,false,near_mint,en,AUD,2026-09-06T20:44:37.518Z
Pitiless Fists,ECL,Lorwyn Eclipsed,187,normal,uncommon,2,110708,295d828b-b2e7-41c7-afbc-5fb5f4eb242c,0.25,false,false,near_mint,en,AUD,2026-09-06T20:44:37.520Z
Luminollusk,ECL,Lorwyn Eclipsed,179,normal,uncommon,2,110729,3d591e66-4bf9-47e7-bcef-57769ec3edc6,0.18,false,false,near_mint,en,AUD,2026-09-06T20:44:37.523Z
Unforgiving Aim,ECL,Lorwyn Eclipsed,200,normal,common,2,110680,0bef3905-24f8-419b-aeca-396adfc6d0dc,0.25,false,false,near_mint,en,AUD,2026-09-06T20:44:37.527Z
Tend the Sprigs,ECL,Lorwyn Eclipsed,197,normal,common,3,110324,388f6d9d-bb9a-4a3d-93c5-701db194863c,0.24,false,false,near_mint,en,AUD,2026-09-06T20:44:37.529Z
Gilt-Leaf's Embrace,ECL,Lorwyn Eclipsed,177,normal,common,2,110769,739e5ab5-d562-407a-906e-c5c5173ad325,0.19,false,false,near_mint,en,AUD,2026-09-06T20:44:37.532Z
Crossroads Watcher,ECL,Lorwyn Eclipsed,173,normal,common,2,110359,6d62fcbb-f1a0-46ce-a4af-2a33bcc3ac8e,0.17,false,false,near_mint,en,AUD,2026-09-06T20:44:37.535Z
Evolving Wilds,ECL,Lorwyn Eclipsed,264,normal,common,2,110560,8c632984-5176-4c37-91df-6577cc294b85,0.33,false,false,near_mint,en,AUD,2026-09-06T20:44:37.537Z
Puca's Eye,ECL,Lorwyn Eclipsed,259,normal,uncommon,2,110835,c3a5ca02-3829-4c42-b0dc-98b660f8a8f0,0.25,false,false,near_mint,en,AUD,2026-09-06T20:44:37.542Z
Foraging Wickermaw,ECL,Lorwyn Eclipsed,256,normal,common,2,110867,f524bc08-caeb-4362-b960-eb8e0e4159d0,0.22,false,false,near_mint,en,AUD,2026-09-06T20:44:37.544Z
Stoic Grove-Guide,ECL,Lorwyn Eclipsed,243,normal,common,2,110730,3d5a3e25-c17a-47b1-a36d-d24d50e5bab3,0.14,false,false,near_mint,en,AUD,2026-09-06T20:44:37.546Z
Brambleback Brute,ECL,Lorwyn Eclipsed,128,normal,common,2,110754,5ebb8365-c6e1-46e8-a242-6aa27b21e68a,0.26,false,false,near_mint,en,AUD,2026-09-06T20:44:37.549Z
Warren Torchmaster,ECL,Lorwyn Eclipsed,163,normal,uncommon,2,110562,8f067a14-6667-4acf-b33d-e1149188a84d,0.35,false,false,near_mint,en,AUD,2026-09-06T20:44:37.551Z
Reckless Ransacking,ECL,Lorwyn Eclipsed,152,normal,common,2,110706,24a5b025-4cdb-416d-aad6-0fc7e8da3df2,0.33,false,false,near_mint,en,AUD,2026-09-06T20:44:37.553Z
Lasting Tarfire,ECL,Lorwyn Eclipsed,149,normal,uncommon,2,110574,9c4a95ac-072f-4219-80a0-1ce71f1b8411,0.4,false,false,near_mint,en,AUD,2026-09-06T20:44:37.555Z
Gristle Glutton,ECL,Lorwyn Eclipsed,144,normal,common,2,110805,a4164af6-356e-4de2-8377-dbe70434a996,0.33,false,false,near_mint,en,AUD,2026-09-06T20:44:37.557Z
Giantfall,ECL,Lorwyn Eclipsed,141,normal,uncommon,2,110697,1ac52728-adb3-4220-8392-73f7bd379ab4,0.35,false,false,near_mint,en,AUD,2026-09-06T20:44:37.559Z
Flame-Chain Mauler,ECL,Lorwyn Eclipsed,138,normal,common,2,110533,752d7e8e-0dd0-4ace-9c89-a8f9ce73775e,0.12,false,false,near_mint,en,AUD,2026-09-06T20:44:37.561Z
Boulder Dash,ECL,Lorwyn Eclipsed,127,normal,uncommon,2,110759,657a2a24-22d1-4bc2-9f22-ed361ae487e3,0.19,false,false,near_mint,en,AUD,2026-09-06T20:44:37.564Z
Cinder Strike,ECL,Lorwyn Eclipsed,131,normal,common,2,110767,6fb6faa4-236c-4cae-9140-0981c44d2392,0.25,false,false,near_mint,en,AUD,2026-09-06T20:44:37.566Z
Darkness Descends,ECL,Lorwyn Eclipsed,97,normal,uncommon,2,110839,c8aa3895-df83-4f8e-9e23-1a665614b662,0.37,false,false,near_mint,en,AUD,2026-09-06T20:44:37.573Z
Gnarlbark Elm,ECL,Lorwyn Eclipsed,103,normal,uncommon,1,110700,1e9d65b6-22ff-49f2-8b2a-aeaef91088d3,0.28,false,false,near_mint,en,AUD,2026-09-06T20:47:48.180Z
Scarblade's Malice,ECL,Lorwyn Eclipsed,119,normal,common,1,110815,aea9b5c0-3b32-44be-9773-566b9daafa6b,0.24,false,false,near_mint,en,AUD,2026-09-06T20:47:48.196Z
Rime Chill,ECL,Lorwyn Eclipsed,64,normal,uncommon,1,110811,a9a425f4-2103-4f96-88a0-91fe554037d7,0.17,false,false,near_mint,en,AUD,2026-09-06T20:47:48.201Z
Unexpected Assistance,ECL,Lorwyn Eclipsed,80,normal,common,1,110077,7b540a5f-7f1b-421a-864f-5af469556fc6,0.29,false,false,near_mint,en,AUD,2026-09-06T20:47:48.204Z
Lofty Dreams,ECL,Lorwyn Eclipsed,58,normal,uncommon,1,110803,a2908ed1-517e-4f1a-94e5-b06fb033c1a6,0.22,false,false,near_mint,en,AUD,2026-09-06T20:47:48.207Z
Encumbered Reejerey,ECL,Lorwyn Eclipsed,14,normal,uncommon,1,110692,15ff6797-f59c-4333-98ea-5711150fd5b8,0.15,false,false,near_mint,en,AUD,2026-09-06T20:47:48.216Z
Clachan Festival,ECL,Lorwyn Eclipsed,10,normal,uncommon,1,110714,324b5234-ffbf-4801-a475-8f693679ae2f,0.28,false,false,near_mint,en,AUD,2026-09-06T20:47:48.259Z
Blight Rot,ECL,Lorwyn Eclipsed,89,normal,common,2,110748,5201bdeb-ba47-459b-ac0d-603367914578,0.35,false,false,near_mint,en,AUD,2026-09-06T20:47:48.181Z
Scarblade Scout,ECL,Lorwyn Eclipsed,118,normal,common,3,110833,c2412fea-4591-4345-913f-edc2da9ad975,0.28,false,false,near_mint,en,AUD,2026-09-06T20:47:48.183Z
Creakwood Safewright,ECL,Lorwyn Eclipsed,96,normal,uncommon,2,110727,3bcc24cf-776a-4182-bf77-a611ad90b28f,0.24,false,false,near_mint,en,AUD,2026-09-06T20:47:48.186Z
Bogslither's Embrace,ECL,Lorwyn Eclipsed,94,normal,common,2,110743,4beca2e7-9c6d-493b-b15f-69e483a8dfff,0.3,false,false,near_mint,en,AUD,2026-09-06T20:47:48.188Z
Boggart Prankster,ECL,Lorwyn Eclipsed,93,normal,common,2,110861,eb228ea6-9235-4093-aea7-708e743b1b44,0.15,false,false,near_mint,en,AUD,2026-09-06T20:47:48.190Z
Barbed Bloodletter,ECL,Lorwyn Eclipsed,86,normal,common,2,110790,8ff1a13c-e338-42e9-8eb3-b303fabd67de,0.22,false,false,near_mint,en,AUD,2026-09-06T20:47:48.192Z
Auntie's Sentence,ECL,Lorwyn Eclipsed,85,normal,common,2,110856,e64bfe16-7362-4982-9136-1f4e0d335441,0.21,false,false,near_mint,en,AUD,2026-09-06T20:47:48.194Z
Bile-Vial Boggart,ECL,Lorwyn Eclipsed,87,normal,common,2,110463,2c0fcf98-1f3c-4cff-9234-7f3d0c8b22e9,0.26,false,false,near_mint,en,AUD,2026-09-06T20:47:48.197Z
Wanderwine Farewell,ECL,Lorwyn Eclipsed,83,normal,uncommon,2,110335,473123a0-1366-406b-9b9e-154c0e9c224f,0.26,false,false,near_mint,en,AUD,2026-09-06T20:47:48.199Z
Shinestriker,ECL,Lorwyn Eclipsed,68,normal,uncommon,2,110309,214e78f9-5364-49ab-b17e-0c76549c583e,0.39,false,false,near_mint,en,AUD,2026-09-06T20:47:48.202Z
Stratosoarer,ECL,Lorwyn Eclipsed,72,normal,common,2,110746,4f607889-6f3f-4511-8920-88a39f3b28ca,0.12,false,false,near_mint,en,AUD,2026-09-06T20:47:48.205Z
Timid Shieldbearer,ECL,Lorwyn Eclipsed,39,normal,common,2,110699,1c672d38-a1a6-4912-a9a6-b11e7bf0cc67,0.14,false,false,near_mint,en,AUD,2026-09-06T20:47:48.208Z
Spiral into Solitude,ECL,Lorwyn Eclipsed,36,normal,common,2,110858,e7a12664-a930-4159-8311-19862488fb05,0.22,false,false,near_mint,en,AUD,2026-09-06T20:47:48.210Z
Riverguard's Reflexes,ECL,Lorwyn Eclipsed,33,normal,common,2,110782,88a79f3e-ca74-467c-b0a8-22802ac5b465,0.3,false,false,near_mint,en,AUD,2026-09-06T20:47:48.212Z
Keep Out,ECL,Lorwyn Eclipsed,19,normal,common,2,110741,4ab1601c-634c-4f21-8926-ba3cb92008c1,0.21,false,false,near_mint,en,AUD,2026-09-06T20:47:48.214Z
Bark of Doran,ECL,Lorwyn Eclipsed,6,normal,uncommon,2,110795,98210276-1b85-4db5-8ab4-ecb08f5d2ee2,0.3,false,false,near_mint,en,AUD,2026-09-06T20:47:48.217Z
Kulrath Mystic,ECL,Lorwyn Eclipsed,56,normal,common,2,110477,377d257c-920c-4dd4-a4b1-01cbc631ef8f,0.1,false,false,near_mint,en,AUD,2026-09-06T20:47:48.219Z
Wild Unraveling,ECL,Lorwyn Eclipsed,84,normal,common,2,110673,01522fec-9136-4fa6-91a3-370a8bb08b42,0.24,false,false,near_mint,en,AUD,2026-09-06T20:47:48.221Z
Unwelcome Sprite,ECL,Lorwyn Eclipsed,81,normal,uncommon,2,110566,902f8d86-fde2-4cdf-88f0-bf63d616f3af,0.33,false,false,near_mint,en,AUD,2026-09-06T20:47:48.223Z
Summit Sentinel,ECL,Lorwyn Eclipsed,73,normal,common,3,110776,81251057-f270-4f05-9dc5-205c70e1f295,0.12,false,false,near_mint,en,AUD,2026-09-06T20:47:48.225Z
Run Away Together,ECL,Lorwyn Eclipsed,67,normal,common,2,110474,35c56aff-1f0f-464a-b705-d67803e3d060,0.25,false,false,near_mint,en,AUD,2026-09-06T20:47:48.228Z
Noggle the Mind,ECL,Lorwyn Eclipsed,60,normal,uncommon,2,110677,076c0ac1-722e-49ef-b815-ace210069972,0.29,false,false,near_mint,en,AUD,2026-09-06T20:47:48.230Z
Gravelgill Scoundrel,ECL,Lorwyn Eclipsed,53,normal,common,2,110713,320bc30c-7a8a-411a-9f36-9c69126e131b,0.19,false,false,near_mint,en,AUD,2026-09-06T20:47:48.232Z
Blossombind,ECL,Lorwyn Eclipsed,45,normal,common,2,110479,382b83c0-bbbc-4db8-bc04-cfea79aed1b3,0.19,false,false,near_mint,en,AUD,2026-09-06T20:47:48.234Z
Aquitect's Defenses,ECL,Lorwyn Eclipsed,44,normal,common,2,110799,9af9a907-fd2e-4ae0-ac7b-529074b79a14,0.28,false,false,near_mint,en,AUD,2026-09-06T20:47:48.236Z
Sun-Dappled Celebrant,ECL,Lorwyn Eclipsed,37,normal,common,2,110376,91c715a5-6643-4064-a8a8-3e05dce15979,0.22,false,false,near_mint,en,AUD,2026-09-06T20:47:48.238Z
Thoughtweft Imbuer,ECL,Lorwyn Eclipsed,38,normal,uncommon,2,110773,7e585a6c-2d95-450e-98cb-8794d7d8ecca,0.19,false,false,near_mint,en,AUD,2026-09-06T20:47:48.240Z
Shore Lurker,ECL,Lorwyn Eclipsed,34,normal,common,3,110605,bb353c27-e311-4677-9277-cab6820562ce,0.15,false,false,near_mint,en,AUD,2026-09-06T20:47:48.242Z
Liminal Hold,ECL,Lorwyn Eclipsed,24,normal,common,2,110583,a5a40c16-7a5c-4ad1-be53-6b1b1be2affe,0.17,false,false,near_mint,en,AUD,2026-09-06T20:47:48.244Z
Gallant Fowlknight,ECL,Lorwyn Eclipsed,17,normal,common,2,110665,fb6096ba-8083-4207-9a3f-c1e4ff095204,0.15,false,false,near_mint,en,AUD,2026-09-06T20:47:48.246Z
Appeal to Eirdu,ECL,Lorwyn Eclipsed,5,normal,common,2,110356,68ce9752-21f9-48e9-bf48-7f76f1cecbc5,0.14,false,false,near_mint,en,AUD,2026-09-06T20:47:48.248Z
Tributary Vaulter,ECL,Lorwyn Eclipsed,40,normal,common,2,110802,a1db2c83-41d1-4cc6-b9a3-fed504b01127,0.17,false,false,near_mint,en,AUD,2026-09-06T20:47:48.250Z
Reluctant Dounguard,ECL,Lorwyn Eclipsed,31,normal,common,2,110849,dbce93c0-5efc-4b60-9cef-9d9b374d397b,0.12,false,false,near_mint,en,AUD,2026-09-06T20:47:48.253Z
Meanders Guide,ECL,Lorwyn Eclipsed,25,normal,uncommon,2,110787,8c41a0ad-138e-4eef-8f7f-35017e3b086f,0.25,false,false,near_mint,en,AUD,2026-09-06T20:47:48.255Z
Crib Swap,ECL,Lorwyn Eclipsed,11,normal,uncommon,2,110563,8f2fb3c6-af75-47a3-9f97-521872c32890,0.33,false,false,near_mint,en,AUD,2026-09-06T20:47:48.257Z
Wanderbrine Preacher,ECL,Lorwyn Eclipsed,41,normal,common,2,110485,3fc3f5f2-5a83-4358-8f23-42f26f345140,0.24,false,false,near_mint,en,AUD,2026-09-06T20:47:48.260Z
Spiked Ripsaw,VOW,Innistrad: Crimson Vow,220,normal,uncommon,1,64128,241e95ec-b630-4492-be1d-f66aa19889e5,0.22,false,false,near_mint,en,AUD,2026-09-06T20:56:18.284Z
Oakshade Stalker // Moonlit Ambusher,VOW,Innistrad: Crimson Vow,212,normal,uncommon,1,64306,8bcaa944-4e45-457c-be9c-07377b6ed08b,0.25,false,false,near_mint,en,AUD,2026-09-06T20:56:18.287Z
Reclusive Taxidermist,VOW,Innistrad: Crimson Vow,214,normal,uncommon,1,64094,10edf37a-ee35-491d-b83a-39035f7df65a,0.3,false,false,near_mint,en,AUD,2026-09-06T20:56:18.300Z
Frenzied Devils,VOW,Innistrad: Crimson Vow,159,normal,uncommon,1,64379,b7912206-6de3-4085-b5f6-a2e90ea55b90,0.07,false,false,near_mint,en,AUD,2026-09-06T20:56:18.313Z
Fearful Villager // Fearsome Werewolf,VOW,Innistrad: Crimson Vow,157,normal,common,1,64229,5eb3a08e-1d31-4ab9-854f-a86b060696ec,0.28,false,false,near_mint,en,AUD,2026-09-06T20:56:18.314Z
Bloody Betrayal,VOW,Innistrad: Crimson Vow,147,normal,common,1,64301,8970a5d6-dcab-415a-851b-20e228ef7d16,0.39,false,false,near_mint,en,AUD,2026-09-06T20:56:18.317Z
Into the Night,VOW,Innistrad: Crimson Vow,163,normal,uncommon,1,64378,b5a96286-0dda-4761-a1c5-241288c36275,0.4,false,false,near_mint,en,AUD,2026-09-06T20:56:18.320Z
Rending Flame,VOW,Innistrad: Crimson Vow,175,normal,uncommon,1,64205,51332c31-41df-4379-aa63-6a734a4df618,0.22,false,false,near_mint,en,AUD,2026-09-06T20:56:18.321Z
Markov Retribution,VOW,Innistrad: Crimson Vow,171,normal,uncommon,1,64185,48d3840c-db27-4512-bfe3-92249094e5b4,0.19,false,false,near_mint,en,AUD,2026-09-06T20:56:18.322Z
Belligerent Guest,VOW,Innistrad: Crimson Vow,144,normal,common,1,64113,1bb844c4-f41c-4411-a80a-c19e1d97b272,0.28,false,false,near_mint,en,AUD,2026-09-06T20:56:18.325Z
Voltaic Visionary // Volt-Charged Berserker,VOW,Innistrad: Crimson Vow,183,normal,uncommon,1,64362,a8b85386-462b-46f8-9412-fd47ed1dc1da,0.21,false,false,near_mint,en,AUD,2026-09-06T20:56:18.326Z
Sanguine Statuette,VOW,Innistrad: Crimson Vow,177,normal,uncommon,1,64262,706fafd4-443f-4e16-972e-86c16f22670a,0.33,false,false,near_mint,en,AUD,2026-09-06T20:56:18.329Z
Runebound Wolf,VOW,Innistrad: Crimson Vow,176,normal,uncommon,2,64261,6f9615f0-376f-4ac0-b269-5f497f2b5223,0.32,false,false,near_mint,en,AUD,2026-09-06T20:56:18.330Z
Sheltering Boughs,VOW,Innistrad: Crimson Vow,218,normal,common,2,64317,915dd4c2-0e9f-440c-8e4c-80db351a5eba,0.17,false,false,near_mint,en,AUD,2026-09-06T20:56:18.285Z
Nature's Embrace,VOW,Innistrad: Crimson Vow,211,normal,common,2,64160,39d757af-86fd-4f99-a09a-0f3898ed95f6,0.25,false,false,near_mint,en,AUD,2026-09-06T20:56:18.288Z
Crushing Canopy,VOW,Innistrad: Crimson Vow,194,normal,common,2,64457,eae67d98-5167-442b-8586-0b2bcb0c56eb,0.1,false,false,near_mint,en,AUD,2026-09-06T20:56:18.290Z
Apprentice Sharpshooter,VOW,Innistrad: Crimson Vow,185,normal,common,2,64465,f03f0790-cdc9-4bb4-ae54-2c248435b0a4,0.25,false,false,near_mint,en,AUD,2026-09-06T20:56:18.292Z
Witch's Web,VOW,Innistrad: Crimson Vow,227,normal,common,2,64088,0d021207-76be-4bc9-bb71-df991a04d8d8,0.25,false,false,near_mint,en,AUD,2026-09-06T20:56:18.294Z
Toxic Scorpion,VOW,Innistrad: Crimson Vow,224,normal,common,2,64201,4cfca481-cf2d-435d-b4b6-07b1fe2a8e5d,0.39,false,false,near_mint,en,AUD,2026-09-06T20:56:18.296Z
Sporeback Wolf,VOW,Innistrad: Crimson Vow,223,normal,common,2,64167,3fb04879-9348-4d4f-9a23-c82fd99d04c6,0.39,false,false,near_mint,en,AUD,2026-09-06T20:56:18.298Z
Dawnhart Disciple,VOW,Innistrad: Crimson Vow,196,normal,common,2,64406,c4bb669c-155e-4002-ba55-7e901760c0e8,0.06,false,false,near_mint,en,AUD,2026-09-06T20:56:18.301Z
Bramble Armor,VOW,Innistrad: Crimson Vow,188,normal,common,2,64469,f3017ae1-9744-493b-a1a2-fb2a60f7e7e4,0.18,false,false,near_mint,en,AUD,2026-09-06T20:56:18.303Z
Snarling Wolf,VOW,Innistrad: Crimson Vow,219,normal,common,2,64461,ecd271d7-a3c8-4448-b8e2-bcef5d7e9118,0.26,false,false,near_mint,en,AUD,2026-09-06T20:56:18.305Z
Massive Might,VOW,Innistrad: Crimson Vow,208,normal,common,2,64161,3a5cd50b-4825-4d85-b0f9-e2a51d2a7df1,0.26,false,false,near_mint,en,AUD,2026-09-06T20:56:18.307Z
Pyre Spawn,VOW,Innistrad: Crimson Vow,173,normal,common,2,64286,80255777-de00-4ffa-a8a0-f522bf4198fb,0.17,false,false,near_mint,en,AUD,2026-09-06T20:56:18.309Z
Lacerate Flesh,VOW,Innistrad: Crimson Vow,166,normal,common,2,64410,c7e0c0dc-2d35-4e5a-81da-dd5f35b8e579,0.25,false,false,near_mint,en,AUD,2026-09-06T20:56:18.311Z
Daybreak Combatants,VOW,Innistrad: Crimson Vow,153,normal,common,2,64296,8697a861-0f67-4ed3-bed8-f264fc78565e,0.14,false,false,near_mint,en,AUD,2026-09-06T20:56:18.315Z
Lightning Wolf,VOW,Innistrad: Crimson Vow,168,normal,common,2,64265,7211e4c3-e940-41da-88e4-4630eab447a6,0.22,false,false,near_mint,en,AUD,2026-09-06T20:56:18.318Z
Blood Hypnotist,VOW,Innistrad: Crimson Vow,145,normal,uncommon,2,64427,d85e0477-9176-4a3e-badc-f1c1c734e59c,0.26,false,false,near_mint,en,AUD,2026-09-06T20:56:18.323Z
Sure Strike,VOW,Innistrad: Crimson Vow,179,normal,common,2,64116,1d872736-fafb-44e8-a809-48c5436c665a,0.25,false,false,near_mint,en,AUD,2026-09-06T20:56:18.327Z
Hungry Ridgewolf,VOW,Innistrad: Crimson Vow,161,normal,common,2,64287,804e0e1d-9c9c-46e6-8533-88e18a91ceff,0.32,false,false,near_mint,en,AUD,2026-09-06T20:56:18.331Z
Blood Petal Celebrant,VOW,Innistrad: Crimson Vow,146,normal,common,2,64085,0c3a4927-f06c-424d-92a9-b40cf8e3e209,0.26,false,false,near_mint,en,AUD,2026-09-06T20:56:18.333Z
Abrade,VOW,Innistrad: Crimson Vow,139,normal,common,2,64344,a0e47d11-cb21-402b-a39e-588a94cc57b4,0.4,false,false,near_mint,en,AUD,2026-09-06T20:56:18.335Z
Bloodsworn Squire // Bloodsworn Knight,VOW,Innistrad: Crimson Vow,97,normal,uncommon,1,64358,a7cbdd54-7685-4921-ab60-dc36e647a4c5,0.26,false,false,near_mint,en,AUD,2026-09-06T20:59:21.172Z
Bloodcrazed Socialite,VOW,Innistrad: Crimson Vow,96,normal,common,1,64305,8b12c378-1103-4a50-88fa-cf5a2deef463,0.29,false,false,near_mint,en,AUD,2026-09-06T20:59:21.173Z
Bloodcrazed Socialite,VOW,Innistrad: Crimson Vow,288,normal,common,1,64338,9df22639-7e98-43a1-801e-cbf882558c53,0.24,false,false,near_mint,en,AUD,2026-09-06T20:59:21.174Z
Hero's Downfall,VOW,Innistrad: Crimson Vow,120,normal,uncommon,1,64397,c1b0751e-3a7e-4568-8c64-7429d6829687,0.21,false,false,near_mint,en,AUD,2026-09-06T20:59:21.179Z
Gluttonous Guest,VOW,Innistrad: Crimson Vow,292,normal,common,1,64260,6d6abfce-ffe0-4506-89f9-41c2820b188f,0.3,false,false,near_mint,en,AUD,2026-09-06T20:59:21.180Z
Fell Stinger,VOW,Innistrad: Crimson Vow,112,normal,uncommon,1,64137,27347849-6c07-42c0-bee4-74f93d7ad511,0.42,false,false,near_mint,en,AUD,2026-09-06T20:59:21.181Z
Aim for the Head,VOW,Innistrad: Crimson Vow,92,normal,common,1,64096,1174e8e1-2e8e-4070-9871-7d5d93e0dd56,0.24,false,false,near_mint,en,AUD,2026-09-06T20:59:21.189Z
Restless Bloodseeker // Bloodsoaked Reveler,VOW,Innistrad: Crimson Vow,128,normal,uncommon,1,64264,71f67ac0-7901-4248-9cb7-2200fb8f893e,0.39,false,false,near_mint,en,AUD,2026-09-06T20:59:21.190Z
Mindleech Ghoul,VOW,Innistrad: Crimson Vow,122,normal,common,1,64474,f5c4e00d-128a-4ddb-9e1b-3ee93121b262,0.3,false,false,near_mint,en,AUD,2026-09-06T20:59:21.193Z
Wretched Throng,VOW,Innistrad: Crimson Vow,91,normal,common,2,64458,eb3991f0-76b8-4f77-9d67-0e2b11fda750,0.12,false,false,near_mint,en,AUD,2026-09-06T20:59:21.198Z
Steelclad Spirit,VOW,Innistrad: Crimson Vow,80,normal,common,1,64222,55fb1426-5a6f-48dd-938b-c64b1a28ee59,0.15,false,false,near_mint,en,AUD,2026-09-06T20:59:21.199Z
Soulcipher Board // Cipherbound Spirit,VOW,Innistrad: Crimson Vow,79,normal,uncommon,1,64162,3c0fae23-1278-499f-9df7-4a29691726b1,0.11,false,false,near_mint,en,AUD,2026-09-06T20:59:21.200Z
Selhoff Entomber,VOW,Innistrad: Crimson Vow,76,normal,common,1,64482,f8805db2-5a26-43cf-9b74-f882c283e5e4,0.33,false,false,near_mint,en,AUD,2026-09-06T20:59:21.203Z
Cradle of Safety,VOW,Innistrad: Crimson Vow,54,normal,common,1,64170,42cbad81-152a-435f-9289-f4b6483a059b,0.33,false,false,near_mint,en,AUD,2026-09-06T20:59:21.209Z
Syncopate,VOW,Innistrad: Crimson Vow,83,normal,common,1,64073,08375017-4432-4296-9799-966db145ed7c,0.3,false,false,near_mint,en,AUD,2026-09-06T20:59:21.210Z
Cobbled Lancer,VOW,Innistrad: Crimson Vow,52,normal,uncommon,1,64191,4a2d3ba4-07c7-46bd-8241-0fa41105b771,0.29,false,false,near_mint,en,AUD,2026-09-06T20:59:21.214Z
Nebelgast Beguiler,VOW,Innistrad: Crimson Vow,25,normal,common,2,64065,04c68dbd-e61b-49a7-aa17-da6b26c9fd29,0.12,false,false,near_mint,en,AUD,2026-09-06T20:59:21.217Z
Innocent Traveler // Malicious Invader,VOW,Innistrad: Crimson Vow,121,normal,uncommon,2,64100,13a5e5fd-a67a-4c0e-97ae-923bdbc1be20,0.14,false,false,near_mint,en,AUD,2026-09-06T20:59:21.168Z
Diregraf Scavenger,VOW,Innistrad: Crimson Vow,105,normal,common,2,64476,f72eb127-3f4c-42ed-8ba6-b6d83ea18545,0.24,false,false,near_mint,en,AUD,2026-09-06T20:59:21.170Z
Bleed Dry,VOW,Innistrad: Crimson Vow,94,normal,common,2,64164,3db65755-f104-4de9-bcc9-0a4a7bc66b51,0.21,false,false,near_mint,en,AUD,2026-09-06T20:59:21.175Z
Pointed Discussion,VOW,Innistrad: Crimson Vow,126,normal,common,2,64071,076deb63-f7e2-498f-a66a-8a190370a3b3,0.39,false,false,near_mint,en,AUD,2026-09-06T20:59:21.177Z
Desperate Farmer // Depraved Harvester,VOW,Innistrad: Crimson Vow,104,normal,common,2,64183,467c566e-7f6a-40c9-8fd7-da6ae96df56c,0.29,false,false,near_mint,en,AUD,2026-09-06T20:59:21.182Z
Courier Bat,VOW,Innistrad: Crimson Vow,102,normal,common,3,64202,4d9a8dc7-1ee9-4731-bd72-3d02f4e7c6c4,0.26,false,false,near_mint,en,AUD,2026-09-06T20:59:21.184Z
Archghoul of Thraben,VOW,Innistrad: Crimson Vow,93,normal,uncommon,2,64087,0cf81c9d-ddb2-470e-8a4a-590049713e95,0.3,false,false,near_mint,en,AUD,2026-09-06T20:59:21.187Z
Ragged Recluse // Odious Witch,VOW,Innistrad: Crimson Vow,127,normal,common,2,64285,7fb728de-0d6e-4b32-b0c4-edd7382d1391,0.26,false,false,near_mint,en,AUD,2026-09-06T20:59:21.191Z
Doomed Dissenter,VOW,Innistrad: Crimson Vow,106,normal,common,2,64479,f7c0cf16-81ea-45e3-99cc-4424d59bb44b,0.36,false,false,near_mint,en,AUD,2026-09-06T20:59:21.194Z
Gift of Fangs,VOW,Innistrad: Crimson Vow,113,normal,common,2,64361,a864375f-99c3-4c68-9440-bc25ff6d0dc0,0.32,false,false,near_mint,en,AUD,2026-09-06T20:59:21.196Z
Serpentine Ambush,VOW,Innistrad: Crimson Vow,77,normal,common,2,64381,b8214b1c-29f8-4986-89ac-2d7fc929edf3,0.17,false,false,near_mint,en,AUD,2026-09-06T20:59:21.201Z
Mischievous Catgeist // Catlike Curiosity,VOW,Innistrad: Crimson Vow,69,normal,uncommon,2,64353,a3ff628a-ef8e-45c4-84e7-a33ec28f025a,0.36,false,false,near_mint,en,AUD,2026-09-06T20:59:21.204Z
Lunar Rejection,VOW,Innistrad: Crimson Vow,67,normal,uncommon,3,64092,0f66511c-355f-4e8a-96fc-3afc7a315231,0.06,false,false,near_mint,en,AUD,2026-09-06T20:59:21.206Z
Lantern Bearer // Lanterns' Lift,VOW,Innistrad: Crimson Vow,66,normal,common,3,64354,a4d3652a-6774-4b16-aa8b-cb11d72ec7aa,0.33,false,false,near_mint,en,AUD,2026-09-06T20:59:21.211Z
Alchemist's Retrieval,VOW,Innistrad: Crimson Vow,47,normal,common,2,64462,edbf9d4f-6027-40b8-81c1-7f001a9119dd,0.28,false,false,near_mint,en,AUD,2026-09-06T20:59:21.215Z
Biolume Egg // Biolume Serpent,VOW,Innistrad: Crimson Vow,49,normal,uncommon,1,64223,57039230-bf5a-4489-9dc1-37e27b17bd84,0.21,false,false,near_mint,en,AUD,2026-09-06T21:03:05.806Z
Binding Geist // Spectral Binding,VOW,Innistrad: Crimson Vow,48,normal,common,1,64268,730e4629-dc54-415d-9493-88885788ca19,0.1,false,false,near_mint,en,AUD,2026-09-06T21:03:05.807Z
Circle of Confinement,VOW,Innistrad: Crimson Vow,7,normal,uncommon,1,64099,13031fb6-9d5a-4add-9a86-28b2a9373fd2,0.19,false,false,near_mint,en,AUD,2026-09-06T21:03:05.822Z
Ollenbock Escort,VOW,Innistrad: Crimson Vow,27,normal,uncommon,1,64477,f7a659bf-9d85-4011-980e-c3a8dc4513e9,0.33,false,false,near_mint,en,AUD,2026-09-06T21:03:05.823Z
Adamant Will,VOW,Innistrad: Crimson Vow,1,normal,common,1,64387,bd091f3e-5fcc-4d12-b0c3-3b6340ab01d8,0.37,false,false,near_mint,en,AUD,2026-09-06T21:03:05.826Z
Traveling Minister,VOW,Innistrad: Crimson Vow,39,normal,common,1,64449,e672a05c-5f1a-4aa6-9398-e33df01c7c96,0.26,false,false,near_mint,en,AUD,2026-09-06T21:03:05.829Z
Radiant Grace // Radiant Restraints,VOW,Innistrad: Crimson Vow,31,normal,uncommon,1,64193,4a708243-42a1-4fa7-8b0b-9d5163da84bb,0.37,false,false,near_mint,en,AUD,2026-09-06T21:03:05.830Z
Skywarp Skaab,VOW,Innistrad: Crimson Vow,78,normal,common,1,64269,73168804-3c22-4fcb-907a-2f08999c0cea,0.11,false,false,near_mint,en,AUD,2026-09-06T21:03:05.836Z
Honored Heirloom,VOW,Innistrad: Crimson Vow,257,normal,common,1,64422,d3390e4d-9137-40ff-b998-bdb19c90b7d5,0.33,false,false,near_mint,en,AUD,2026-09-06T21:03:05.848Z
Boarded Window,VOW,Innistrad: Crimson Vow,253,normal,uncommon,1,64464,f02cf94c-94d3-4c4c-a7ae-b4d48ef5b14e,0.17,false,false,near_mint,en,AUD,2026-09-06T21:03:05.849Z
Resistance Squad,VOW,Innistrad: Crimson Vow,32,normal,uncommon,1,64077,093ae747-350f-4253-b903-8c6892d78c83,0.19,false,false,near_mint,en,AUD,2026-09-06T21:03:05.851Z
Gryff Rider,VOW,Innistrad: Crimson Vow,15,normal,common,1,64211,5317077b-370e-41a9-9162-c713362fd7f4,0.24,false,false,near_mint,en,AUD,2026-09-06T21:03:05.857Z
Distracting Geist // Clever Distraction,VOW,Innistrad: Crimson Vow,9,normal,uncommon,1,64359,a7fc0939-6286-44de-a727-c83bfd3fa752,0.33,false,false,near_mint,en,AUD,2026-09-06T21:03:05.858Z
Panicked Bystander // Cackling Culprit,VOW,Innistrad: Crimson Vow,28,normal,uncommon,1,64064,031c5cff-e579-432a-bcee-864b12eb0558,0.18,false,false,near_mint,en,AUD,2026-09-06T21:03:05.867Z
Fleeting Spirit,VOW,Innistrad: Crimson Vow,14,normal,uncommon,1,64433,db9d80f7-9742-4437-a9f4-6717a678f935,0.29,false,false,near_mint,en,AUD,2026-09-06T21:03:05.870Z
Angelic Quartermaster,VOW,Innistrad: Crimson Vow,2,normal,uncommon,1,64169,41d81b88-c19b-4148-89ba-ae8fb53843e1,0.33,false,false,near_mint,en,AUD,2026-09-06T21:03:05.874Z
Heron of Hope,VOW,Innistrad: Crimson Vow,18,normal,common,1,64485,fa7e6933-5c64-4fcd-bb7f-740767a149cb,0.32,false,false,near_mint,en,AUD,2026-09-06T21:03:05.877Z
Dormant Grove // Gnarled Grovestrider,VOW,Innistrad: Crimson Vow,198,normal,uncommon,1,64452,e7d3012e-1798-4f72-8d9a-b2d16f817502,0.39,false,false,near_mint,en,AUD,2026-09-06T21:03:05.882Z
Falkenrath Celebrants,VOW,Innistrad: Crimson Vow,156,normal,common,1,64200,4c3c5778-4760-4a8c-8d8d-693e29a0a74b,0.29,false,false,near_mint,en,AUD,2026-09-06T21:03:05.885Z
Brine Comber // Brinebound Gift,VOW,Innistrad: Crimson Vow,233,normal,uncommon,1,64308,8d233bc5-8a08-4d38-abd4-21a112141afd,0.22,false,false,near_mint,en,AUD,2026-09-06T21:03:05.888Z
Wolfkin Outcast // Wedding Crasher,VOW,Innistrad: Crimson Vow,229,normal,uncommon,1,64276,7a743426-6333-4ca6-9207-163b325ba435,0.37,false,false,near_mint,en,AUD,2026-09-06T21:03:05.889Z
Sawblade Slinger,VOW,Innistrad: Crimson Vow,217,normal,uncommon,1,64127,225773f9-1843-4ee0-8564-8e4a5dfef775,0.19,false,false,near_mint,en,AUD,2026-09-06T21:03:05.894Z
Rural Recruit,VOW,Innistrad: Crimson Vow,216,normal,common,1,64114,1bf35971-f1c4-4ccb-af5c-fd396391bb4b,0.11,false,false,near_mint,en,AUD,2026-09-06T21:03:05.895Z
Wolf Strike,VOW,Innistrad: Crimson Vow,228,normal,common,1,64063,02e9cd00-7ffd-44e1-aa0f-c94489ff4a0f,0.36,false,false,near_mint,en,AUD,2026-09-06T21:03:05.900Z
Weaver of Blossoms // Blossom-Clad Werewolf,VOW,Innistrad: Crimson Vow,226,normal,common,1,64271,73bf2a0a-b97d-4b90-abd6-d1755734ea15,0.4,false,false,near_mint,en,AUD,2026-09-06T21:03:05.901Z
Spore Crawler,VOW,Innistrad: Crimson Vow,222,normal,common,1,64242,628dbc4c-3640-44a9-8439-873103989409,0.14,false,false,near_mint,en,AUD,2026-09-06T21:03:05.902Z
Gutter Skulker // Gutter Shortcut,VOW,Innistrad: Crimson Vow,62,normal,uncommon,2,64416,ceb84515-7b8f-444d-b6a9-61231621f9b7,0.17,false,false,near_mint,en,AUD,2026-09-06T21:03:05.809Z
Witness the Future,VOW,Innistrad: Crimson Vow,90,normal,uncommon,2,64421,d0b3683f-a68b-458c-8f70-bba0f8779b8a,0.4,false,false,near_mint,en,AUD,2026-09-06T21:03:05.811Z
Wanderlight Spirit,VOW,Innistrad: Crimson Vow,86,normal,common,2,64281,7bb3ce5d-330d-427e-a053-8cc4eeb2941b,0.24,false,false,near_mint,en,AUD,2026-09-06T21:03:05.813Z
Syphon Essence,VOW,Innistrad: Crimson Vow,84,normal,common,2,64173,435a2d31-ac2c-45aa-8369-6c2d6fbba4e4,0.33,false,false,near_mint,en,AUD,2026-09-06T21:03:05.815Z
Stitched Assistant,VOW,Innistrad: Crimson Vow,81,normal,common,2,64399,c1debb8c-d5e0-49e5-ab27-2d50e6f9d8d2,0.32,false,false,near_mint,en,AUD,2026-09-06T21:03:05.817Z
Fierce Retribution,VOW,Innistrad: Crimson Vow,13,normal,common,2,64324,9597b163-5c6b-4f64-b1f1-5f1fa2e23e5d,0.19,false,false,near_mint,en,AUD,2026-09-06T21:03:05.818Z
Drogskol Infantry // Drogskol Armaments,VOW,Innistrad: Crimson Vow,10,normal,common,2,64483,f88e269e-ff3d-4775-8520-5b7a6dddf23d,0.22,false,false,near_mint,en,AUD,2026-09-06T21:03:05.820Z
Bride's Gown,VOW,Innistrad: Crimson Vow,4,normal,uncommon,2,64377,b3e5dbbe-ca99-41a5-901d-511b9f3ccea6,0.36,false,false,near_mint,en,AUD,2026-09-06T21:03:05.824Z
Unholy Officiant,VOW,Innistrad: Crimson Vow,286,normal,common,2,64266,722b6cc7-16f2-43cd-bac6-42f5e7962d99,0.15,false,false,near_mint,en,AUD,2026-09-06T21:03:05.827Z
Piercing Light,VOW,Innistrad: Crimson Vow,30,normal,common,2,64219,54cc4e2b-1497-4788-afb4-9e42b7683b5a,0.11,false,false,near_mint,en,AUD,2026-09-06T21:03:05.831Z
Evolving Wilds,VOW,Innistrad: Crimson Vow,263,normal,common,2,64453,e80fe230-745d-42ae-a1f5-a8cc950783d0,0.36,false,false,near_mint,en,AUD,2026-09-06T21:03:05.833Z
Dreadlight Monstrosity,VOW,Innistrad: Crimson Vow,57,normal,common,2,64105,16345278-7565-406b-a958-835081082bc8,0.28,false,false,near_mint,en,AUD,2026-09-06T21:03:05.834Z
Scattered Thoughts,VOW,Innistrad: Crimson Vow,74,normal,common,2,64436,dc5c6675-6e0f-427d-9399-a6e7fc6215f1,0.36,false,false,near_mint,en,AUD,2026-09-06T21:03:05.837Z
Estwald Shieldbasher,VOW,Innistrad: Crimson Vow,11,normal,common,2,64239,61c7d889-8cc0-4e80-b6d5-d41961820224,0.14,false,false,near_mint,en,AUD,2026-09-06T21:03:05.839Z
Sigarda's Imprisonment,VOW,Innistrad: Crimson Vow,35,normal,common,2,64097,118995a6-8471-47ac-9404-700ce7fc46f6,0.21,false,false,near_mint,en,AUD,2026-09-06T21:03:05.840Z
Child of the Pack // Savage Packmate,VOW,Innistrad: Crimson Vow,234,normal,uncommon,2,64414,cb168e3c-2c78-4e70-a39b-06aa6a47998c,0.5,false,false,near_mint,en,AUD,2026-09-06T21:03:05.841Z
Ceremonial Knife,VOW,Innistrad: Crimson Vow,254,normal,common,2,64335,9ccb4b1e-ef8f-4c5f-8b5b-6148455442f7,0.29,false,false,near_mint,en,AUD,2026-09-06T21:03:05.842Z
Wedding Invitation,VOW,Innistrad: Crimson Vow,260,normal,common,2,64438,ddc22ff6-4081-47ce-bc8a-e063f5f4d044,0.37,false,false,near_mint,en,AUD,2026-09-06T21:03:05.846Z
Kindly Ancestor // Ancestor's Embrace,VOW,Innistrad: Crimson Vow,22,normal,common,3,64129,25193485-7f41-4b05-9a69-4c112679f97c,0.24,false,false,near_mint,en,AUD,2026-09-06T21:03:05.852Z
Militia Rallier,VOW,Innistrad: Crimson Vow,24,normal,common,2,64206,51b3ff40-3185-4369-985e-17613bb6ad22,0.21,false,false,near_mint,en,AUD,2026-09-06T21:03:05.853Z
Arm the Cathars,VOW,Innistrad: Crimson Vow,3,normal,uncommon,2,64121,2004a20c-e434-4691-8ef2-740846ce6a51,0.24,false,false,near_mint,en,AUD,2026-09-06T21:03:05.859Z
Vampire Slayer,VOW,Innistrad: Crimson Vow,43,normal,common,2,64363,a8f6f03b-5a4e-4532-9c9e-24c75df2769f,0.12,false,false,near_mint,en,AUD,2026-09-06T21:03:05.861Z
Sanctify,VOW,Innistrad: Crimson Vow,33,normal,common,2,64300,880e071a-6d6c-41c4-b2eb-c9e6626d0c7f,0.33,false,false,near_mint,en,AUD,2026-09-06T21:03:05.863Z
Parish-Blade Trainee,VOW,Innistrad: Crimson Vow,29,normal,common,2,64329,9845cdf2-e5ba-44a0-8136-72a1eb03a6a1,0.29,false,false,near_mint,en,AUD,2026-09-06T21:03:05.865Z
Nurturing Presence,VOW,Innistrad: Crimson Vow,26,normal,common,2,64156,35e109ea-8b86-4432-b15e-5a6201caf2aa,0.22,false,false,near_mint,en,AUD,2026-09-06T21:03:05.868Z
Heron-Blessed Geist,VOW,Innistrad: Crimson Vow,19,normal,common,2,64293,83bacf4a-4e99-4008-97e4-3a82dddd4e45,0.15,false,false,near_mint,en,AUD,2026-09-06T21:03:05.872Z
Supernatural Rescue,VOW,Innistrad: Crimson Vow,37,normal,common,2,64326,960ca69c-916d-4af3-82a4-5f6fb614d6a4,0.24,false,false,near_mint,en,AUD,2026-09-06T21:03:05.875Z
Gryffwing Cavalry,VOW,Innistrad: Crimson Vow,16,normal,uncommon,2,64273,792d5b41-27f3-455b-890e-a1771944fc7d,0.19,false,false,near_mint,en,AUD,2026-09-06T21:03:05.878Z
Cartographer's Survey,VOW,Innistrad: Crimson Vow,190,normal,uncommon,2,64384,b9a41cfc-f329-4e69-a785-835f69c7d2ba,0.19,false,false,near_mint,en,AUD,2026-09-06T21:03:05.881Z
Hookhand Mariner // Riphook Raider,VOW,Innistrad: Crimson Vow,203,normal,common,2,64218,54a4b031-0919-44aa-a35e-68da7a27235a,0.25,false,false,near_mint,en,AUD,2026-09-06T21:03:05.883Z
Weary Prisoner // Wrathful Jailbreaker,VOW,Innistrad: Crimson Vow,184,normal,common,2,64448,e641467b-ac2e-4d29-aed7-5cc227c3b1ce,0.32,false,false,near_mint,en,AUD,2026-09-06T21:03:05.886Z
Flourishing Hunter,VOW,Innistrad: Crimson Vow,199,normal,common,2,64140,2abc54df-773d-4f46-b241-e1f42af8ab95,0.33,false,false,near_mint,en,AUD,2026-09-06T21:03:05.890Z
Moldgraf Millipede,VOW,Innistrad: Crimson Vow,209,normal,common,2,64208,5252ea27-63d1-4b80-beae-8e016373d004,0.4,false,false,near_mint,en,AUD,2026-09-06T21:03:05.892Z
Chill of the Grave,VOW,Innistrad: Crimson Vow,51,normal,common,2,64235,60222e91-a688-4113-a8c2-ab08f52bb6e1,0.15,false,false,near_mint,en,AUD,2026-09-06T21:03:05.897Z
Rune of Speed,KHM,Kaldheim,148,normal,uncommon,1,56856,47faee66-b274-466a-890e-bb396dda943d,0.39,false,false,near_mint,en,AUD,2026-09-07T11:20:44.740Z
Immersturm Skullcairn,KHM,Kaldheim,263,normal,uncommon,1,56759,12ed97de-736d-43d8-977b-308ac54f88f4,0.33,false,false,near_mint,en,AUD,2026-09-07T11:20:44.749Z
"Svella, Ice Shaper",KHM,Kaldheim,331,normal,uncommon,1,56898,5ec553af-5254-4812-bb68-cd6d853f693a,0.22,false,false,near_mint,en,AUD,2026-09-07T11:20:44.766Z
"Svella, Ice Shaper",KHM,Kaldheim,230,normal,uncommon,1,57025,a7054d48-5ed3-43a1-85e5-9f306b081b4f,0.39,false,false,near_mint,en,AUD,2026-09-07T11:20:44.767Z
Moritte of the Frost,KHM,Kaldheim,223,normal,uncommon,1,56785,22fdbe71-abca-4e48-99b2-1cb6b35d930b,0.46,false,false,near_mint,en,AUD,2026-09-07T11:20:44.774Z
The Three Seasons,KHM,Kaldheim,231,normal,uncommon,1,56857,48ce03b3-ec7c-46df-b89a-55405f3b5245,0.33,false,false,near_mint,en,AUD,2026-09-07T11:20:44.775Z
Vengeful Reaper,KHM,Kaldheim,116,normal,uncommon,1,56960,854c99fd-71ba-40b7-98cf-b783f01a77b4,0.33,false,false,near_mint,en,AUD,2026-09-07T11:20:44.801Z
Hailstorm Valkyrie,KHM,Kaldheim,97,normal,uncommon,1,57022,a5a272b3-aaab-4c98-86a8-85c67a5f3d4d,0.36,false,false,near_mint,en,AUD,2026-09-07T11:20:44.806Z
Inga Rune-Eyes,KHM,Kaldheim,64,normal,uncommon,1,56906,62a6f095-5beb-42a8-af8f-d40eef27150e,0.14,false,false,near_mint,en,AUD,2026-09-07T11:20:44.815Z
Inga Rune-Eyes,KHM,Kaldheim,304,normal,uncommon,1,57098,d2d1b1a2-3861-4fbb-955b-4f3f8fcca9a7,0.24,false,false,near_mint,en,AUD,2026-09-07T11:20:44.817Z
Strategic Planning,KHM,Kaldheim,77,normal,common,2,56797,29306305-cb71-4fef-bf86-f5deb4e7e561,0.28,false,false,near_mint,en,AUD,2026-09-07T11:20:44.829Z
Rune of Flight,KHM,Kaldheim,75,normal,uncommon,2,57100,d5c1a271-2107-462a-9d4a-9c7fbcfa8d77,0.25,false,false,near_mint,en,AUD,2026-09-07T11:20:44.830Z
Draugr's Helm,KHM,Kaldheim,88,normal,uncommon,1,57171,fd4aade3-b1e3-43d1-b4a8-6b55ecdb4327,0.32,false,false,near_mint,en,AUD,2026-09-07T11:20:44.841Z
Doomskar Titan,KHM,Kaldheim,130,normal,uncommon,2,57019,a4e125e4-103f-4a68-b85f-1382646da71e,0.22,false,false,near_mint,en,AUD,2026-09-07T11:20:44.878Z
Bound in Gold,KHM,Kaldheim,5,normal,common,2,56738,074d526a-1eef-4045-bd38-f6d68c4bc4b9,0.33,false,false,near_mint,en,AUD,2026-09-07T11:20:44.880Z
Crush the Weak,KHM,Kaldheim,128,normal,uncommon,3,56965,875a20c2-1d17-46ea-b4d2-3e70bc05aae3,0.35,false,false,near_mint,en,AUD,2026-09-07T11:20:44.734Z
Breakneck Berserker,KHM,Kaldheim,124,normal,common,2,57102,d6eb23c9-6061-4ad1-a8f3-2c791c49f352,0.18,false,false,near_mint,en,AUD,2026-09-07T11:20:44.736Z
Vault Robber,KHM,Kaldheim,158,normal,common,2,56939,74f68014-489d-4f51-a959-0f335541cb4e,0.35,false,false,near_mint,en,AUD,2026-09-07T11:20:44.738Z
Run Amok,KHM,Kaldheim,147,normal,common,2,56845,44c8136f-2826-476c-a103-7094670506a6,0.33,false,false,near_mint,en,AUD,2026-09-07T11:20:44.741Z
Skemfar Elderhall,KHM,Kaldheim,268,normal,uncommon,2,56958,82c2a0f7-0f53-4627-8be8-227fde331a69,0.37,false,false,near_mint,en,AUD,2026-09-07T11:20:44.743Z
Surtland Frostpyre,KHM,Kaldheim,271,normal,uncommon,2,56744,0b02149a-4a8f-4be9-9944-3d216248b549,0.3,false,false,near_mint,en,AUD,2026-09-07T11:20:44.745Z
Gnottvold Slumbermound,KHM,Kaldheim,258,normal,uncommon,2,56937,735470df-65d8-43e9-837e-4869c8e4f052,0.32,false,false,near_mint,en,AUD,2026-09-07T11:20:44.747Z
Gates of Istfell,KHM,Kaldheim,256,normal,uncommon,2,56792,2627acb7-57d9-4429-9bc5-e7dd444d8d48,0.33,false,false,near_mint,en,AUD,2026-09-07T11:20:44.750Z
Shimmerdrift Vale,KHM,Kaldheim,267,normal,common,2,57143,f09d98db-0176-41a7-b99b-ead29876cdab,0.3,false,false,near_mint,en,AUD,2026-09-07T11:20:44.752Z
Scorn Effigy,KHM,Kaldheim,246,normal,common,2,56870,4fa13084-3e68-49f4-8cc9-6d02286fd150,0.39,false,false,near_mint,en,AUD,2026-09-07T11:20:44.754Z
Runed Crown,KHM,Kaldheim,245,normal,uncommon,2,56775,1ef89770-2dbb-4a57-99f7-191591bb8e38,0.22,false,false,near_mint,en,AUD,2026-09-07T11:20:44.756Z
Raiders' Karve,KHM,Kaldheim,242,normal,common,2,57154,f572cbb1-49ee-4c95-90a3-82704cf92454,0.26,false,false,near_mint,en,AUD,2026-09-07T11:20:44.758Z
Raven Wings,KHM,Kaldheim,243,normal,common,2,56902,60916ebe-6d84-4873-bd91-351bbe219c57,0.26,false,false,near_mint,en,AUD,2026-09-07T11:20:44.760Z
Funeral Longboat,KHM,Kaldheim,238,normal,common,2,56851,45c48042-178f-432e-9eee-10bfa1e0795f,0.17,false,false,near_mint,en,AUD,2026-09-07T11:20:44.762Z
Colossal Plow,KHM,Kaldheim,236,normal,uncommon,2,57169,fba3fe29-067f-4c7e-8b3b-779f3b37712a,0.35,false,false,near_mint,en,AUD,2026-09-07T11:20:44.764Z
Arni Slays the Troll,KHM,Kaldheim,201,normal,uncommon,2,57097,d18396f9-ae20-4471-84ab-a2148319bc39,0.39,false,false,near_mint,en,AUD,2026-09-07T11:20:44.768Z
"Harald, King of Skemfar",KHM,Kaldheim,323,normal,uncommon,2,56979,8fc37772-7052-46a9-a34e-f982331595a3,0.3,false,false,near_mint,en,AUD,2026-09-07T11:20:44.770Z
Kardur's Vicious Return,KHM,Kaldheim,217,normal,uncommon,2,56787,233e4774-e701-42d9-aa25-e7e06c14e43d,0.33,false,false,near_mint,en,AUD,2026-09-07T11:20:44.772Z
Invasion of the Giants,KHM,Kaldheim,215,normal,uncommon,2,56953,7f5075a0-c72a-474c-937c-95dc9205d14f,0.35,false,false,near_mint,en,AUD,2026-09-07T11:20:44.776Z
"Aegar, the Freezing Flame",KHM,Kaldheim,200,normal,uncommon,2,56912,68011f60-6202-48f4-8255-fb94764e2951,0.33,false,false,near_mint,en,AUD,2026-09-07T11:20:44.778Z
The Trickster-God's Heist,KHM,Kaldheim,232,normal,uncommon,2,56861,4aa19a68-0d71-4123-a64d-8cb76f93cd74,0.25,false,false,near_mint,en,AUD,2026-09-07T11:20:44.780Z
Immersturm Raider,KHM,Kaldheim,141,normal,common,2,56944,77da4de2-4d34-40e5-8fc0-850aef05356b,0.33,false,false,near_mint,en,AUD,2026-09-07T11:20:44.782Z
Frenzied Raider,KHM,Kaldheim,137,normal,uncommon,2,56783,22c59e0b-5b78-4cf5-9c2a-92ccf833778f,0.15,false,false,near_mint,en,AUD,2026-09-07T11:20:44.784Z
Axgard Cavalry,KHM,Kaldheim,121,normal,common,3,56789,2411c341-a470-4484-9248-7c1d3ca12978,0.15,false,false,near_mint,en,AUD,2026-09-07T11:20:44.786Z
Tormentor's Helm,KHM,Kaldheim,155,normal,common,2,56786,2318d4f8-309e-4645-b6d1-46572edd6996,0.28,false,false,near_mint,en,AUD,2026-09-07T11:20:44.789Z
Frost Bite,KHM,Kaldheim,138,normal,common,2,56986,9423318a-c5a8-48d2-92f5-280d15a050a6,0.24,false,false,near_mint,en,AUD,2026-09-07T11:20:44.791Z
Fearless Pup,KHM,Kaldheim,136,normal,common,2,56753,0eba2250-0e9b-46fd-a4b5-23f30329e063,0.32,false,false,near_mint,en,AUD,2026-09-07T11:20:44.793Z
Dread Rider,KHM,Kaldheim,89,normal,common,2,56777,205eb029-68a0-4895-b142-2eb09987b5cb,0.15,false,false,near_mint,en,AUD,2026-09-07T11:20:44.795Z
Tergrid's Shadow,KHM,Kaldheim,113,normal,uncommon,2,56839,417f71d2-d7da-4279-8847-d27c67e9ea9d,0.3,false,false,near_mint,en,AUD,2026-09-07T11:20:44.797Z
Karfell Kennel-Master,KHM,Kaldheim,101,normal,common,2,57156,f670c380-6faa-42ec-ab41-6be8137169b2,0.18,false,false,near_mint,en,AUD,2026-09-07T11:20:44.799Z
Skull Raid,KHM,Kaldheim,111,normal,common,2,56849,4589c520-4db3-47bf-bfb2-5d7e02ede4bf,0.21,false,false,near_mint,en,AUD,2026-09-07T11:20:44.802Z
Jarl of the Forsaken,KHM,Kaldheim,100,normal,common,2,57155,f5b12c6c-c3d6-4b8a-bed4-d61f67f565b9,0.21,false,false,near_mint,en,AUD,2026-09-07T11:20:44.804Z
Feed the Serpent,KHM,Kaldheim,95,normal,common,2,56997,99a1a75b-20cf-4db9-a244-cc54411446c4,0.33,false,false,near_mint,en,AUD,2026-09-07T11:20:44.807Z
Draugr Recruiter,KHM,Kaldheim,87,normal,common,2,56918,6b0fe66b-0067-4e5c-9b3a-b014b2f0daf2,0.17,false,false,near_mint,en,AUD,2026-09-07T11:20:44.809Z
Dogged Pursuit,KHM,Kaldheim,85,normal,common,2,56903,60f6a159-b969-4767-802e-409f8bf286fe,0.33,false,false,near_mint,en,AUD,2026-09-07T11:20:44.811Z
Berg Strider,KHM,Kaldheim,47,normal,common,2,57149,f3567bdc-450e-4481-9349-a80fe52fe431,0.33,false,false,near_mint,en,AUD,2026-09-07T11:20:44.813Z
Littjara Kinseekers,KHM,Kaldheim,66,normal,common,2,57072,c119f836-0707-49e2-b6d4-25f849d054a4,0.32,false,false,near_mint,en,AUD,2026-09-07T11:20:44.814Z
Frostpeak Yeti,KHM,Kaldheim,57,normal,common,2,56836,3f406ce3-dce1-42d3-b76c-8e8c4b2770cb,0.32,false,false,near_mint,en,AUD,2026-09-07T11:20:44.816Z
Augury Raven,KHM,Kaldheim,44,normal,common,2,57031,a9947cfd-91d6-479e-a7f6-2a2050f020f3,0.28,false,false,near_mint,en,AUD,2026-09-07T11:20:44.819Z
Saw It Coming,KHM,Kaldheim,76,normal,uncommon,2,56967,877a1bb9-5eae-453a-bec0-a9de20ea6815,0.5,false,false,near_mint,en,AUD,2026-09-07T11:20:44.820Z
Mistwalker,KHM,Kaldheim,68,normal,common,2,56984,92f64b49-327c-473b-a492-f020a322aed7,0.33,false,false,near_mint,en,AUD,2026-09-07T11:20:44.823Z
Icebind Pillar,KHM,Kaldheim,62,normal,uncommon,2,57015,a3152f1f-5d3f-4bc4-9b6f-f2983ab3f691,0.36,false,false,near_mint,en,AUD,2026-09-07T11:20:44.825Z
Draugr Thought-Thief,KHM,Kaldheim,55,normal,common,2,56812,31da60a2-d4d3-4954-be59-c7ff61fa2905,0.15,false,false,near_mint,en,AUD,2026-09-07T11:20:44.826Z
Koma's Faithful,KHM,Kaldheim,102,normal,common,2,57040,af0f1a90-af64-4122-9c1a-954edf8fa240,0.21,false,false,near_mint,en,AUD,2026-09-07T11:20:44.831Z
Infernal Pet,KHM,Kaldheim,99,normal,common,2,56956,80340582-655b-4bf1-88fb-14bcbe17aa04,0.14,false,false,near_mint,en,AUD,2026-09-07T11:20:44.833Z
Withercrown,KHM,Kaldheim,119,normal,common,2,56887,597fe119-64a7-4499-8b69-738af5a71a20,0.24,false,false,near_mint,en,AUD,2026-09-07T11:20:44.835Z
Rune of Mortality,KHM,Kaldheim,108,normal,uncommon,2,56927,6f75a5e5-70df-49c3-abe1-8cc6975f5171,0.3,false,false,near_mint,en,AUD,2026-09-07T11:20:44.837Z
Priest of the Haunted Edge,KHM,Kaldheim,104,normal,common,2,56746,0cde0f4d-5acc-4a25-a3d6-c6b9b734360c,0.24,false,false,near_mint,en,AUD,2026-09-07T11:20:44.839Z
Deathknell Berserker,KHM,Kaldheim,83,normal,common,2,57164,f9f2029f-ffda-4374-9a78-79866ac23fca,0.26,false,false,near_mint,en,AUD,2026-09-07T11:20:44.842Z
Bloodsky Berserker,KHM,Kaldheim,80,normal,uncommon,2,57023,a6308a53-de07-4ed9-80a1-3579843466c2,0.32,false,false,near_mint,en,AUD,2026-09-07T11:20:44.844Z
Weigh Down,KHM,Kaldheim,118,normal,common,2,56929,6ffa795d-2211-49b0-a6df-812599758f7b,0.14,false,false,near_mint,en,AUD,2026-09-07T11:20:44.846Z
Duskwielder,KHM,Kaldheim,91,normal,common,2,56890,5b5490b8-5652-40f5-8678-e1263ef69b5a,0.39,false,false,near_mint,en,AUD,2026-09-07T11:20:44.848Z
Undersea Invader,KHM,Kaldheim,78,normal,common,2,56881,550c745b-64e8-4d20-9cf0-024248ddbd57,0.11,false,false,near_mint,en,AUD,2026-09-07T11:20:44.850Z
Run Ashore,KHM,Kaldheim,74,normal,common,2,56949,7eed5a2d-d7a4-4f64-a96b-04c5d4206c5a,0.15,false,false,near_mint,en,AUD,2026-09-07T11:20:44.852Z
Frostpyre Arcanist,KHM,Kaldheim,58,normal,uncommon,2,56794,276f8abd-4d39-4b50-876f-9c6713bc4ab5,0.24,false,false,near_mint,en,AUD,2026-09-07T11:20:44.853Z
Spectral Steel,KHM,Kaldheim,30,normal,uncommon,2,57094,cf036489-ef9e-40ee-a1bb-24ee37c554f1,0.39,false,false,near_mint,en,AUD,2026-09-07T11:20:44.858Z
Revitalize,KHM,Kaldheim,23,normal,common,2,56826,3a9fb75e-c8e5-417b-83d4-5105af9c66c1,0.42,false,false,near_mint,en,AUD,2026-09-07T11:20:44.860Z
Giant Ox,KHM,Kaldheim,11,normal,common,2,57170,fc71d8ca-c613-4534-bc9d-bc1e13202a2c,0.43,false,false,near_mint,en,AUD,2026-09-07T11:20:44.862Z
Divine Gambit,KHM,Kaldheim,8,normal,uncommon,2,56916,696a8c12-4a1f-4b96-a921-538fa1a2de43,0.32,false,false,near_mint,en,AUD,2026-09-07T11:20:44.864Z
Beskir Shieldmate,KHM,Kaldheim,4,normal,common,2,57116,dfc1df84-9c47-444b-9d58-d9c7bed51c66,0.19,false,false,near_mint,en,AUD,2026-09-07T11:20:44.866Z
Wings of the Cosmos,KHM,Kaldheim,39,normal,common,2,57101,d6b26c95-f90d-43fb-8c99-2a3aa13ac2c6,0.39,false,false,near_mint,en,AUD,2026-09-07T11:20:44.868Z
Valor of the Worthy,KHM,Kaldheim,37,normal,common,2,56959,83632e73-be3f-43fc-932f-45cb1af4f8fb,0.39,false,false,near_mint,en,AUD,2026-09-07T11:20:44.870Z
Usher of the Fallen,KHM,Kaldheim,35,normal,uncommon,2,56791,24e58478-c6a8-4f86-854a-a489c99bd777,0.29,false,false,near_mint,en,AUD,2026-09-07T11:20:44.872Z
Codespell Cleric,KHM,Kaldheim,7,normal,common,2,56761,1316a74e-da55-4668-87f2-98389a90a2a4,0.14,false,false,near_mint,en,AUD,2026-09-07T11:20:44.874Z
Battlefield Raptor,KHM,Kaldheim,3,normal,common,2,56823,389f0045-218d-41cd-bdca-8a9a0ab1b31b,0.25,false,false,near_mint,en,AUD,2026-09-07T11:20:44.876Z
Battershield Warrior,KHM,Kaldheim,2,normal,uncommon,2,57168,fb79dc85-f85a-4846-9ac3-c75c64ea9c0a,0.17,false,false,near_mint,en,AUD,2026-09-07T11:20:44.879Z
Valkyrie's Sword,KHM,Kaldheim,36,normal,uncommon,2,56992,97873c66-6bff-4d79-850c-1e2663098ef4,0.29,false,false,near_mint,en,AUD,2026-09-07T11:20:44.882Z
Littjara Glade-Warden,KHM,Kaldheim,182,normal,uncommon,1,57030,a92dde51-310e-4f28-bd3b-d43b639785ec,0.21,false,false,near_mint,en,AUD,2026-09-07T11:26:23.726Z
Roots of Wisdom,KHM,Kaldheim,190,normal,common,1,56936,734afb5b-3163-47fa-856f-8a85b9da22d3,0.43,false,false,near_mint,en,AUD,2026-09-07T11:26:23.751Z
Blizzard Brawl,KHM,Kaldheim,162,normal,uncommon,1,56907,6318918f-34e4-4bbf-9816-8e88f21ae324,0.42,false,false,near_mint,en,AUD,2026-09-07T11:26:23.758Z
Story Seeker,KHM,Kaldheim,34,normal,common,2,57119,e3dae817-3db1-4edf-86ba-c2c2b238fcf5,0.22,false,false,near_mint,en,AUD,2026-09-07T11:26:23.663Z
Pilfering Hawk,KHM,Kaldheim,71,normal,common,2,56942,76ee3829-8dec-4c0f-a6c2-ad47a1c94cfc,0.36,false,false,near_mint,en,AUD,2026-09-07T11:26:23.667Z
Mists of Littjara,KHM,Kaldheim,67,normal,common,2,56923,6cfd4944-790f-4835-a8a1-c23ef7047648,0.04,false,false,near_mint,en,AUD,2026-09-07T11:26:23.669Z
Karfell Harbinger,KHM,Kaldheim,65,normal,common,2,56858,4911016c-b92a-47cc-9553-b424d7be196a,0.17,false,false,near_mint,en,AUD,2026-09-07T11:26:23.670Z
Glimpse the Cosmos,KHM,Kaldheim,60,normal,uncommon,2,57110,dc96ebe8-f4b3-4788-a6f5-2a50b6c0d935,0.39,false,false,near_mint,en,AUD,2026-09-07T11:26:23.673Z
Disdainful Stroke,KHM,Kaldheim,54,normal,common,2,56940,7691ac89-f8ba-493e-aa11-5674a783dffb,0.36,false,false,near_mint,en,AUD,2026-09-07T11:26:23.674Z
Depart the Realm,KHM,Kaldheim,53,normal,common,2,56805,2ce0403d-76ed-4eb0-abdd-74ed28f96137,0.33,false,false,near_mint,en,AUD,2026-09-07T11:26:23.677Z
Avalanche Caller,KHM,Kaldheim,45,normal,uncommon,2,56973,89cef049-6a47-4264-b2bc-b9d291a09c4c,0.39,false,false,near_mint,en,AUD,2026-09-07T11:26:23.678Z
Giant's Amulet,KHM,Kaldheim,59,normal,uncommon,2,57035,ab8b1ec2-9303-4722-8644-b3bc1a5c387f,0.44,false,false,near_mint,en,AUD,2026-09-07T11:26:23.681Z
Frost Augur,KHM,Kaldheim,56,normal,uncommon,2,57014,a2ae592f-caf6-445a-970b-f8101998e657,0.4,false,false,near_mint,en,AUD,2026-09-07T11:26:23.682Z
Bind the Monster,KHM,Kaldheim,48,normal,common,2,56740,080be8d1-e453-4250-b917-f0eb26644895,0.28,false,false,near_mint,en,AUD,2026-09-07T11:26:23.685Z
Gods' Hall Guardian,KHM,Kaldheim,13,normal,common,2,57129,e8e645c8-90ac-4865-b441-e64251d6c9a8,0.25,false,false,near_mint,en,AUD,2026-09-07T11:26:23.687Z
Warhorn Blast,KHM,Kaldheim,38,normal,common,2,56837,3fc98aff-edc0-4f78-ae4f-e08735c9e512,0.24,false,false,near_mint,en,AUD,2026-09-07T11:26:23.689Z
Master Skald,KHM,Kaldheim,19,normal,common,2,56919,6b269e27-8e17-4bf2-b28a-a83ecc7d22c0,0.14,false,false,near_mint,en,AUD,2026-09-07T11:26:23.690Z
Stalwart Valkyrie,KHM,Kaldheim,31,normal,common,2,56974,89ecb530-e429-4b50-a24c-8437614cf224,0.28,false,false,near_mint,en,AUD,2026-09-07T11:26:23.693Z
Axgard Braggart,KHM,Kaldheim,1,normal,common,2,56865,4de5ff64-6fe7-4fc5-be27-cdbaa14545ab,0.22,false,false,near_mint,en,AUD,2026-09-07T11:26:23.694Z
Starnheim Courser,KHM,Kaldheim,32,normal,common,2,56892,5c5373dd-4aec-4e93-97fb-a639aa096764,0.32,false,false,near_mint,en,AUD,2026-09-07T11:26:23.697Z
Iron Verdict,KHM,Kaldheim,17,normal,common,2,56808,2fb38f5b-a2c2-4b06-8c9c-9615475a43e7,0.29,false,false,near_mint,en,AUD,2026-09-07T11:26:23.699Z
Invoke the Divine,KHM,Kaldheim,16,normal,common,2,56934,7213d9e1-e9c6-45d8-bb7f-336c41e7b6f7,0.39,false,false,near_mint,en,AUD,2026-09-07T11:26:23.700Z
Goldmaw Champion,KHM,Kaldheim,14,normal,common,2,56846,44d4cd64-8560-48f5-b0bc-f75286c1c91c,0.14,false,false,near_mint,en,AUD,2026-09-07T11:26:23.703Z
Doomskar Oracle,KHM,Kaldheim,10,normal,common,2,56924,6dae01c8-15bb-44ad-a2c6-9bcf7a9e8c17,0.21,false,false,near_mint,en,AUD,2026-09-07T11:26:23.704Z
Forging the Tyrite Sword,KHM,Kaldheim,211,normal,uncommon,2,56829,3ce46100-461d-424e-afa4-7a0bb7d0a822,0.42,false,false,near_mint,en,AUD,2026-09-07T11:26:23.708Z
Niko Defies Destiny,KHM,Kaldheim,226,normal,uncommon,2,56766,19312f53-5b9d-4e76-91e8-65f444bb68c9,0.15,false,false,near_mint,en,AUD,2026-09-07T11:26:23.710Z
Fall of the Impostor,KHM,Kaldheim,208,normal,uncommon,2,57104,d7de696a-49c2-421d-a86c-bcffd68870c6,0.36,false,false,near_mint,en,AUD,2026-09-07T11:26:23.712Z
Ravenous Lindwurm,KHM,Kaldheim,187,normal,common,2,56995,9961e3fc-167e-4043-8510-cc5cf08d473e,0.25,false,false,near_mint,en,AUD,2026-09-07T11:26:23.714Z
Rootless Yew,KHM,Kaldheim,189,normal,uncommon,2,56993,992aba3f-e1cb-4f5a-8b6f-328a069102a4,0.39,false,false,near_mint,en,AUD,2026-09-07T11:26:23.716Z
Grizzled Outrider,KHM,Kaldheim,173,normal,common,2,56859,4a1d4473-5317-4bdd-9cb9-93670acf52e9,0.3,false,false,near_mint,en,AUD,2026-09-07T11:26:23.718Z
Struggle for Skemfar,KHM,Kaldheim,196,normal,common,2,57024,a67747a9-3299-4b4a-a4e0-e8a269c4f927,0.19,false,false,near_mint,en,AUD,2026-09-07T11:26:23.720Z
Spirit of the Aldergard,KHM,Kaldheim,195,normal,uncommon,2,56781,220df551-3820-4910-a206-14501ba02e69,0.4,false,false,near_mint,en,AUD,2026-09-07T11:26:23.722Z
Sarulf's Packmate,KHM,Kaldheim,192,normal,common,2,56900,6061113e-7dd8-4739-b4dd-55bb7f9e39a2,0.35,false,false,near_mint,en,AUD,2026-09-07T11:26:23.724Z
Elderleaf Mentor,KHM,Kaldheim,165,normal,common,2,56897,5e8bded3-46c3-474f-9d09-978df8705ad1,0.18,false,false,near_mint,en,AUD,2026-09-07T11:26:23.727Z
Mammoth Growth,KHM,Kaldheim,183,normal,common,3,56752,0e55041f-69a5-4bcf-899f-a4b44c208b4d,0.29,false,false,near_mint,en,AUD,2026-09-07T11:26:23.729Z
King Harald's Revenge,KHM,Kaldheim,180,normal,common,3,56933,71a659b6-c4a8-4c0a-8b2a-07b6c9e27dfc,0.32,false,false,near_mint,en,AUD,2026-09-07T11:26:23.732Z
Icehide Troll,KHM,Kaldheim,176,normal,common,2,56733,02f3aaed-a01f-4c6a-b9bb-cd70b0f6ceb1,0.25,false,false,near_mint,en,AUD,2026-09-07T11:26:23.735Z
Horizon Seeker,KHM,Kaldheim,175,normal,common,2,57011,a17f4b21-6478-407d-b567-2888349f3b66,0.29,false,false,near_mint,en,AUD,2026-09-07T11:26:23.737Z
Gnottvold Recluse,KHM,Kaldheim,172,normal,common,2,57041,af46c8c8-5dfa-4ebb-b0b9-cd25d01dd432,0.24,false,false,near_mint,en,AUD,2026-09-07T11:26:23.739Z
Glittering Frost,KHM,Kaldheim,171,normal,common,2,57080,c60fbc33-6198-4661-967e-cc94f2788e4a,0.28,false,false,near_mint,en,AUD,2026-09-07T11:26:23.741Z
Broken Wings,KHM,Kaldheim,164,normal,common,2,56904,6201f78e-ff45-4c59-ac85-c8447c14a496,0.19,false,false,near_mint,en,AUD,2026-09-07T11:26:23.743Z
Boreal Outrider,KHM,Kaldheim,163,normal,uncommon,2,56847,455ae615-20d7-4251-828d-72a3345d06f1,0.43,false,false,near_mint,en,AUD,2026-09-07T11:26:23.745Z
Sculptor of Winter,KHM,Kaldheim,193,normal,common,2,57003,9dab2ca2-0039-4eac-a7dc-68756362737d,0.35,false,false,near_mint,en,AUD,2026-09-07T11:26:23.747Z
Rune of Might,KHM,Kaldheim,191,normal,uncommon,2,56891,5c0d507b-fc08-46cb-b092-484fa4adeef6,0.28,false,false,near_mint,en,AUD,2026-09-07T11:26:23.749Z
Guardian Gladewalker,KHM,Kaldheim,174,normal,common,2,56885,587eed42-5111-4161-9af5-bf76556c542a,0.21,false,false,near_mint,en,AUD,2026-09-07T11:26:23.752Z
Arachnoform,KHM,Kaldheim,159,normal,common,2,57037,acbe560b-f7b5-4614-91f1-b669a39abc16,0.28,false,false,near_mint,en,AUD,2026-09-07T11:26:23.754Z
Jaspera Sentinel,KHM,Kaldheim,178,normal,common,2,56770,1a68615d-9808-479d-aa80-50651246954e,0.28,false,false,near_mint,en,AUD,2026-09-07T11:26:23.756Z
Cinderheart Giant,KHM,Kaldheim,126,normal,common,2,57122,e4802e6c-6921-4dac-bf44-7e09d6942b71,0.35,false,false,near_mint,en,AUD,2026-09-07T11:26:23.759Z
Squash,KHM,Kaldheim,152,normal,common,2,57117,e0b99299-bf84-4654-a331-e4406768b33c,0.36,false,false,near_mint,en,AUD,2026-09-07T11:26:23.762Z
Hagi Mob,KHM,Kaldheim,140,normal,common,2,57099,d3b18cdb-bc17-42ae-bfb7-4eafce01cd39,0.14,false,false,near_mint,en,AUD,2026-09-07T11:26:23.764Z
Smashing Success,KHM,Kaldheim,151,normal,common,2,57074,c22c7383-ba4d-4b3c-91d6-2d6528e19825,0.43,false,false,near_mint,en,AUD,2026-09-07T11:26:23.766Z
Provoke the Trolls,KHM,Kaldheim,144,normal,uncommon,2,56793,2727b05a-0c86-4c59-b7b4-425bdd8e775d,0.17,false,false,near_mint,en,AUD,2026-09-07T11:26:23.768Z
Dwarven Reinforcements,KHM,Kaldheim,134,normal,common,2,56838,40bcc7cb-65dd-4bc6-8606-a162fa6c65f7,0.29,false,false,near_mint,en,AUD,2026-09-07T11:26:23.770Z
Craven Hulk,KHM,Kaldheim,127,normal,common,2,56803,2be804ab-1024-4eee-b339-48ed8b84d363,0.11,false,false,near_mint,en,AUD,2026-09-07T11:26:23.772Z
Basalt Ravager,KHM,Kaldheim,122,normal,uncommon,2,57050,b32aea04-04f7-48a8-a8ab-8b38fa53da3b,0.44,false,false,near_mint,en,AUD,2026-09-07T11:26:23.774Z
Tuskeri Firewalker,KHM,Kaldheim,157,normal,common,2,57020,a54d0170-a375-4e65-b98d-3e94a3aeef90,0.11,false,false,near_mint,en,AUD,2026-09-07T11:26:23.776Z
Shackles of Treachery,KHM,Kaldheim,150,normal,common,2,57109,db743c6e-1385-468e-921a-7a525b88a1b6,0.3,false,false,near_mint,en,AUD,2026-09-07T11:26:23.778Z
Dwarven Hammer,KHM,Kaldheim,133,normal,uncommon,2,57162,f9cc132f-d4c1-4bc4-9c9e-f63ab5e7d094,0.25,false,false,near_mint,en,AUD,2026-09-07T11:26:23.780Z
Demon Bolt,KHM,Kaldheim,129,normal,common,3,56899,5f856b0e-b413-49b0-9aa7-d935ad40ae53,0.4,false,false,near_mint,en,AUD,2026-09-07T11:26:23.782Z
"Narfi, Betrayer King",KHM,Kaldheim,224,normal,uncommon,2,56840,421376e4-a4ad-427c-bc9c-d315308dcf68,0.4,false,false,near_mint,en,AUD,2026-09-07T11:26:23.786Z
Flame-Blessed Bolt,VOW,Innistrad: Crimson Vow,158,normal,common,2,64373,b1771a8f-7bea-4bb0-9949-566ee6613b93,0.18,false,false,near_mint,en,AUD,2026-09-07T11:26:49.981Z
Botanical Plaza,SNC,Streets of New Capenna,247,normal,common,1,67919,9f8a6f93-1fc8-4690-add4-538763277f8e,0.37,false,false,near_mint,en,AUD,2026-09-07T11:29:38.610Z
Botanical Plaza,SNC,Streets of New Capenna,350,normal,common,1,67938,ac068b57-568b-41f6-90d2-7b0eef99a74d,0.24,false,false,near_mint,en,AUD,2026-09-07T11:29:38.611Z
Waterfront District,SNC,Streets of New Capenna,259,normal,common,1,68043,debf7aac-4d31-49b4-955b-79036258df69,0.33,false,false,near_mint,en,AUD,2026-09-07T11:29:38.612Z
Waterfront District,SNC,Streets of New Capenna,357,normal,common,1,67936,aa8e3add-48d4-4330-9a5c-28f3f4defaf8,0.25,false,false,near_mint,en,AUD,2026-09-07T11:29:38.613Z
Bouncer's Beatdown,SNC,Streets of New Capenna,135,normal,uncommon,1,67761,54772e15-d99d-4eec-ba8d-b9202a7e318b,0.24,false,false,near_mint,en,AUD,2026-09-07T11:29:38.618Z
Venom Connoisseur,SNC,Streets of New Capenna,161,normal,uncommon,1,67590,04897d8c-ee05-45eb-80f7-76487dbcc449,0.29,false,false,near_mint,en,AUD,2026-09-07T11:29:38.619Z
Cabaretti Initiate,SNC,Streets of New Capenna,137,normal,common,1,67813,6c691f62-009b-4178-8e8b-d6e88229a282,0.3,false,false,near_mint,en,AUD,2026-09-07T11:29:38.633Z
Wrecking Crew,SNC,Streets of New Capenna,132,normal,common,1,67883,92691507-b1ce-40d0-87e7-b79e81370511,0.22,false,false,near_mint,en,AUD,2026-09-07T11:29:38.634Z
Pugnacious Pugilist,SNC,Streets of New Capenna,117,normal,uncommon,1,68030,d98022d2-3b46-41f4-8f31-0a238d881ac6,0.33,false,false,near_mint,en,AUD,2026-09-07T11:29:38.637Z
Plasma Jockey,SNC,Streets of New Capenna,115,normal,common,1,67831,741ed811-cbcd-4178-a874-dc79d2a5d6f1,0.18,false,false,near_mint,en,AUD,2026-09-07T11:29:38.638Z
Involuntary Employment,SNC,Streets of New Capenna,110,normal,uncommon,1,67945,af7626e2-0041-4ac5-97b3-2db8dcb094d4,0.28,false,false,near_mint,en,AUD,2026-09-07T11:29:38.639Z
Pyre-Sledge Arsonist,SNC,Streets of New Capenna,118,normal,uncommon,1,67689,33c5fd3e-3799-4535-8c33-9c567f4f5709,0.21,false,false,near_mint,en,AUD,2026-09-07T11:29:38.640Z
Riveteers Requisitioner,SNC,Streets of New Capenna,121,normal,uncommon,1,67868,8ab5152d-767a-47d5-acfc-f439810aaeea,0.25,false,false,near_mint,en,AUD,2026-09-07T11:29:38.646Z
Riveteers Initiate,SNC,Streets of New Capenna,120,normal,common,1,68051,e2e65a50-d2bc-43a0-a9d4-0e846d170f78,0.08,false,false,near_mint,en,AUD,2026-09-07T11:29:38.647Z
Light 'Em Up,SNC,Streets of New Capenna,113,normal,common,1,68076,ee31d56a-9b7e-4de0-81cb-3b7c76b6fbd5,0.12,false,false,near_mint,en,AUD,2026-09-07T11:29:38.650Z
Dusk Mangler,SNC,Streets of New Capenna,77,normal,uncommon,1,67965,b86825b2-5b03-4311-b7d9-f8131b17249d,0.29,false,false,near_mint,en,AUD,2026-09-07T11:29:38.657Z
Vampire Scrivener,SNC,Streets of New Capenna,98,normal,uncommon,1,67819,702315d7-dec9-49e8-a508-feacd47198dc,0.24,false,false,near_mint,en,AUD,2026-09-07T11:29:38.658Z
Join the Maestros,SNC,Streets of New Capenna,85,normal,common,1,68098,ff2665f7-6cf8-4f9b-810e-17e264753225,0.06,false,false,near_mint,en,AUD,2026-09-07T11:29:38.659Z
Graveyard Shift,SNC,Streets of New Capenna,81,normal,uncommon,2,67699,394d7fb3-44ee-409f-a992-27e5aabd9c2b,0.32,false,false,near_mint,en,AUD,2026-09-07T11:29:38.660Z
Capenna Express,SNC,Streets of New Capenna,139,normal,common,2,67961,b5530b04-f086-4d09-97e9-eda45f8b1f7b,0.21,false,false,near_mint,en,AUD,2026-09-07T11:29:38.661Z
Warm Welcome,SNC,Streets of New Capenna,164,normal,common,1,67972,bad9e58e-c9a3-4a0d-9a59-71c20a3275b6,0.17,false,false,near_mint,en,AUD,2026-09-07T11:29:38.662Z
Riveteers Charm,SNC,Streets of New Capenna,217,normal,uncommon,1,67839,784a5915-bc42-49d6-8a1b-45da7749f03a,0.24,false,false,near_mint,en,AUD,2026-09-07T11:29:38.665Z
Crew Captain,SNC,Streets of New Capenna,180,normal,uncommon,1,67906,99806615-2f4a-4fe4-82f8-83445ae93a97,0.11,false,false,near_mint,en,AUD,2026-09-07T11:29:38.666Z
Crew Captain,SNC,Streets of New Capenna,303,normal,uncommon,1,67676,2e9e01f5-393e-4f01-86b9-112a9084ad2f,0.11,false,false,near_mint,en,AUD,2026-09-07T11:29:38.667Z
Spara's Adjudicators,SNC,Streets of New Capenna,224,normal,common,1,67660,29eb0e40-d184-423f-8484-ee288fda00cd,0.17,false,false,near_mint,en,AUD,2026-09-07T11:29:38.668Z
Spara's Adjudicators,SNC,Streets of New Capenna,335,normal,common,1,67722,4495468f-a587-48f7-875d-dad80b86c156,0.15,false,false,near_mint,en,AUD,2026-09-07T11:29:38.669Z
Skybridge Towers,SNC,Streets of New Capenna,354,normal,common,2,67966,b906bdba-534c-4f47-b00b-bb93f92774cd,0.25,false,false,near_mint,en,AUD,2026-09-07T11:29:38.614Z
Broken Wings,SNC,Streets of New Capenna,136,normal,common,2,67917,9eb94908-4f4a-487e-87ac-8d5bdefe9983,0.1,false,false,near_mint,en,AUD,2026-09-07T11:29:38.616Z
Riveteers Decoy,SNC,Streets of New Capenna,156,normal,uncommon,2,67670,2d21701b-6a99-4e1c-82b2-0219f170b09f,0.08,false,false,near_mint,en,AUD,2026-09-07T11:29:38.620Z
Courier's Briefcase,SNC,Streets of New Capenna,142,normal,uncommon,2,67679,2f375674-7ae2-4430-b1f3-c26fa5b201d1,0.36,false,false,near_mint,en,AUD,2026-09-07T11:29:38.622Z
Civic Gardener,SNC,Streets of New Capenna,140,normal,common,2,68085,f58d39d7-62bf-43c8-97b3-0f9069af0e29,0.25,false,false,near_mint,en,AUD,2026-09-07T11:29:38.624Z
Attended Socialite,SNC,Streets of New Capenna,133,normal,common,3,67872,8bccccf9-3ee5-4485-ae01-4dcbad989d18,0.18,false,false,near_mint,en,AUD,2026-09-07T11:29:38.626Z
Luxurious Libation,SNC,Streets of New Capenna,152,normal,uncommon,2,67956,b3e0e818-db6a-453a-a1f0-a7fade6509d3,0.22,false,false,near_mint,en,AUD,2026-09-07T11:29:38.629Z
For the Family,SNC,Streets of New Capenna,146,normal,common,2,67592,052be93c-1970-4d05-a3d1-e87a6e51c423,0.28,false,false,near_mint,en,AUD,2026-09-07T11:29:38.631Z
Ready to Rumble,SNC,Streets of New Capenna,119,normal,common,2,67622,16998689-345d-41e3-a368-e97b696ed689,0.14,false,false,near_mint,en,AUD,2026-09-07T11:29:38.635Z
Exhibition Magician,SNC,Streets of New Capenna,106,normal,common,2,68009,cbb4479f-3157-44b4-b18b-7553c7513118,0.35,false,false,near_mint,en,AUD,2026-09-07T11:29:38.641Z
Rob the Archives,SNC,Streets of New Capenna,122,normal,uncommon,3,67926,a3ec95f6-88c8-4daf-882f-8b4bc73452c3,0.43,false,false,near_mint,en,AUD,2026-09-07T11:29:38.643Z
Mayhem Patrol,SNC,Streets of New Capenna,114,normal,common,2,67745,50162cdd-ba30-48df-93ff-197c7f4a2913,0.36,false,false,near_mint,en,AUD,2026-09-07T11:29:38.648Z
Jackhammer,SNC,Streets of New Capenna,111,normal,common,2,68026,d74ba9fe-2dcb-4da7-ba64-cd932edb5b24,0.12,false,false,near_mint,en,AUD,2026-09-07T11:29:38.651Z
Antagonize,SNC,Streets of New Capenna,100,normal,common,2,67870,8bac1d2a-99dd-40b3-8823-ce9225efcdcf,0.36,false,false,near_mint,en,AUD,2026-09-07T11:29:38.653Z
Daring Escape,SNC,Streets of New Capenna,104,normal,common,2,67709,3d09dbcd-188b-4b52-943e-947cbf2c0002,0.21,false,false,near_mint,en,AUD,2026-09-07T11:29:38.655Z
High-Rise Sawjack,SNC,Streets of New Capenna,150,normal,common,3,67647,2399c6d7-57f9-4100-ad64-3c8897a438f7,0.14,false,false,near_mint,en,AUD,2026-09-07T11:29:38.663Z
"Lagrella, the Magpie",SNC,Streets of New Capenna,196,normal,uncommon,1,68039,dd20f271-26c8-429f-a422-e7d95f3bda74,0.33,false,false,near_mint,en,AUD,2026-09-07T20:49:03.590Z
"Lagrella, the Magpie",SNC,Streets of New Capenna,314,normal,uncommon,1,67772,5956dbe0-0d4c-42b1-8554-0fa6de1ee6bc,0.21,false,false,near_mint,en,AUD,2026-09-07T20:49:03.591Z
Brokers Initiate,SNC,Streets of New Capenna,5,normal,common,3,67930,a7867f2d-e89d-429f-9ab8-5337b40b4d8d,0.32,false,false,near_mint,en,AUD,2026-09-07T20:49:03.587Z
Brokers Charm,SNC,Streets of New Capenna,298,normal,uncommon,1,67599,0aac0943-6c9a-4c65-9d17-3ca0f2ba2340,0.29,false,false,near_mint,en,AUD,2026-09-07T23:28:43.362Z
Disciplined Duelist,SNC,Streets of New Capenna,182,normal,uncommon,1,68049,e23cdb0a-e114-47f8-aceb-c54c4683bbc5,0.19,false,false,near_mint,en,AUD,2026-09-07T23:28:43.363Z
Disciplined Duelist,SNC,Streets of New Capenna,304,normal,uncommon,1,67997,c55b348b-c147-4d02-b26c-d610f515bce0,0.15,false,false,near_mint,en,AUD,2026-09-07T23:28:43.364Z
"Queza, Augur of Agonies",SNC,Streets of New Capenna,212,normal,uncommon,1,67848,7edb7a26-82be-4efd-9a5c-a3816e1ee2d6,0.39,false,false,near_mint,en,AUD,2026-09-07T23:28:43.365Z
"Queza, Augur of Agonies",SNC,Streets of New Capenna,326,normal,uncommon,1,67873,8be62891-93fa-4642-ad44-8c8695a9c960,0.3,false,false,near_mint,en,AUD,2026-09-07T23:28:43.366Z
Nimble Larcenist,SNC,Streets of New Capenna,205,normal,uncommon,1,67584,0150d4c7-2c90-4a71-b2d3-3d9a0079fea1,0.21,false,false,near_mint,en,AUD,2026-09-07T23:28:43.367Z
Nimble Larcenist,SNC,Streets of New Capenna,321,normal,uncommon,1,67918,9f640d69-b690-4262-b3d8-e9e28c813f94,0.24,false,false,near_mint,en,AUD,2026-09-07T23:28:43.368Z
Glamorous Outlaw,SNC,Streets of New Capenna,190,normal,common,1,67723,452abab0-cf23-4b9d-831a-7b9fa1fd582a,0.17,false,false,near_mint,en,AUD,2026-09-07T23:28:43.369Z
Glamorous Outlaw,SNC,Streets of New Capenna,309,normal,common,1,67812,6c50607c-8bf1-4a69-97da-41cd794fda62,0.17,false,false,near_mint,en,AUD,2026-09-07T23:28:43.370Z
Darling of the Masses,SNC,Streets of New Capenna,181,normal,uncommon,1,67751,52aa9815-6b47-4c80-87c7-4277166ea0df,0.3,false,false,near_mint,en,AUD,2026-09-07T23:28:43.375Z
Ceremonial Groundbreaker,SNC,Streets of New Capenna,175,normal,uncommon,1,67598,0a542616-aa4d-40d9-acad-47bc98bd6281,0.22,false,false,near_mint,en,AUD,2026-09-07T23:28:43.378Z
Body Dropper,SNC,Streets of New Capenna,168,normal,common,1,67613,0fcb6d47-dccb-4b69-aed4-7a6215857606,0.25,false,false,near_mint,en,AUD,2026-09-07T23:28:43.385Z
Metropolis Angel,SNC,Streets of New Capenna,203,normal,uncommon,1,67793,633c7e38-fdad-461c-9ecb-3e89d5b80f24,0.26,false,false,near_mint,en,AUD,2026-09-07T23:28:43.392Z
Cleanup Crew,SNC,Streets of New Capenna,141,normal,uncommon,1,67754,5354868b-c96b-4765-b0c8-8895093e4019,0.33,false,false,near_mint,en,AUD,2026-09-07T23:28:43.396Z
Most Wanted,SNC,Streets of New Capenna,153,normal,common,1,67767,573c0f68-9ed8-4657-b709-b7f3804aaa68,0.33,false,false,near_mint,en,AUD,2026-09-07T23:28:43.399Z
Quick-Draw Dagger,SNC,Streets of New Capenna,243,normal,common,1,68023,d64110f4-c4b6-4966-a23a-8da7d1983499,0.25,false,false,near_mint,en,AUD,2026-09-07T23:28:43.404Z
Whack,SNC,Streets of New Capenna,99,normal,uncommon,1,68006,c862769d-f8bd-4cb6-b2b2-816179795f8b,0.08,false,false,near_mint,en,AUD,2026-09-07T23:28:43.410Z
Revel Ruiner,SNC,Streets of New Capenna,91,normal,common,1,68053,e3fbe7f0-8a91-4832-8953-54ab3669372c,0.07,false,false,near_mint,en,AUD,2026-09-07T23:28:43.411Z
Rogues' Gallery,SNC,Streets of New Capenna,92,normal,uncommon,1,67869,8b9b1fce-585f-442c-99a6-3b9767d68f13,0.21,false,false,near_mint,en,AUD,2026-09-07T23:28:43.416Z
Raffine's Silencer,SNC,Streets of New Capenna,90,normal,uncommon,1,67737,4ba72399-c827-43f3-b072-08597dbafb2d,0.26,false,false,near_mint,en,AUD,2026-09-07T23:28:43.417Z
Midnight Assassin,SNC,Streets of New Capenna,87,normal,common,1,67587,02a4a5b3-0477-4709-8bce-3e01f54001b6,0.29,false,false,near_mint,en,AUD,2026-09-07T23:28:43.423Z
Tavern Swindler,SNC,Streets of New Capenna,96,normal,uncommon,1,67951,b17114ed-f98f-4b82-ba03-ef7ec5f572ba,0.35,false,false,near_mint,en,AUD,2026-09-07T23:28:43.428Z
"Mr. Orfeo, the Boulder",SNC,Streets of New Capenna,320,normal,uncommon,1,67591,0524fc64-f51c-4991-9e43-da56afd28c00,0.29,false,false,near_mint,en,AUD,2026-09-07T23:28:43.429Z
Corrupt Court Official,SNC,Streets of New Capenna,70,normal,common,1,67747,505c6215-4006-4c4f-897a-be051cb73fa7,0.32,false,false,near_mint,en,AUD,2026-09-07T23:28:43.436Z
Psychic Pickpocket,SNC,Streets of New Capenna,54,normal,uncommon,1,67891,956b90ca-1012-4132-bf2f-bc3825ed16ac,0.22,false,false,near_mint,en,AUD,2026-09-07T23:28:43.441Z
Echo Inspector,SNC,Streets of New Capenna,40,normal,common,1,68028,d7e530ea-ba51-4f7a-bf56-b657a48e86ae,0.18,false,false,near_mint,en,AUD,2026-09-07T23:28:43.446Z
Public Enemy,SNC,Streets of New Capenna,55,normal,uncommon,1,67607,0e69ba61-8c16-4112-9601-fac978b88667,0.36,false,false,near_mint,en,AUD,2026-09-07T23:28:43.451Z
Halo Scarab,SNC,Streets of New Capenna,239,normal,common,1,67677,2eead159-b9a1-4c64-affe-c77b0a9e4775,0.28,false,false,near_mint,en,AUD,2026-09-07T23:28:43.458Z
Ominous Parcel,SNC,Streets of New Capenna,241,normal,common,1,68047,e1691374-e9f2-4a8b-abdb-0bb1dbc96715,0.25,false,false,near_mint,en,AUD,2026-09-07T23:28:43.459Z
Arc Spitter,SNC,Streets of New Capenna,233,normal,uncommon,1,68088,f95a00ed-dc77-4dcd-9e14-6902565974b5,0.3,false,false,near_mint,en,AUD,2026-09-07T23:28:43.460Z
Cabaretti Charm,SNC,Streets of New Capenna,173,normal,uncommon,1,67597,08f33c8a-8e93-4296-964b-da132a854b3b,0.36,false,false,near_mint,en,AUD,2026-09-07T23:28:43.463Z
Cabaretti Charm,SNC,Streets of New Capenna,300,normal,uncommon,1,68066,eb456da8-6a20-4d5e-9587-e8661ced525b,0.26,false,false,near_mint,en,AUD,2026-09-07T23:28:43.464Z
Brazen Upstart,SNC,Streets of New Capenna,169,normal,uncommon,1,67702,3ae69722-9cb9-4fb7-830f-a284d4a72027,0.11,false,false,near_mint,en,AUD,2026-09-07T23:28:43.465Z
Masked Bandits,SNC,Streets of New Capenna,319,normal,common,1,68081,f3b68f6f-d70b-4ed6-93f4-47964ee36a52,0.12,false,false,near_mint,en,AUD,2026-09-07T23:28:43.466Z
"Mr. Orfeo, the Boulder",SNC,Streets of New Capenna,204,normal,uncommon,1,67899,97caaa92-2a7d-4f79-8d42-86733c902072,0.32,false,false,near_mint,en,AUD,2026-09-07T23:28:43.467Z
Take to the Streets,SNC,Streets of New Capenna,158,normal,uncommon,1,67665,2b4a5122-6922-4ab5-aa43-94cf2d7f9c8a,0.18,false,false,near_mint,en,AUD,2026-09-07T23:28:43.468Z
Faerie Vandal,SNC,Streets of New Capenna,44,normal,uncommon,1,67836,7645247b-e65a-4912-ac22-e6a0fa806dd7,0.42,false,false,near_mint,en,AUD,2026-09-07T23:28:43.478Z
Disdainful Stroke,SNC,Streets of New Capenna,39,normal,common,1,67728,492aa24c-61c4-48bc-b7b7-f423be2662da,0.26,false,false,near_mint,en,AUD,2026-09-07T23:28:43.479Z
Hypnotic Grifter,SNC,Streets of New Capenna,45,normal,uncommon,1,67806,69af30b3-d4b0-453a-891f-4506e06b5e14,0.3,false,false,near_mint,en,AUD,2026-09-07T23:28:43.488Z
Expendable Lackey,SNC,Streets of New Capenna,43,normal,common,1,67889,9515329a-0738-4b23-a326-ff417f47da77,0.14,false,false,near_mint,en,AUD,2026-09-07T23:28:43.489Z
Angelic Observer,SNC,Streets of New Capenna,1,normal,uncommon,1,68058,e6cce4d3-e6d8-4c6f-9d9c-c0a8a607a42f,0.18,false,false,near_mint,en,AUD,2026-09-07T23:28:43.490Z
Patch Up,SNC,Streets of New Capenna,23,normal,uncommon,1,67669,2ce30c92-c5f2-45d2-819e-177390bc26f5,0.33,false,false,near_mint,en,AUD,2026-09-07T23:28:43.501Z
Refuse to Yield,SNC,Streets of New Capenna,27,normal,uncommon,1,67931,a7b597b3-5792-49e4-9bcb-74012e4e9cb6,0.4,false,false,near_mint,en,AUD,2026-09-07T23:28:43.511Z
"Cormela, Glamour Thief",SNC,Streets of New Capenna,177,normal,uncommon,2,67643,221ac34a-94ed-4c49-afad-b19cac541731,0.42,false,false,near_mint,en,AUD,2026-09-07T23:28:43.371Z
Maestros Charm,SNC,Streets of New Capenna,317,normal,uncommon,2,67704,3b3e1bec-67d2-43fd-b799-b7c12b94d1f0,0.24,false,false,near_mint,en,AUD,2026-09-07T23:28:43.373Z
Civil Servant,SNC,Streets of New Capenna,176,normal,common,2,67632,1cf5da68-a79b-40a3-93bc-785fb2352b05,0.14,false,false,near_mint,en,AUD,2026-09-07T23:28:43.376Z
Stimulus Package,SNC,Streets of New Capenna,225,normal,uncommon,2,68069,ecbe7459-8613-4ab8-84dc-deab19c08511,0.21,false,false,near_mint,en,AUD,2026-09-07T23:28:43.379Z
Jetmir's Fixer,SNC,Streets of New Capenna,194,normal,common,2,67712,3e5aa701-28e8-47fa-8c26-4da2f943f582,0.12,false,false,near_mint,en,AUD,2026-09-07T23:28:43.381Z
Fatal Grudge,SNC,Streets of New Capenna,187,normal,uncommon,2,68068,ec7de8d6-edad-4845-9868-781351480258,0.33,false,false,near_mint,en,AUD,2026-09-07T23:28:43.383Z
Syndicate Infiltrator,SNC,Streets of New Capenna,226,normal,uncommon,2,67985,bf86c5f2-0caf-48ca-b7ad-a1cdcd014539,0.17,false,false,near_mint,en,AUD,2026-09-07T23:28:43.386Z
Snooping Newsie,SNC,Streets of New Capenna,222,normal,common,2,67981,bed1e957-3df1-4640-9980-783817826602,0.18,false,false,near_mint,en,AUD,2026-09-07T23:28:43.388Z
Exotic Pets,SNC,Streets of New Capenna,185,normal,uncommon,2,67880,902f1ed8-5c10-45e4-8f2f-182e800faab4,0.29,false,false,near_mint,en,AUD,2026-09-07T23:28:43.390Z
Celestial Regulator,SNC,Streets of New Capenna,174,normal,common,2,67653,25803f0b-4475-447e-abdf-dcd6a98dd654,0.21,false,false,near_mint,en,AUD,2026-09-07T23:28:43.393Z
Rhox Pummeler,SNC,Streets of New Capenna,155,normal,common,2,68007,c99f5b02-16b9-4672-b0ec-f77662e9de76,0.1,false,false,near_mint,en,AUD,2026-09-07T23:28:43.395Z
Caldaia Strongarm,SNC,Streets of New Capenna,138,normal,common,2,67769,58b431d2-33c1-49d8-b45d-690c174bb456,0.22,false,false,near_mint,en,AUD,2026-09-07T23:28:43.397Z
Glittermonger,SNC,Streets of New Capenna,149,normal,common,2,67628,1a3d70d2-0604-41b3-8dd1-bfeb05832271,0.35,false,false,near_mint,en,AUD,2026-09-07T23:28:43.400Z
Paragon of Modernity,SNC,Streets of New Capenna,242,normal,common,2,67885,939450d7-1107-4645-ad23-68749b1ec4c2,0.26,false,false,near_mint,en,AUD,2026-09-07T23:28:43.402Z
Chrome Cat,SNC,Streets of New Capenna,236,normal,common,2,67859,85da50ba-2061-40f0-b3af-950b87f812cd,0.29,false,false,near_mint,en,AUD,2026-09-07T23:28:43.405Z
Girder Goons,SNC,Streets of New Capenna,80,normal,common,2,67739,4bfd6449-31a1-4572-8f9c-3f6f4670dc9d,0.21,false,false,near_mint,en,AUD,2026-09-07T23:28:43.408Z
Demon's Due,SNC,Streets of New Capenna,75,normal,common,2,67674,2e59fb98-c887-42f1-a620-9e6b40b94cb5,0.26,false,false,near_mint,en,AUD,2026-09-07T23:28:43.412Z
Deal Gone Bad,SNC,Streets of New Capenna,74,normal,common,2,67688,3359f13d-9946-49fa-b621-28b1ea714e55,0.08,false,false,near_mint,en,AUD,2026-09-07T23:28:43.414Z
Night Clubber,SNC,Streets of New Capenna,89,normal,uncommon,2,67773,59fd3f8a-a13b-4a0a-bb27-b9246949ea7b,0.32,false,false,near_mint,en,AUD,2026-09-07T23:28:43.418Z
Murder,SNC,Streets of New Capenna,88,normal,common,3,67630,1c13ac76-7cd9-456f-9b89-92bfa07c64c5,0.26,false,false,near_mint,en,AUD,2026-09-07T23:28:43.420Z
Maestros Initiate,SNC,Streets of New Capenna,86,normal,common,2,68034,db94f2a9-53be-449e-8240-77f013cdd7e3,0.1,false,false,near_mint,en,AUD,2026-09-07T23:28:43.424Z
Dig Up the Body,SNC,Streets of New Capenna,76,normal,common,2,67879,902abe4d-5c19-4c96-b825-e6cd4d954a84,0.22,false,false,near_mint,en,AUD,2026-09-07T23:28:43.426Z
Incriminate,SNC,Streets of New Capenna,84,normal,common,2,67625,198ec497-4e95-4386-9ca4-35d2d3f59733,0.19,false,false,near_mint,en,AUD,2026-09-07T23:28:43.430Z
Fake Your Own Death,SNC,Streets of New Capenna,79,normal,common,2,67959,b4e117a8-3291-4f9a-ab00-c820c8e2aa00,0.35,false,false,near_mint,en,AUD,2026-09-07T23:28:43.432Z
Extract the Truth,SNC,Streets of New Capenna,78,normal,common,2,67667,2bdb9df1-4475-45e7-bc9c-40937c8c1722,0.24,false,false,near_mint,en,AUD,2026-09-07T23:28:43.434Z
Cutthroat Contender,SNC,Streets of New Capenna,73,normal,common,2,67810,6b23b3e4-58cf-4b5d-bdcb-410a403b4987,0.28,false,false,near_mint,en,AUD,2026-09-07T23:28:43.437Z
Sewer Crocodile,SNC,Streets of New Capenna,60,normal,common,2,67920,a06ac58b-6d72-4eb4-a1c9-61b5314c7769,0.08,false,false,near_mint,en,AUD,2026-09-07T23:28:43.439Z
Sleep with the Fishes,SNC,Streets of New Capenna,61,normal,uncommon,2,67698,3742a0fb-4b86-49d6-b6fb-bd6a42fa1bcb,0.33,false,false,near_mint,en,AUD,2026-09-07T23:28:43.442Z
Run Out of Town,SNC,Streets of New Capenna,58,normal,common,2,67844,7cf00112-0844-49db-a061-d0eb488de68a,0.15,false,false,near_mint,en,AUD,2026-09-07T23:28:43.444Z
Case the Joint,SNC,Streets of New Capenna,37,normal,common,2,67612,0f9edf04-681d-45f9-975f-704154040506,0.28,false,false,near_mint,en,AUD,2026-09-07T23:28:43.447Z
Wingshield Agent,SNC,Streets of New Capenna,64,normal,uncommon,2,67968,b9ec36ec-1a9c-41db-b304-c23286a4d182,0.11,false,false,near_mint,en,AUD,2026-09-07T23:28:43.449Z
Obscura Initiate,SNC,Streets of New Capenna,50,normal,common,2,67800,67774a11-158b-437c-ac16-2d42fbb5c223,0.07,false,false,near_mint,en,AUD,2026-09-07T23:28:43.452Z
Suspicious Bookcase,SNC,Streets of New Capenna,245,normal,uncommon,2,68094,fc574b42-e1bb-428f-a71f-bc3d7f5451da,0.35,false,false,near_mint,en,AUD,2026-09-07T23:28:43.454Z
Gilded Pinions,SNC,Streets of New Capenna,238,normal,common,2,68038,dca8554a-f74c-4d2d-95b6-ef6e74431d7c,0.42,false,false,near_mint,en,AUD,2026-09-07T23:28:43.456Z
Rakish Revelers,SNC,Streets of New Capenna,214,normal,common,2,67912,9c74197a-367c-40a4-9eb5-6943490bba09,0.12,false,false,near_mint,en,AUD,2026-09-07T23:28:43.461Z
Security Bypass,SNC,Streets of New Capenna,59,normal,common,2,67780,5c155be9-8432-4e35-b586-96b6339d27ae,0.36,false,false,near_mint,en,AUD,2026-09-07T23:28:43.472Z
Make Disappear,SNC,Streets of New Capenna,49,normal,common,2,67714,3f2d6a21-ea77-484b-9e3a-1bd49806f907,0.24,false,false,near_mint,en,AUD,2026-09-07T23:28:43.474Z
Majestic Metamorphosis,SNC,Streets of New Capenna,48,normal,common,2,67976,bcaebea6-9e3f-4ac7-abe1-5445912f5b44,0.18,false,false,near_mint,en,AUD,2026-09-07T23:28:43.476Z
Brokers Veteran,SNC,Streets of New Capenna,36,normal,common,2,67913,9d4a54bd-5598-4313-b5e6-29fd38da016a,0.29,false,false,near_mint,en,AUD,2026-09-07T23:28:43.480Z
Backstreet Bruiser,SNC,Streets of New Capenna,35,normal,common,2,67876,8d3a94c8-a7eb-4f05-8d48-d42e5129b09a,0.19,false,false,near_mint,en,AUD,2026-09-07T23:28:43.482Z
A Little Chat,SNC,Streets of New Capenna,47,normal,uncommon,2,67740,4d7424b6-b56a-47b7-8204-294d3dca925f,0.29,false,false,near_mint,en,AUD,2026-09-07T23:28:43.484Z
Witness Protection,SNC,Streets of New Capenna,66,normal,common,2,67923,a2be6f2c-8ad0-402d-a7ca-9fe817e83b72,0.28,false,false,near_mint,en,AUD,2026-09-07T23:28:43.486Z
Speakeasy Server,SNC,Streets of New Capenna,32,normal,common,2,68044,e014d9d0-e6e1-4afb-b94f-b927a09b76c1,0.24,false,false,near_mint,en,AUD,2026-09-07T23:28:43.491Z
Buy Your Silence,SNC,Streets of New Capenna,6,normal,common,2,67875,8c9ac05f-f47c-4569-a06e-793d28cbb936,0.14,false,false,near_mint,en,AUD,2026-09-07T23:28:43.493Z
Swooping Protector,SNC,Streets of New Capenna,33,normal,uncommon,2,67862,8713498f-a467-4a11-9de2-53a1bbd0b18b,0.32,false,false,near_mint,en,AUD,2026-09-07T23:28:43.495Z
Dapper Shieldmate,SNC,Streets of New Capenna,9,normal,common,2,68025,d6ce9c33-4ab3-43c9-b6bc-ee2d40d8f9b6,0.04,false,false,near_mint,en,AUD,2026-09-07T23:28:43.497Z
Celebrity Fencer,SNC,Streets of New Capenna,7,normal,common,2,67776,5afb5c5c-06e0-4b11-ad07-aef7be6e2cd4,0.22,false,false,near_mint,en,AUD,2026-09-07T23:28:43.499Z
Kill Shot,SNC,Streets of New Capenna,19,normal,common,2,67787,61b0b9a3-8f50-4fba-9978-409f3369afa6,0.25,false,false,near_mint,en,AUD,2026-09-07T23:28:43.502Z
Gathering Throng,SNC,Streets of New Capenna,13,normal,common,2,67659,290347b9-d3cc-4882-8da6-9d8b8677f276,0.04,false,false,near_mint,en,AUD,2026-09-07T23:28:43.504Z
Knockout Blow,SNC,Streets of New Capenna,20,normal,uncommon,2,67909,9b00bbec-61d0-464c-bf82-4ecf5ddb3451,0.37,false,false,near_mint,en,AUD,2026-09-07T23:28:43.506Z
Sky Crier,SNC,Streets of New Capenna,31,normal,common,2,67904,98e01fa9-9127-4250-94f1-39e71cc3c2bc,0.26,false,false,near_mint,en,AUD,2026-09-07T23:28:43.508Z
Revelation of Power,SNC,Streets of New Capenna,28,normal,common,2,67845,7e010b11-8f3e-4792-afe4-0a376650b6c4,0.25,false,false,near_mint,en,AUD,2026-09-07T23:28:43.510Z
Hold for Ransom,SNC,Streets of New Capenna,16,normal,common,3,67758,53e74a99-11d9-40b8-b1d6-8f68a3f490fa,0.24,false,false,near_mint,en,AUD,2026-09-07T23:28:43.513Z
Backup Agent,SNC,Streets of New Capenna,2,normal,common,2,67662,2a46af75-3880-4141-b26e-19834d67e7a8,0.26,false,false,near_mint,en,AUD,2026-09-07T23:28:43.516Z
Raffine's Guidance,SNC,Streets of New Capenna,25,normal,common,2,68080,f36e25fa-9ab4-4832-afb9-827c4b6ba732,0.25,false,false,near_mint,en,AUD,2026-09-07T23:28:43.518Z
Tyrranax Atrocity,ONE,Phyrexia: All Will Be One,188,normal,common,1,78417,157cf43c-f7f2-4362-bfc8-11682e94b747,0.28,false,false,near_mint,en,AUD,2026-09-08T11:38:23.977Z
Etched Host Doombringer,MOM,March of the Machine,102,normal,common,1,81436,b2f1afa2-ca71-49cf-953b-d5dfc60c178f,0.25,false,false,near_mint,en,AUD,2026-09-08T11:38:23.981Z
Aetherblade Agent // Gitaxian Mindstinger,MOM,March of the Machine,88,normal,common,1,81455,dad34ae5-56b4-4394-be02-e043dc1cc23d,0.15,false,false,near_mint,en,AUD,2026-09-08T11:38:23.982Z
Flutterfox,ELD,Throne of Eldraine,12,normal,common,1,46326,769cddf0-2078-456b-a622-057571464fe7,0.21,false,false,near_mint,en,AUD,2026-09-08T11:38:23.984Z
Ichorspit Basilisk,ONE,Phyrexia: All Will Be One,170,normal,common,2,78384,0955b64f-6721-4fa6-b161-cae404cb5b9f,0.4,false,false,near_mint,en,AUD,2026-09-08T11:38:23.973Z
Venomous Brutalizer,ONE,Phyrexia: All Will Be One,193,normal,uncommon,2,78897,dd9df44a-a0ab-435f-914c-aa11cd88f4ec,0.43,false,false,near_mint,en,AUD,2026-09-08T11:38:23.975Z
Nezumi Freewheeler // Hideous Fleshwheeler,MOM,March of the Machine,119,normal,uncommon,2,81119,76b5e289-6bc4-48ee-8d5b-6989bab9f901,0.35,false,false,near_mint,en,AUD,2026-09-08T11:38:23.978Z
Consuming Aetherborn,MOM,March of the Machine,97,normal,common,2,81384,7311ade8-eb75-40f8-b018-668762aa3b77,0.22,false,false,near_mint,en,AUD,2026-09-08T11:38:23.979Z
Monstrous War-Leech,DMU,Dominaria United,98,normal,uncommon,1,71503,660d7983-b335-48b4-898d-f182effcf2de,0.18,false,false,near_mint,en,AUD,2026-09-08T11:44:33.416Z
Choking Miasma,DMU,Dominaria United,86,normal,uncommon,1,71724,ba537452-3dab-4ecd-b65f-9e311a130d31,0.19,false,false,near_mint,en,AUD,2026-09-08T11:44:33.428Z
Knight of Dusk's Shadow,DMU,Dominaria United,96,normal,uncommon,2,71365,33dfd2fe-e0e0-465c-b730-a30e6f5c271c,0.4,false,false,near_mint,en,AUD,2026-09-08T11:44:33.445Z
Urborg Repossession,DMU,Dominaria United,114,normal,common,1,71834,ecb8dab0-ecce-4321-b382-c58b296c2fd3,0.3,false,false,near_mint,en,AUD,2026-09-08T11:44:33.448Z
Frostfist Strider,DMU,Dominaria United,51,normal,uncommon,1,71400,40141353-c0d6-4529-b26a-34dfccbcf231,0.19,false,false,near_mint,en,AUD,2026-09-08T11:44:33.455Z
Impulse,DMU,Dominaria United,55,normal,common,1,71466,5aec2b2c-0764-4869-814d-aad921122af9,0.5,false,false,near_mint,en,AUD,2026-09-08T11:44:33.474Z
Haunting Figment,DMU,Dominaria United,53,normal,common,1,71776,d14b07ea-18e4-41fb-8136-759d5349e88a,0.07,false,false,near_mint,en,AUD,2026-09-08T11:44:33.477Z
Battlewing Mystic,DMU,Dominaria United,43,normal,uncommon,1,71204,000376ef-8b6c-490d-98cb-d6de15b2e585,0.15,false,false,near_mint,en,AUD,2026-09-08T11:44:33.482Z
Shore Up,DMU,Dominaria United,64,normal,common,1,71643,9d933bf1-14f0-4150-a0d2-6b845b9624cf,0.48,false,false,near_mint,en,AUD,2026-09-08T11:44:33.485Z
Shalai's Acolyte,DMU,Dominaria United,33,normal,uncommon,1,71379,39996722-e7f2-41e4-aa1e-2b6778d7b535,0.3,false,false,near_mint,en,AUD,2026-09-08T11:44:33.488Z
Coalition Skyknight,DMU,Dominaria United,14,normal,uncommon,1,71595,8b12da45-aff4-406d-83a3-39ecaff6ff56,0.15,false,false,near_mint,en,AUD,2026-09-08T11:44:33.495Z
"Uurg, Spawn of Turg",DMU,Dominaria United,225,normal,uncommon,1,71804,dd3fc36c-682b-4352-a66f-eddd2baf0bf6,0.33,false,false,near_mint,en,AUD,2026-09-08T11:44:33.498Z
"Uurg, Spawn of Turg",DMU,Dominaria United,324,normal,uncommon,1,71313,216b4613-9b2a-472b-bc9a-49ad6c9b9f03,0.28,false,false,near_mint,en,AUD,2026-09-08T11:44:33.499Z
"Zar Ojanen, Scion of Efrava",DMU,Dominaria United,227,normal,uncommon,1,71502,65c903e3-d622-415e-9144-a5b2f3f7b9ed,0.25,false,false,near_mint,en,AUD,2026-09-08T11:44:33.502Z
"Zar Ojanen, Scion of Efrava",DMU,Dominaria United,326,normal,uncommon,1,71654,a15e0c8b-3609-4a59-8e9b-bf2ce93d775f,0.24,false,false,near_mint,en,AUD,2026-09-08T11:44:33.503Z
Queen Allenal of Ruadach,DMU,Dominaria United,210,normal,uncommon,1,71706,b44b4e8b-7675-4c6a-a16a-92f8b6a0259f,0.47,false,false,near_mint,en,AUD,2026-09-08T11:44:33.504Z
"Radha, Coalition Warlord",DMU,Dominaria United,211,normal,uncommon,1,71344,2cec235e-7ce0-4947-b221-a555b2c865bd,0.26,false,false,near_mint,en,AUD,2026-09-08T11:44:33.507Z
"Radha, Coalition Warlord",DMU,Dominaria United,310,normal,uncommon,1,71589,86a42355-ead5-48b9-813a-1e9be9a45747,0.18,false,false,near_mint,en,AUD,2026-09-08T11:44:33.508Z
"Garna, Bloodfist of Keld",DMU,Dominaria United,200,normal,uncommon,1,71333,294c5f08-08e7-458f-8838-ff321dc5d9f2,0.51,false,false,near_mint,en,AUD,2026-09-08T11:44:33.509Z
"Lagomos, Hand of Hatred",DMU,Dominaria United,304,normal,uncommon,1,71615,93dd512f-9f77-4f54-9081-f14ae0aa8c7a,0.35,false,false,near_mint,en,AUD,2026-09-08T11:44:33.510Z
"Rona, Sheoldred's Faithful",DMU,Dominaria United,315,normal,uncommon,1,71693,af90bf02-5732-4666-8dfd-50370e478711,0.18,false,false,near_mint,en,AUD,2026-09-08T11:44:33.511Z
"Rona, Sheoldred's Faithful",DMU,Dominaria United,216,normal,uncommon,1,71767,cc8331ab-adc9-45c6-9728-66afc72d901c,0.15,false,false,near_mint,en,AUD,2026-09-08T11:44:33.512Z
"Tura Kennerüd, Skyknight",DMU,Dominaria United,323,normal,uncommon,1,71789,d710ba7b-b0c9-4372-8f6e-1938bd114ac4,0.22,false,false,near_mint,en,AUD,2026-09-08T11:44:33.515Z
Meteorite,DMU,Dominaria United,235,normal,common,1,71366,33eb2032-50af-4fd6-bdc7-7cae2211956c,0.33,false,false,near_mint,en,AUD,2026-09-08T11:44:33.526Z
Jodah's Codex,DMU,Dominaria United,233,normal,uncommon,1,71785,d636da1e-4cc6-40a1-bd83-cc0dd761b1cc,0.37,false,false,near_mint,en,AUD,2026-09-08T11:44:33.527Z
"Najal, the Storm Runner",DMU,Dominaria United,208,normal,uncommon,1,71605,9017ee70-761b-434e-bc44-705cf14336fa,0.4,false,false,near_mint,en,AUD,2026-09-08T11:44:33.540Z
"Balmor, Battlemage Captain",DMU,Dominaria United,196,normal,uncommon,2,71618,959ba62e-bb3a-49ad-8b1b-e787e413e5d4,0.42,false,false,near_mint,en,AUD,2026-09-08T11:44:33.541Z
Gaea's Might,DMU,Dominaria United,164,normal,common,1,71594,89c46e9c-ae7c-466c-bb11-4f4d01ea7a63,0.26,false,false,near_mint,en,AUD,2026-09-08T11:44:33.544Z
Meria's Outrider,DMU,Dominaria United,138,normal,common,2,71417,48aa964f-99b5-4b6b-b158-42f39514c910,0.11,false,false,near_mint,en,AUD,2026-09-08T11:44:33.545Z
Goblin Picker,DMU,Dominaria United,128,normal,common,2,71519,6d8f1f06-dde5-41f2-923c-67d1d4d13fab,0.25,false,false,near_mint,en,AUD,2026-09-08T11:44:33.396Z
Furious Bellow,DMU,Dominaria United,126,normal,common,2,71496,63d05659-bfff-4b73-80f7-a9f31a7ef957,0.3,false,false,near_mint,en,AUD,2026-09-08T11:44:33.398Z
Viashino Branchrider,DMU,Dominaria United,150,normal,common,2,71304,1f08749e-05e0-4fb4-a4ae-35e7187584ab,0.11,false,false,near_mint,en,AUD,2026-09-08T11:44:33.400Z
Hammerhand,DMU,Dominaria United,129,normal,common,2,71603,8d858e9e-452b-4281-9379-641ef6ebef39,0.35,false,false,near_mint,en,AUD,2026-09-08T11:44:33.402Z
Flowstone Infusion,DMU,Dominaria United,124,normal,common,2,71711,b57c3674-9a31-4418-b306-e6b0a2514d8f,0.26,false,false,near_mint,en,AUD,2026-09-08T11:44:33.404Z
Writhing Necromass,DMU,Dominaria United,115,normal,common,2,71655,a166abef-f068-47e9-8a65-43ebf4b015bd,0.24,false,false,near_mint,en,AUD,2026-09-08T11:44:33.406Z
Sengir Connoisseur,DMU,Dominaria United,104,normal,uncommon,2,71557,7c9231f0-7733-46d9-b9c6-c6c5b7fe65dd,0.32,false,false,near_mint,en,AUD,2026-09-08T11:44:33.408Z
Tattered Apparition,DMU,Dominaria United,111,normal,common,2,71216,0368e91c-31ee-4b81-a361-30a4555b1a42,0.11,false,false,near_mint,en,AUD,2026-09-08T11:44:33.410Z
Sheoldred's Restoration,DMU,Dominaria United,108,normal,uncommon,2,71837,ed719f25-1aab-4a1e-8c9f-dd574db5de0c,0.29,false,false,near_mint,en,AUD,2026-09-08T11:44:33.412Z
Phyrexian Warhorse,DMU,Dominaria United,101,normal,common,2,71859,f42167ef-7858-4c66-b1bc-41c3288a8ee8,0.22,false,false,near_mint,en,AUD,2026-09-08T11:44:33.414Z
Extinguish the Light,DMU,Dominaria United,94,normal,common,2,71210,01a51d08-f90e-4b72-8dce-fb2a6c72f181,0.11,false,false,near_mint,en,AUD,2026-09-08T11:44:33.417Z
Shadow Prophecy,DMU,Dominaria United,105,normal,common,2,71725,bb078448-9e9f-4994-8aff-7e7c4fb62efc,0.25,false,false,near_mint,en,AUD,2026-09-08T11:44:33.419Z
Phyrexian Rager,DMU,Dominaria United,99,normal,common,3,71529,6fd574e7-705f-4a65-aad0-68ff6d63bf0f,0.29,false,false,near_mint,en,AUD,2026-09-08T11:44:33.421Z
Gibbering Barricade,DMU,Dominaria United,95,normal,common,2,71222,0674b340-420d-4864-92fe-7b268fe0874c,0.19,false,false,near_mint,en,AUD,2026-09-08T11:44:33.424Z
Eerie Soultender,DMU,Dominaria United,92,normal,common,2,71363,335f3146-743c-4a25-86b5-c45e9c66eb15,0.15,false,false,near_mint,en,AUD,2026-09-08T11:44:33.426Z
Braids's Frightful Return,DMU,Dominaria United,85,normal,uncommon,2,71420,49aa8d4c-04e9-4f38-9786-2c9ad735dd72,0.33,false,false,near_mint,en,AUD,2026-09-08T11:44:33.429Z
Balduvian Atrocity,DMU,Dominaria United,79,normal,uncommon,2,71373,365333c4-59a0-4365-b242-a67b6224c1b8,0.17,false,false,near_mint,en,AUD,2026-09-08T11:44:33.431Z
Aggressive Sabotage,DMU,Dominaria United,78,normal,common,2,71682,ac809fca-664a-4e7d-a39f-2bc1dea0fbd8,0.11,false,false,near_mint,en,AUD,2026-09-08T11:44:33.433Z
Tribute to Urborg,DMU,Dominaria United,113,normal,common,2,71356,31274707-3e16-4f46-8450-6927d936064b,0.14,false,false,near_mint,en,AUD,2026-09-08T11:44:33.435Z
Toxic Abomination,DMU,Dominaria United,112,normal,common,2,71860,f435329e-6de7-4b05-ba70-cb63d121116e,0.1,false,false,near_mint,en,AUD,2026-09-08T11:44:33.437Z
Splatter Goblin,DMU,Dominaria United,109,normal,common,2,71437,5045027d-0ff4-484c-b4cb-e0b61885d428,0.17,false,false,near_mint,en,AUD,2026-09-08T11:44:33.439Z
Pilfer,DMU,Dominaria United,102,normal,uncommon,2,71518,6d872c10-4126-4130-a74a-1331ed418ca8,0.22,false,false,near_mint,en,AUD,2026-09-08T11:44:33.441Z
Phyrexian Vivisector,DMU,Dominaria United,100,normal,common,2,71501,65617a8f-4bd8-4edb-b5ec-e20b4482390b,0.24,false,false,near_mint,en,AUD,2026-09-08T11:44:33.443Z
Battle-Rage Blessing,DMU,Dominaria United,80,normal,common,2,71558,7cfc631b-49d1-4f1c-adac-5b07a2ccd06f,0.32,false,false,near_mint,en,AUD,2026-09-08T11:44:33.446Z
Bone Splinters,DMU,Dominaria United,83,normal,common,2,71263,106b5c96-d1bd-433d-955e-ace0b60d3bc3,0.4,false,false,near_mint,en,AUD,2026-09-08T11:44:33.449Z
Battlefly Swarm,DMU,Dominaria United,81,normal,common,2,71389,3c6b4a2d-0bc0-4a54-9c78-712b48ad6be1,0.37,false,false,near_mint,en,AUD,2026-09-08T11:44:33.451Z
Djinn of the Fountain,DMU,Dominaria United,47,normal,uncommon,2,71865,f55606da-de3e-4375-925b-cc16b03b6365,0.11,false,false,near_mint,en,AUD,2026-09-08T11:44:33.453Z
Tidepool Turtle,DMU,Dominaria United,69,normal,common,2,71781,d397fb84-8573-4b2c-be2c-f8fd820342f0,0.11,false,false,near_mint,en,AUD,2026-09-08T11:44:33.456Z
Talas Lookout,DMU,Dominaria United,68,normal,common,2,71234,0a4b9afe-aeb7-4c56-8a22-96e19a7a938c,0.18,false,false,near_mint,en,AUD,2026-09-08T11:44:33.458Z
Voda Sea Scavenger,DMU,Dominaria United,74,normal,common,2,71335,2a3cc789-cbb8-4dae-a749-af169832dd7b,0.11,false,false,near_mint,en,AUD,2026-09-08T11:44:33.460Z
Tolarian Geyser,DMU,Dominaria United,71,normal,common,2,71481,5dd5f389-fea2-4aed-a218-eca162902775,0.17,false,false,near_mint,en,AUD,2026-09-08T11:44:33.462Z
Soaring Drake,DMU,Dominaria United,66,normal,common,2,71238,0b0979f9-aae3-4fc7-beae-c8c6637ae596,0.08,false,false,near_mint,en,AUD,2026-09-08T11:44:33.464Z
Phyrexian Espionage,DMU,Dominaria United,60,normal,common,2,71241,0b983366-385f-41a3-aa46-20151e68d140,0.26,false,false,near_mint,en,AUD,2026-09-08T11:44:33.466Z
Academy Wall,DMU,Dominaria United,41,normal,common,2,71778,d2028115-f0de-4e8b-99bc-7369352e1e07,0.35,false,false,near_mint,en,AUD,2026-09-08T11:44:33.468Z
Volshe Tideturner,DMU,Dominaria United,77,normal,common,2,71829,ea61871b-9295-4ea0-86ef-e7a11e23bda8,0.39,false,false,near_mint,en,AUD,2026-09-08T11:44:33.470Z
Negate,DMU,Dominaria United,58,normal,common,2,71401,4016c6f7-7cb4-46c2-af73-3bd6d682ea5e,0.44,false,false,near_mint,en,AUD,2026-09-08T11:44:33.472Z
Impede Momentum,DMU,Dominaria United,54,normal,common,2,71325,259c04f7-86f2-4584-97fb-8278dca9a213,0.35,false,false,near_mint,en,AUD,2026-09-08T11:44:33.475Z
Essence Scatter,DMU,Dominaria United,49,normal,common,2,71714,b7ad4441-e300-4267-bedb-4ae6a64f59cd,0.29,false,false,near_mint,en,AUD,2026-09-08T11:44:33.478Z
Coral Colony,DMU,Dominaria United,45,normal,uncommon,2,71638,9c0e3882-1f97-48eb-b9e3-2f9683ff5897,0.28,false,false,near_mint,en,AUD,2026-09-08T11:44:33.480Z
Timely Interference,DMU,Dominaria United,70,normal,common,2,71209,017a3c6b-9a1e-403a-9c20-2360090d39ee,0.3,false,false,near_mint,en,AUD,2026-09-08T11:44:33.483Z
Argivian Phalanx,DMU,Dominaria United,5,normal,common,2,71694,afbadc37-1b4f-4237-a3c0-772bafb18aa0,0.21,false,false,near_mint,en,AUD,2026-09-08T11:44:33.486Z
Prayer of Binding,DMU,Dominaria United,28,normal,uncommon,2,71358,322f90b6-6b49-458d-9d5b-b601bfdd0af8,0.29,false,false,near_mint,en,AUD,2026-09-08T11:44:33.489Z
Heroic Charge,DMU,Dominaria United,20,normal,common,2,71426,4aab611c-64e0-4b38-97b9-b29a1c6a79b7,0.14,false,false,near_mint,en,AUD,2026-09-08T11:44:33.491Z
Griffin Protector,DMU,Dominaria United,18,normal,common,2,71267,10d1d701-841c-4bf3-9122-b01842a22ac6,0.14,false,false,near_mint,en,AUD,2026-09-08T11:44:33.493Z
Bortuk Bonerattle,DMU,Dominaria United,296,normal,uncommon,2,71526,6f342de7-f179-4894-96e4-56339d32f801,0.17,false,false,near_mint,en,AUD,2026-09-08T11:44:33.496Z
"Aron, Benalia's Ruin",DMU,Dominaria United,193,normal,uncommon,2,71853,f1f8bf98-8911-4c86-978a-427377700544,0.21,false,false,near_mint,en,AUD,2026-09-08T11:44:33.500Z
"Rulik Mons, Warren Chief",DMU,Dominaria United,316,normal,uncommon,2,71739,be69f87e-3fbb-4b37-953f-623443573fca,0.3,false,false,near_mint,en,AUD,2026-09-08T11:44:33.505Z
"Vohar, Vodalian Desecrator",DMU,Dominaria United,226,normal,uncommon,2,71568,807c7812-c108-45a7-a5b2-08cc693bc500,0.39,false,false,near_mint,en,AUD,2026-09-08T11:44:33.513Z
Sacred Peaks,DMU,Dominaria United,254,normal,common,2,71319,24957d64-ad17-4d4f-8a00-3cdd83e1ce88,0.35,false,false,near_mint,en,AUD,2026-09-08T11:44:33.516Z
Molten Tributary,DMU,Dominaria United,251,normal,common,2,71309,20aff4af-5128-432f-a8c8-65b6909d31ac,0.46,false,false,near_mint,en,AUD,2026-09-08T11:44:33.518Z
Tangled Islet,DMU,Dominaria United,258,normal,common,2,71423,4a325fb4-fe71-47f1-9a2f-05b8cfe88fe6,0.39,false,false,near_mint,en,AUD,2026-09-08T11:44:33.520Z
Sunlit Marsh,DMU,Dominaria United,257,normal,common,2,71847,f0588fbf-3c05-452a-b3f7-67604c1f921d,0.35,false,false,near_mint,en,AUD,2026-09-08T11:44:33.522Z
Radiant Grove,DMU,Dominaria United,253,normal,common,2,71810,e0f9dca6-e5ae-4714-8a59-2ef1d8f1e82d,0.39,false,false,near_mint,en,AUD,2026-09-08T11:44:33.524Z
Automatic Librarian,DMU,Dominaria United,229,normal,common,2,71513,6c3d7ece-0f57-4213-a0ab-a9d7c1536ebb,0.29,false,false,near_mint,en,AUD,2026-09-08T11:44:33.528Z
Salvaged Manaworker,DMU,Dominaria United,237,normal,common,2,71485,5fc22ecb-5d87-464e-8c7d-5d40a52e1e4f,0.12,false,false,near_mint,en,AUD,2026-09-08T11:44:33.530Z
Walking Bulwark,DMU,Dominaria United,241,normal,uncommon,2,71487,602d163c-d341-4b3b-9d3c-5d3419e9b10b,0.37,false,false,near_mint,en,AUD,2026-09-08T11:44:33.532Z
Vanquisher's Axe,DMU,Dominaria United,240,normal,common,2,71691,aef37244-deb9-464e-ab8c-4308369ae09b,0.19,false,false,near_mint,en,AUD,2026-09-08T11:44:33.534Z
Inscribed Tablet,DMU,Dominaria United,232,normal,uncommon,2,71509,699d8655-d250-4ab6-92c5-376979bbabc7,0.26,false,false,near_mint,en,AUD,2026-09-08T11:44:33.536Z
"Tori D'Avenant, Fury Rider",DMU,Dominaria United,223,normal,uncommon,2,71639,9c873c5b-61f6-49b9-8993-2d5e9823de62,0.43,false,false,near_mint,en,AUD,2026-09-08T11:44:33.538Z
Llanowar Stalker,DMU,Dominaria United,171,normal,common,2,71813,e2d714d8-0e9b-4761-a0ef-3429b4e2f5b7,0.24,false,false,near_mint,en,AUD,2026-09-08T11:44:33.542Z
Sprouting Goblin,DMU,Dominaria United,145,normal,uncommon,1,71488,602f5370-d096-4765-b612-16bcec3aafa7,0.29,false,false,near_mint,en,AUD,2026-09-08T11:49:16.757Z
Smash to Dust,DMU,Dominaria United,144,normal,common,1,71541,747881c7-3788-4dd6-b78d-b2a5ded20e14,0.33,false,false,near_mint,en,AUD,2026-09-08T11:49:16.758Z
Elfhame Wurm,DMU,Dominaria United,161,normal,common,1,71842,ef2dc99b-083d-473e-b352-e8264353e85b,0.36,false,false,near_mint,en,AUD,2026-09-08T11:49:16.759Z
Snarespinner,DMU,Dominaria United,179,normal,common,1,71239,0b51c3b5-db70-4976-986d-ed3fc8584d1a,0.29,false,false,near_mint,en,AUD,2026-09-08T11:49:16.779Z
Nishoba Brawler,DMU,Dominaria United,174,normal,uncommon,1,71352,2ef6cb5f-0ab3-4652-9b39-c2cbf6d693d5,0.36,false,false,near_mint,en,AUD,2026-09-08T11:49:16.780Z
Strength of the Coalition,DMU,Dominaria United,180,normal,uncommon,1,71579,8418c504-24fe-470f-8102-dcad68ba1520,0.24,false,false,near_mint,en,AUD,2026-09-08T11:49:16.787Z
Charismatic Vanguard,DMU,Dominaria United,10,normal,common,1,71666,a51764fe-0d75-4cfa-a699-0d9e7ffb7843,0.17,false,false,near_mint,en,AUD,2026-09-08T11:49:16.819Z
Runic Shot,DMU,Dominaria United,30,normal,uncommon,1,71864,f54413be-7d73-478d-a25a-8fe06f6491a5,0.3,false,false,near_mint,en,AUD,2026-09-08T11:49:16.838Z
Jaya's Firenado,DMU,Dominaria United,134,normal,common,2,71428,4b78eaab-819c-4f06-b3b1-a25c17ab2235,0.1,false,false,near_mint,en,AUD,2026-09-08T11:49:16.741Z
In Thrall to the Pit,DMU,Dominaria United,132,normal,common,2,71260,0f33284f-bdb1-4982-8636-8f2e12896053,0.19,false,false,near_mint,en,AUD,2026-09-08T11:49:16.743Z
Dragon Whelp,DMU,Dominaria United,120,normal,uncommon,2,71775,d13d40b9-319b-4630-a5cd-228ff2f24367,0.29,false,false,near_mint,en,AUD,2026-09-08T11:49:16.745Z
Keldon Strike Team,DMU,Dominaria United,136,normal,common,2,71427,4af4031e-b14e-4568-b047-b3d470d9b18e,0.1,false,false,near_mint,en,AUD,2026-09-08T11:49:16.747Z
Hurloon Battle Hymn,DMU,Dominaria United,131,normal,uncommon,2,71885,ff252e80-c155-467b-8df3-9bddc5cc45c3,0.29,false,false,near_mint,en,AUD,2026-09-08T11:49:16.749Z
Yotia Declares War,DMU,Dominaria United,153,normal,uncommon,2,71385,3bd9e99a-ae8c-4323-aa86-b19288c877d4,0.24,false,false,near_mint,en,AUD,2026-09-08T11:49:16.751Z
Yavimaya Steelcrusher,DMU,Dominaria United,152,normal,common,2,71322,25175622-7b68-4916-adf2-3bf2d82e8356,0.43,false,false,near_mint,en,AUD,2026-09-08T11:49:16.753Z
Thrill of Possibility,DMU,Dominaria United,148,normal,common,2,71327,25e5dc88-9573-4eaa-bd37-eb0dee4add03,0.36,false,false,near_mint,en,AUD,2026-09-08T11:49:16.755Z
Magnigoth Sentry,DMU,Dominaria United,172,normal,common,2,71795,d939d4bc-b7e8-4ee8-b904-68f0bff0fde1,0.19,false,false,near_mint,en,AUD,2026-09-08T11:49:16.760Z
Barkweave Crusher,DMU,Dominaria United,154,normal,common,2,71406,41c62c55-7b04-4987-9047-1322c842bb59,0.11,false,false,near_mint,en,AUD,2026-09-08T11:49:16.762Z
Hexbane Tortoise,DMU,Dominaria United,166,normal,common,2,71684,acd5a635-bcf5-4a05-b00b-bf40322823fe,0.25,false,false,near_mint,en,AUD,2026-09-08T11:49:16.764Z
Elvish Hydromancer,DMU,Dominaria United,162,normal,uncommon,2,71608,90dc4122-4f7a-4d9f-8427-de36e3e8a913,0.25,false,false,near_mint,en,AUD,2026-09-08T11:49:16.766Z
Deathbloom Gardener,DMU,Dominaria United,159,normal,common,2,71592,88dee3d1-0496-40ea-b208-7362a932f531,0.43,false,false,near_mint,en,AUD,2026-09-08T11:49:16.768Z
Broken Wings,DMU,Dominaria United,157,normal,common,2,71249,0ced8d87-ac22-41b0-a632-298159cbb316,0.19,false,false,near_mint,en,AUD,2026-09-08T11:49:16.770Z
Bog Badger,DMU,Dominaria United,156,normal,common,3,71393,3d31d878-9114-4205-b7a9-bb13ce6aedd2,0.11,false,false,near_mint,en,AUD,2026-09-08T11:49:16.772Z
Vineshaper Prodigy,DMU,Dominaria United,187,normal,common,2,71445,545cddde-8018-4fdd-874d-b5193b73b414,0.19,false,false,near_mint,en,AUD,2026-09-08T11:49:16.775Z
Sunbathing Rootwalla,DMU,Dominaria United,181,normal,common,2,71555,7ae6f015-2ad6-4b8e-8590-c2c2d01b6d98,0.14,false,false,near_mint,en,AUD,2026-09-08T11:49:16.777Z
Floriferous Vinewall,DMU,Dominaria United,163,normal,common,2,71577,8382b7c7-762e-43f6-b285-e0cebe749fab,0.17,false,false,near_mint,en,AUD,2026-09-08T11:49:16.781Z
Colossal Growth,DMU,Dominaria United,158,normal,common,2,71794,d9142f35-75f4-44c7-b03c-79c4a2d43c88,0.35,false,false,near_mint,en,AUD,2026-09-08T11:49:16.783Z
Bite Down,DMU,Dominaria United,155,normal,common,2,71257,0eacd3de-b803-4322-8d88-d533761aa748,0.28,false,false,near_mint,en,AUD,2026-09-08T11:49:16.785Z
Clockwork Drawbridge,DMU,Dominaria United,13,normal,common,4,71217,037cb79c-163d-4b36-bd93-954eca8fe26e,0.26,false,false,near_mint,en,AUD,2026-09-08T11:49:16.788Z
"Nael, Avizoa Aeronaut",DMU,Dominaria United,207,normal,uncommon,2,71480,5da59e8f-cbe5-4c14-a5a9-28d56048dc23,0.19,false,false,near_mint,en,AUD,2026-09-08T11:49:16.792Z
"Tatyova, Steward of Tides",DMU,Dominaria United,321,normal,uncommon,2,71542,74c3f2dd-8745-4e2e-b01c-6b692c6ff8af,0.21,false,false,near_mint,en,AUD,2026-09-08T11:49:16.794Z
Yavimaya Sojourner,DMU,Dominaria United,191,normal,common,2,71756,c7fdb424-4d2c-437e-b2a2-8bc56c028338,0.18,false,false,near_mint,en,AUD,2026-09-08T11:49:16.796Z
Mossbeard Ancient,DMU,Dominaria United,173,normal,uncommon,2,71563,7e528d36-cea6-4013-83d5-ba837d570713,0.29,false,false,near_mint,en,AUD,2026-09-08T11:49:16.798Z
Territorial Maro,DMU,Dominaria United,184,normal,uncommon,2,71585,853ddf31-826b-411e-9b6d-75d53cdd1b84,0.19,false,false,near_mint,en,AUD,2026-09-08T11:49:16.800Z
Slimefoot's Survey,DMU,Dominaria United,178,normal,uncommon,2,71493,622f96fc-179a-4ff6-95a5-de721492f7eb,0.25,false,false,near_mint,en,AUD,2026-09-08T11:49:16.802Z
Captain's Call,DMU,Dominaria United,9,normal,common,2,71248,0c7ed7e0-0e80-44d3-a7af-b4c321239df8,0.26,false,false,near_mint,en,AUD,2026-09-08T11:49:16.804Z
Stall for Time,DMU,Dominaria United,34,normal,common,2,71856,f346defa-ee4a-404e-8154-0e33ebe9102c,0.29,false,false,near_mint,en,AUD,2026-09-08T11:49:16.806Z
Mesa Cavalier,DMU,Dominaria United,26,normal,common,3,71884,feeec740-7ffc-4f57-b52c-92209da91d69,0.19,false,false,near_mint,en,AUD,2026-09-08T11:49:16.808Z
Love Song of Night and Day,DMU,Dominaria United,25,normal,uncommon,3,71301,1e08d288-2f09-4856-a9ed-cc8aa8d953d7,0.42,false,false,near_mint,en,AUD,2026-09-08T11:49:16.811Z
Join Forces,DMU,Dominaria United,21,normal,uncommon,2,71816,e4dce5e7-c864-4239-bab7-af6a3adcb731,0.17,false,false,near_mint,en,AUD,2026-09-08T11:49:16.814Z
Citizen's Arrest,DMU,Dominaria United,11,normal,common,3,71627,9806370b-51e3-4144-a847-6b367fb937ef,0.19,false,false,near_mint,en,AUD,2026-09-08T11:49:16.816Z
Argivian Cavalier,DMU,Dominaria United,4,normal,common,3,71454,57746e72-ba9f-4717-a4a2-6c6a039080c3,0.19,false,false,near_mint,en,AUD,2026-09-08T11:49:16.820Z
Take Up the Shield,DMU,Dominaria United,35,normal,common,3,71584,851e842e-a497-4c36-90ee-8d64f806c378,0.33,false,false,near_mint,en,AUD,2026-09-08T11:49:16.823Z
Samite Herbalist,DMU,Dominaria United,31,normal,common,2,71402,409189da-53c9-4daf-b6b2-d155fc14f91a,0.24,false,false,near_mint,en,AUD,2026-09-08T11:49:16.826Z
Phyrexian Missionary,DMU,Dominaria United,27,normal,uncommon,2,71566,7f22fcfa-a5f0-4fae-b578-cdfd7d46a4c8,0.25,false,false,near_mint,en,AUD,2026-09-08T11:49:16.828Z
Knight of Dawn's Light,DMU,Dominaria United,23,normal,uncommon,2,71715,b7c7a54e-4df6-4745-8bae-aeefda934d82,0.37,false,false,near_mint,en,AUD,2026-09-08T11:49:16.830Z
Juniper Order Rootweaver,DMU,Dominaria United,22,normal,common,2,71752,c56cf82f-8bbb-49ae-ad93-291cbec9126e,0.07,false,false,near_mint,en,AUD,2026-09-08T11:49:16.832Z
Benalish Sleeper,DMU,Dominaria United,8,normal,common,2,71873,f96089ea-20cf-496d-84a6-9b660c2ef672,0.36,false,false,near_mint,en,AUD,2026-09-08T11:49:16.834Z
Artillery Blast,DMU,Dominaria United,6,normal,common,2,71251,0d4d7293-657f-48ac-931b-fb6a44128e6d,0.17,false,false,near_mint,en,AUD,2026-09-08T11:49:16.836Z
Blight Pile,DMU,Dominaria United,82,normal,uncommon,2,71253,0dcc2699-03e6-47d1-b976-1453fe9d27b7,0.26,false,false,near_mint,en,AUD,2026-09-08T11:49:16.841Z
Heir of the Ancient Fang,NEO,Kamigawa: Neon Dynasty,325,normal,common,1,66538,54509524-92b9-41a3-8aba-a8955a7dfa1a,0.18,false,false,near_mint,en,AUD,2026-09-08T11:56:06.017Z
Inkrise Infiltrator,NEO,Kamigawa: Neon Dynasty,100,normal,common,1,66606,cbb6e447-5f40-4039-8a17-257b4a55382c,0.42,false,false,near_mint,en,AUD,2026-09-08T11:56:06.039Z
Dokuchi Silencer,NEO,Kamigawa: Neon Dynasty,95,normal,uncommon,1,66770,a24d5664-e214-466d-bb53-4e8f6f75a009,0.43,false,false,near_mint,en,AUD,2026-09-08T11:56:06.042Z
Dokuchi Silencer,NEO,Kamigawa: Neon Dynasty,340,normal,uncommon,1,66843,f5103a49-806f-48de-ba44-e252bb6dd035,0.4,false,false,near_mint,en,AUD,2026-09-08T11:56:06.043Z
Blossoming Sands,NEO,Kamigawa: Neon Dynasty,265,normal,common,1,66914,d290ec6b-15a6-49e8-abd2-b8c4d0f556eb,0.28,false,false,near_mint,en,AUD,2026-09-08T11:56:06.053Z
Rugged Highlands,NEO,Kamigawa: Neon Dynasty,273,normal,common,1,66877,58d511be-60e0-4755-abec-18eebb530605,0.21,false,false,near_mint,en,AUD,2026-09-08T11:56:06.054Z
Bloodfell Caves,NEO,Kamigawa: Neon Dynasty,264,normal,common,1,66906,ba06fcda-7ab8-48d4-8656-2a911e73dc44,0.25,false,false,near_mint,en,AUD,2026-09-08T11:56:06.055Z
Dismal Backwater,NEO,Kamigawa: Neon Dynasty,267,normal,common,1,66929,fab0660b-81f8-40ca-8098-5f8d51219a40,0.24,false,false,near_mint,en,AUD,2026-09-08T11:56:06.056Z
Walking Skyscraper,NEO,Kamigawa: Neon Dynasty,263,normal,uncommon,1,66577,958af4ba-f29e-47ef-995e-3985982c75ad,0.42,false,false,near_mint,en,AUD,2026-09-08T11:56:06.059Z
Circuit Mender,NEO,Kamigawa: Neon Dynasty,242,normal,uncommon,1,66615,defaeb68-3f8a-4740-b13f-8c71c7e9c8b4,0.47,false,false,near_mint,en,AUD,2026-09-08T11:56:06.077Z
Mukotai Ambusher,NEO,Kamigawa: Neon Dynasty,342,normal,common,1,66673,357594c7-a9a6-468d-b262-e5f7d5e35f54,0.35,false,false,near_mint,en,AUD,2026-09-08T11:56:06.095Z
Nezumi Bladeblesser,NEO,Kamigawa: Neon Dynasty,115,normal,common,1,66580,9a03d3f5-b32b-4814-b485-25f24e51609c,0.36,false,false,near_mint,en,AUD,2026-09-08T11:56:06.109Z
Malicious Malfunction,NEO,Kamigawa: Neon Dynasty,110,normal,uncommon,1,66371,56e7415f-f014-4ece-81db-d8271444d9e9,0.26,false,false,near_mint,en,AUD,2026-09-08T11:56:06.112Z
Asari Captain,NEO,Kamigawa: Neon Dynasty,215,normal,uncommon,2,66400,834b4e6a-1812-4399-8fe4-bb1686ba49ef,0.35,false,false,near_mint,en,AUD,2026-09-08T11:56:05.973Z
Prodigy's Prototype,NEO,Kamigawa: Neon Dynasty,231,normal,uncommon,2,66595,be046e0a-6509-450b-b34f-29d5a5e3472e,0.44,false,false,near_mint,en,AUD,2026-09-08T11:56:05.974Z
Greater Tanuki,NEO,Kamigawa: Neon Dynasty,189,normal,common,3,66440,b4fbaee3-a10f-4b2d-b07e-d041a96a7e27,0.39,false,false,near_mint,en,AUD,2026-09-08T11:56:05.976Z
Tales of Master Seshiro // Seshiro's Living Legacy,NEO,Kamigawa: Neon Dynasty,210,normal,common,3,66697,512bc867-3a86-4da2-93f0-dd76d6a6f30d,0.18,false,false,near_mint,en,AUD,2026-09-08T11:56:05.979Z
Ninja's Kunai,NEO,Kamigawa: Neon Dynasty,252,normal,common,3,66901,af6ae567-c77a-416a-b609-4df3d0dd2e18,0.32,false,false,near_mint,en,AUD,2026-09-08T11:56:05.980Z
Iron Apprentice,NEO,Kamigawa: Neon Dynasty,248,normal,common,3,66852,13d6d9fc-509b-42db-8ac1-85066eb6e9c4,0.37,false,false,near_mint,en,AUD,2026-09-08T11:56:05.982Z
Bronze Cudgels,NEO,Kamigawa: Neon Dynasty,240,normal,uncommon,2,66686,45fa226c-cc31-4c22-a167-40985706557b,0.26,false,false,near_mint,en,AUD,2026-09-08T11:56:05.986Z
"Naomi, Pillar of Order",NEO,Kamigawa: Neon Dynasty,229,normal,uncommon,2,66357,4400fd66-1a24-47fb-bc94-37e0aae0e610,0.25,false,false,near_mint,en,AUD,2026-09-08T11:56:05.988Z
Blossom Prancer,NEO,Kamigawa: Neon Dynasty,175,normal,uncommon,2,66808,d26abdf2-efd7-40e5-bfc6-d75fcadd26f8,0.19,false,false,near_mint,en,AUD,2026-09-08T11:56:05.993Z
Jukai Preserver,NEO,Kamigawa: Neon Dynasty,195,normal,common,2,66924,e66120a5-95a3-4d15-873c-cfba221a2299,0.15,false,false,near_mint,en,AUD,2026-09-08T11:56:05.995Z
Harmonious Emergence,NEO,Kamigawa: Neon Dynasty,190,normal,common,2,66910,c92ff968-b436-4313-8375-8a3bb41f9892,0.22,false,false,near_mint,en,AUD,2026-09-08T11:56:05.997Z
Geothermal Kami,NEO,Kamigawa: Neon Dynasty,186,normal,common,3,66370,559d7162-39fc-4d99-8c5f-b40a765b883a,0.17,false,false,near_mint,en,AUD,2026-09-08T11:56:05.999Z
Favor of Jukai,NEO,Kamigawa: Neon Dynasty,184,normal,common,2,66851,1013266a-81f4-4441-8dcf-2764d14afceb,0.17,false,false,near_mint,en,AUD,2026-09-08T11:56:06.002Z
Boseiju Reaches Skyward // Branch of Boseiju,NEO,Kamigawa: Neon Dynasty,177,normal,uncommon,2,66325,1144014b-f13b-4397-97ed-a8de46371a2c,0.36,false,false,near_mint,en,AUD,2026-09-08T11:56:06.004Z
Webspinner Cuff,NEO,Kamigawa: Neon Dynasty,214,normal,uncommon,2,66830,e73cc6a7-0a18-488c-b52a-787da95a2e6b,0.33,false,false,near_mint,en,AUD,2026-09-08T11:56:06.006Z
Storyweave,NEO,Kamigawa: Neon Dynasty,209,normal,uncommon,2,66536,50a77eed-aa03-43b7-b3c8-6aee4c96c648,0.32,false,false,near_mint,en,AUD,2026-09-08T11:56:06.008Z
Season of Renewal,NEO,Kamigawa: Neon Dynasty,205,normal,common,3,66894,841f0ec2-94c7-4cec-94bb-b365084ca45f,0.29,false,false,near_mint,en,AUD,2026-09-08T11:56:06.010Z
Historian's Wisdom,NEO,Kamigawa: Neon Dynasty,192,normal,uncommon,2,66574,941f91bb-f5a3-4cca-85b5-b610502460bb,0.18,false,false,near_mint,en,AUD,2026-09-08T11:56:06.013Z
Heir of the Ancient Fang,NEO,Kamigawa: Neon Dynasty,191,normal,common,2,66611,d45daa56-6ad8-4df7-9d81-3193fd32e574,0.06,false,false,near_mint,en,AUD,2026-09-08T11:56:06.015Z
Grafted Growth,NEO,Kamigawa: Neon Dynasty,188,normal,common,3,66925,e7a15010-1b70-4b4f-8b5d-cb2d764a1799,0.29,false,false,near_mint,en,AUD,2026-09-08T11:56:06.018Z
Fade into Antiquity,NEO,Kamigawa: Neon Dynasty,182,normal,common,2,66874,55174ab7-9f2e-42e5-a61b-57458cfd33f3,0.22,false,false,near_mint,en,AUD,2026-09-08T11:56:06.021Z
Careful Cultivation,NEO,Kamigawa: Neon Dynasty,178,normal,common,3,66898,9e2ebad5-0a56-4166-80af-7ebd20ae565a,0.3,false,false,near_mint,en,AUD,2026-09-08T11:56:06.023Z
Bearer of Memory,NEO,Kamigawa: Neon Dynasty,174,normal,common,3,66873,540ba70a-bea8-4512-83ba-92dab6d25b52,0.08,false,false,near_mint,en,AUD,2026-09-08T11:56:06.026Z
Spinning Wheel Kick,NEO,Kamigawa: Neon Dynasty,207,normal,uncommon,3,66545,5f36ddd7-82c1-45ef-a966-ae2a34c540e1,0.46,false,false,near_mint,en,AUD,2026-09-08T11:56:06.029Z
Orochi Merge-Keeper,NEO,Kamigawa: Neon Dynasty,203,normal,uncommon,2,66729,736c3278-6ee2-47f9-aab0-1457e90137b1,0.3,false,false,near_mint,en,AUD,2026-09-08T11:56:06.032Z
Master's Rebuke,NEO,Kamigawa: Neon Dynasty,202,normal,common,3,66891,7d42ca7c-5b36-45a9-b235-4f90e66f4377,0.33,false,false,near_mint,en,AUD,2026-09-08T11:56:06.034Z
Jukai Trainee,NEO,Kamigawa: Neon Dynasty,196,normal,common,2,66897,8be526cd-1480-4661-a05b-e004d7b4656c,0.12,false,false,near_mint,en,AUD,2026-09-08T11:56:06.037Z
Inkrise Infiltrator,NEO,Kamigawa: Neon Dynasty,341,normal,common,2,66625,f66aaba3-4a28-4fcf-926a-34bbbf0dbeb4,0.28,false,false,near_mint,en,AUD,2026-09-08T11:56:06.040Z
You Are Already Dead,NEO,Kamigawa: Neon Dynasty,129,normal,common,3,66554,768727ce-4f84-4527-8d69-3c9b7877b748,0.37,false,false,near_mint,en,AUD,2026-09-08T11:56:06.044Z
Okiba Reckoner Raid // Nezumi Road Captain,NEO,Kamigawa: Neon Dynasty,117,normal,common,3,66534,4f0582b4-d951-4450-b158-4a34109e48cd,0.3,false,false,near_mint,en,AUD,2026-09-08T11:56:06.047Z
Clawing Torment,NEO,Kamigawa: Neon Dynasty,91,normal,common,3,66880,621fce96-5933-4e2b-98ec-2589940e24cb,0.33,false,false,near_mint,en,AUD,2026-09-08T11:56:06.050Z
Uncharted Haven,NEO,Kamigawa: Neon Dynasty,281,normal,common,2,66854,1d4ad89a-3a00-4bf4-a357-4a8a089d4a82,0.22,false,false,near_mint,en,AUD,2026-09-08T11:56:06.057Z
Thundersteel Colossus,NEO,Kamigawa: Neon Dynasty,261,normal,common,2,66904,b7d49f9c-2dd3-4aed-9b78-e1bcad354a35,0.33,false,false,near_mint,en,AUD,2026-09-08T11:56:06.060Z
Shrine Steward,NEO,Kamigawa: Neon Dynasty,259,normal,common,2,66889,75e8d71c-3a0b-4042-a0f7-e99e92a79dc2,0.4,false,false,near_mint,en,AUD,2026-09-08T11:56:06.062Z
Towashi Guide-Bot,NEO,Kamigawa: Neon Dynasty,262,normal,uncommon,2,66818,da4ccf70-b661-46ea-bea9-4466a3a35562,0.3,false,false,near_mint,en,AUD,2026-09-08T11:56:06.064Z
Dramatist's Puppet,NEO,Kamigawa: Neon Dynasty,244,normal,common,2,66903,b490e065-b54a-4015-9768-d0e62f0e2e84,0.21,false,false,near_mint,en,AUD,2026-09-08T11:56:06.066Z
Searchlight Companion,NEO,Kamigawa: Neon Dynasty,258,normal,common,3,66850,0b79b30e-e7aa-490e-b130-de7533e6e13b,0.22,false,false,near_mint,en,AUD,2026-09-08T11:56:06.068Z
Runaway Trash-Bot,NEO,Kamigawa: Neon Dynasty,257,normal,uncommon,2,66355,3eebf6a6-f1fd-40a1-ac27-367deafa6f2a,0.24,false,false,near_mint,en,AUD,2026-09-08T11:56:06.071Z
Reito Sentinel,NEO,Kamigawa: Neon Dynasty,256,normal,uncommon,2,66629,0218923a-b685-4492-8fdd-2d2d22ef532e,0.37,false,false,near_mint,en,AUD,2026-09-08T11:56:06.073Z
Network Terminal,NEO,Kamigawa: Neon Dynasty,251,normal,common,2,66917,d61e596f-97ef-4eb3-af42-ddfe50d07667,0.35,false,false,near_mint,en,AUD,2026-09-08T11:56:06.075Z
Brute Suit,NEO,Kamigawa: Neon Dynasty,241,normal,common,2,66866,363cb43a-e358-4380-a42f-9b095ca522c6,0.29,false,false,near_mint,en,AUD,2026-09-08T11:56:06.078Z
Papercraft Decoy,NEO,Kamigawa: Neon Dynasty,253,normal,common,2,66863,3453084c-42cc-4241-b244-c79e704f96c8,0.33,false,false,near_mint,en,AUD,2026-09-08T11:56:06.080Z
High-Speed Hoverbike,NEO,Kamigawa: Neon Dynasty,247,normal,uncommon,2,66397,7c619116-1eae-439d-9b1f-639643458a23,0.4,false,false,near_mint,en,AUD,2026-09-08T11:56:06.082Z
Ecologist's Terrarium,NEO,Kamigawa: Neon Dynasty,246,normal,common,2,66855,1d981026-b2df-4d8d-a9b4-296b011d9925,0.25,false,false,near_mint,en,AUD,2026-09-08T11:56:06.084Z
Automated Artificer,NEO,Kamigawa: Neon Dynasty,239,normal,common,2,66905,b8c30ffb-b4f5-40b0-87b8-800a42bded2b,0.33,false,false,near_mint,en,AUD,2026-09-08T11:56:06.086Z
Kami of Restless Shadows,NEO,Kamigawa: Neon Dynasty,104,normal,common,2,66881,62d3be4a-ab4f-46ef-837c-0f7559a701fe,0.24,false,false,near_mint,en,AUD,2026-09-08T11:56:06.088Z
Twisted Embrace,NEO,Kamigawa: Neon Dynasty,125,normal,common,3,66922,e4c7919a-de62-46df-a937-593647473ef5,0.22,false,false,near_mint,en,AUD,2026-09-08T11:56:06.090Z
Mukotai Ambusher,NEO,Kamigawa: Neon Dynasty,112,normal,common,2,66639,0adf3293-c1e0-447c-8231-26fa9476a262,0.22,false,false,near_mint,en,AUD,2026-09-08T11:56:06.093Z
The Long Reach of Night // Animus of Night's Reach,NEO,Kamigawa: Neon Dynasty,109,normal,uncommon,2,66694,4ec18bf7-bd80-408d-acc4-ffaaf7ef6b5b,0.33,false,false,near_mint,en,AUD,2026-09-08T11:56:06.096Z
Kami of Terrible Secrets,NEO,Kamigawa: Neon Dynasty,105,normal,common,3,66878,58f15af6-eaf5-41b8-b93d-5a90ca219478,0.12,false,false,near_mint,en,AUD,2026-09-08T11:56:06.098Z
Unforgiving One,NEO,Kamigawa: Neon Dynasty,127,normal,uncommon,2,66806,cfb20c08-a84a-4773-a90c-fb007b94644b,0.32,false,false,near_mint,en,AUD,2026-09-08T11:56:06.101Z
Undercity Scrounger,NEO,Kamigawa: Neon Dynasty,126,normal,common,3,66882,6319b84b-8a3d-4bc8-af48-8b500f124be1,0.33,false,false,near_mint,en,AUD,2026-09-08T11:56:06.103Z
Reckoner Shakedown,NEO,Kamigawa: Neon Dynasty,119,normal,common,3,66911,cf57666f-366b-43bf-95c7-39c1f7f061e2,0.17,false,false,near_mint,en,AUD,2026-09-08T11:56:06.106Z
Nezumi Bladeblesser,NEO,Kamigawa: Neon Dynasty,318,normal,common,2,66517,317bdf0d-df7d-4ca2-8131-060ba7cf2602,0.26,false,false,near_mint,en,AUD,2026-09-08T11:56:06.110Z
Kaito's Pursuit,NEO,Kamigawa: Neon Dynasty,103,normal,common,2,66920,dd73fa5a-be0f-49a4-a921-afefbc8fa9c5,0.35,false,false,near_mint,en,AUD,2026-09-08T11:56:06.113Z
Enormous Energy Blade,NEO,Kamigawa: Neon Dynasty,96,normal,uncommon,3,66579,991370bd-a96a-4ed0-bdf9-f03b98191abf,0.21,false,false,near_mint,en,AUD,2026-09-08T11:56:06.115Z
Debt to the Kami,NEO,Kamigawa: Neon Dynasty,92,normal,common,3,66908,c1a7e728-ba01-4e3d-b269-9e2dd85a1d1b,0.35,false,false,near_mint,en,AUD,2026-09-08T11:56:06.118Z
Chainflail Centipede,NEO,Kamigawa: Neon Dynasty,90,normal,common,2,66857,24b8efe0-2f7b-4ada-a1b9-9c5f9e6a114d,0.19,false,false,near_mint,en,AUD,2026-09-08T11:56:06.121Z
Sunblade Samurai,NEO,Kamigawa: Neon Dynasty,315,normal,common,1,66588,a32e2ad3-c5fb-4072-aabf-6cb9538db3ca,0.25,false,false,near_mint,en,AUD,2026-09-08T12:03:31.088Z
Seven-Tail Mentor,NEO,Kamigawa: Neon Dynasty,313,normal,common,1,66509,267efff1-cbe6-40b0-959e-72b81cbda1d0,0.24,false,false,near_mint,en,AUD,2026-09-08T12:03:31.091Z
Imperial Subduer,NEO,Kamigawa: Neon Dynasty,19,normal,common,1,66327,13246172-7554-4edc-b6db-23dc91e4290a,0.37,false,false,near_mint,en,AUD,2026-09-08T12:03:31.100Z
Imperial Subduer,NEO,Kamigawa: Neon Dynasty,310,normal,common,1,66356,41e7420e-55d0-4f4b-84bb-e5b86616cbb3,0.25,false,false,near_mint,en,AUD,2026-09-08T12:03:31.101Z
Born to Drive,NEO,Kamigawa: Neon Dynasty,6,normal,uncommon,1,66627,ffdfad1f-d316-4023-9c79-8c24f1cd31d0,0.44,false,false,near_mint,en,AUD,2026-09-08T12:03:31.110Z
Blade-Blizzard Kitsune,NEO,Kamigawa: Neon Dynasty,5,normal,uncommon,1,66815,d8419d27-8c6e-4f38-98b4-60dd9a910c43,0.25,false,false,near_mint,en,AUD,2026-09-08T12:03:31.111Z
Blade-Blizzard Kitsune,NEO,Kamigawa: Neon Dynasty,331,normal,uncommon,1,66704,53d244d4-c2c4-4032-b249-794556d79429,0.3,false,false,near_mint,en,AUD,2026-09-08T12:03:31.112Z
Jukai Trainee,NEO,Kamigawa: Neon Dynasty,326,normal,common,1,66853,164e663f-6a67-4a10-a737-33ea533a9316,0.17,false,false,near_mint,en,AUD,2026-09-08T12:03:31.139Z
Coiling Stalker,NEO,Kamigawa: Neon Dynasty,346,normal,common,1,66563,8297592c-3036-434a-9dbb-5f0af804dd13,0.18,false,false,near_mint,en,AUD,2026-09-08T12:03:31.144Z
Fang of Shigeki,NEO,Kamigawa: Neon Dynasty,347,normal,common,1,66576,94c8e2d5-2706-4137-bfdc-d65f1cd33bda,0.3,false,false,near_mint,en,AUD,2026-09-08T12:03:31.154Z
"Heiko Yamazaki, the General",NEO,Kamigawa: Neon Dynasty,146,normal,uncommon,1,66584,9ea5e61c-d903-410b-9acf-96a917ce05cc,0.39,false,false,near_mint,en,AUD,2026-09-08T12:03:31.167Z
"Heiko Yamazaki, the General",NEO,Kamigawa: Neon Dynasty,321,normal,uncommon,1,66603,c91040c0-f025-4843-8c0e-3ac1b76c8582,0.29,false,false,near_mint,en,AUD,2026-09-08T12:03:31.168Z
Covert Technician,NEO,Kamigawa: Neon Dynasty,332,normal,uncommon,1,66343,2f268152-304a-4db8-a3f9-dd9d0f3319a1,0.36,false,false,near_mint,en,AUD,2026-09-08T12:03:31.173Z
Short Circuit,NEO,Kamigawa: Neon Dynasty,78,normal,common,1,66730,74fe0fb5-e994-41b1-a73d-4e68f7afdf34,0.21,false,false,near_mint,en,AUD,2026-09-08T12:03:31.174Z
The Modern Age // Vector Glider,NEO,Kamigawa: Neon Dynasty,66,normal,common,1,66475,ee60a8e9-3201-4a7e-8aa4-2c5e1042c8a5,0.3,false,false,near_mint,en,AUD,2026-09-08T12:03:31.175Z
Peerless Samurai,NEO,Kamigawa: Neon Dynasty,322,normal,common,1,66507,247c362c-bf21-4bca-89d4-54eb60806f10,0.22,false,false,near_mint,en,AUD,2026-09-08T12:03:31.182Z
Bronzeplate Boar,NEO,Kamigawa: Neon Dynasty,135,normal,uncommon,1,66398,7c8f5da8-13a8-4b39-8ddc-7661892924af,0.33,false,false,near_mint,en,AUD,2026-09-08T12:03:31.183Z
Upriser Renegade,NEO,Kamigawa: Neon Dynasty,170,normal,uncommon,1,66378,62d878c2-a340-4751-adaa-e50b0bb85423,0.35,false,false,near_mint,en,AUD,2026-09-08T12:03:31.186Z
Akki Ronin,NEO,Kamigawa: Neon Dynasty,319,normal,common,1,66847,fa16ee8e-d33a-40e9-9956-e345f0511819,0.3,false,false,near_mint,en,AUD,2026-09-08T12:03:31.201Z
Dokuchi Shadow-Walker,NEO,Kamigawa: Neon Dynasty,339,normal,common,1,66382,6d35bcc7-2280-4061-9a6c-e67038cfb114,0.26,false,false,near_mint,en,AUD,2026-09-08T12:03:31.221Z
Virus Beetle,NEO,Kamigawa: Neon Dynasty,128,normal,common,2,66871,488ee202-0d28-4cc0-8a7d-644d9878e952,0.3,false,false,near_mint,en,AUD,2026-09-08T12:03:31.059Z
Return to Action,NEO,Kamigawa: Neon Dynasty,121,normal,common,3,66862,342ec072-e581-490c-b5ae-a625bd35a153,0.43,false,false,near_mint,en,AUD,2026-09-08T12:03:31.061Z
Nezumi Prowler,NEO,Kamigawa: Neon Dynasty,116,normal,uncommon,2,66451,ca911e9a-bd04-4531-a81e-3485e9cbe89e,0.46,false,false,near_mint,en,AUD,2026-09-08T12:03:31.064Z
Life of Toshiro Umezawa // Memory of Toshiro,NEO,Kamigawa: Neon Dynasty,108,normal,uncommon,3,66481,f7f4adf7-b871-417b-8904-7f024ca21486,0.29,false,false,near_mint,en,AUD,2026-09-08T12:03:31.066Z
Lethal Exploit,NEO,Kamigawa: Neon Dynasty,107,normal,common,2,66409,8d8edf8f-c2bd-4fd1-8abf-d3162e068b17,0.24,false,false,near_mint,en,AUD,2026-09-08T12:03:31.069Z
Leech Gauntlet,NEO,Kamigawa: Neon Dynasty,106,normal,uncommon,2,66417,97986b67-5ae4-492f-a9e0-81f57a829d86,0.36,false,false,near_mint,en,AUD,2026-09-08T12:03:31.071Z
Mnemonic Sphere,NEO,Kamigawa: Neon Dynasty,64,normal,common,2,66648,1a15d8d9-0575-4add-ae8d-4576e8ed2cbe,0.26,false,false,near_mint,en,AUD,2026-09-08T12:03:31.073Z
Essence Capture,NEO,Kamigawa: Neon Dynasty,52,normal,uncommon,2,66624,f39bf1fa-b530-4353-a683-843466227109,0.29,false,false,near_mint,en,AUD,2026-09-08T12:03:31.074Z
Disruption Protocol,NEO,Kamigawa: Neon Dynasty,51,normal,common,2,66631,053ab598-06a4-43ae-b9fd-c291bd05642c,0.37,false,false,near_mint,en,AUD,2026-09-08T12:03:31.076Z
Awakened Awareness,NEO,Kamigawa: Neon Dynasty,47,normal,uncommon,2,66537,51378e10-2f17-445b-97e9-5c373234ba52,0.24,false,false,near_mint,en,AUD,2026-09-08T12:03:31.078Z
Armguard Familiar,NEO,Kamigawa: Neon Dynasty,46,normal,common,2,66388,7497f147-146d-4a76-b670-bd84e07352b3,0.24,false,false,near_mint,en,AUD,2026-09-08T12:03:31.080Z
Spell Pierce,NEO,Kamigawa: Neon Dynasty,80,normal,common,2,66596,beb42273-935b-4bda-849e-c163606cf89e,0.5,false,false,near_mint,en,AUD,2026-09-08T12:03:31.082Z
Network Disruptor,NEO,Kamigawa: Neon Dynasty,71,normal,common,2,66542,5a37719a-2a87-4870-8f25-12544ca2f2cf,0.4,false,false,near_mint,en,AUD,2026-09-08T12:03:31.084Z
Imperial Oath,NEO,Kamigawa: Neon Dynasty,17,normal,common,2,66681,3d6750dd-2303-493b-885d-1bfb5787b16c,0.26,false,false,near_mint,en,AUD,2026-09-08T12:03:31.086Z
When We Were Young,NEO,Kamigawa: Neon Dynasty,43,normal,uncommon,2,66725,6db14cb8-9ff8-41ee-a733-4f1130e73b29,0.22,false,false,near_mint,en,AUD,2026-09-08T12:03:31.089Z
Repel the Vile,NEO,Kamigawa: Neon Dynasty,33,normal,common,2,66763,9a37d5b4-af3a-48b0-895f-91b652108ef6,0.21,false,false,near_mint,en,AUD,2026-09-08T12:03:31.092Z
Befriending the Moths // Imperial Moth,NEO,Kamigawa: Neon Dynasty,4,normal,common,2,66406,8ad44884-ae0d-40ae-87a9-bad043d4e9ad,0.22,false,false,near_mint,en,AUD,2026-09-08T12:03:31.094Z
"Norika Yamazaki, the Poet",NEO,Kamigawa: Neon Dynasty,31,normal,uncommon,2,66500,09cb553c-58c1-4cfd-b441-297b5f09b263,0.36,false,false,near_mint,en,AUD,2026-09-08T12:03:31.096Z
Intercessor's Arrest,NEO,Kamigawa: Neon Dynasty,20,normal,common,2,66832,e83f2148-bb5d-4236-8d12-150deed0577e,0.26,false,false,near_mint,en,AUD,2026-09-08T12:03:31.098Z
Imperial Recovery Unit,NEO,Kamigawa: Neon Dynasty,18,normal,uncommon,2,66779,ac9b2c7b-c93b-4b97-999e-86faed8a26ee,0.32,false,false,near_mint,en,AUD,2026-09-08T12:03:31.102Z
Golden-Tail Disciple,NEO,Kamigawa: Neon Dynasty,15,normal,common,2,66811,d631e7da-bd71-424a-a349-9bce0fd16b1f,0.29,false,false,near_mint,en,AUD,2026-09-08T12:03:31.104Z
The Fall of Lord Konda // Fragment of Konda,NEO,Kamigawa: Neon Dynasty,12,normal,uncommon,2,66532,4d784409-df6d-45d4-8f8b-6e3fd57a8fde,0.21,false,false,near_mint,en,AUD,2026-09-08T12:03:31.106Z
Dragonfly Suit,NEO,Kamigawa: Neon Dynasty,9,normal,common,2,66691,4900862f-90f4-450b-a775-219da4ce67ef,0.29,false,false,near_mint,en,AUD,2026-09-08T12:03:31.108Z
Wanderer's Intervention,NEO,Kamigawa: Neon Dynasty,41,normal,common,2,66684,43708ec9-a85a-4244-86b4-67b30b41d854,0.24,false,false,near_mint,en,AUD,2026-09-08T12:03:31.113Z
Selfless Samurai,NEO,Kamigawa: Neon Dynasty,35,normal,uncommon,2,66555,76c27ec5-5a9b-4080-9a53-00630335a915,0.4,false,false,near_mint,en,AUD,2026-09-08T12:03:31.115Z
Michiko's Reign of Truth // Portrait of Michiko,NEO,Kamigawa: Neon Dynasty,29,normal,uncommon,2,66389,74f12c23-5c15-4ae6-8f4d-c5e6c1878817,0.39,false,false,near_mint,en,AUD,2026-09-08T12:03:31.117Z
Era of Enlightenment // Hand of Enlightenment,NEO,Kamigawa: Neon Dynasty,11,normal,common,2,66390,74f43827-2b9b-4fc9-a6e2-c682dfbf14f7,0.1,false,false,near_mint,en,AUD,2026-09-08T12:03:31.119Z
Eiganjo Exemplar,NEO,Kamigawa: Neon Dynasty,309,normal,common,2,66724,6c85917c-60ea-44d3-8483-fa639564e881,0.21,false,false,near_mint,en,AUD,2026-09-08T12:03:31.121Z
Ancestral Katana,NEO,Kamigawa: Neon Dynasty,1,normal,common,2,66463,d9b1ed43-ee6c-43a2-ba94-5bf71c63e070,0.33,false,false,near_mint,en,AUD,2026-09-08T12:03:31.124Z
Regent's Authority,NEO,Kamigawa: Neon Dynasty,32,normal,common,2,66732,79243e97-fe45-4988-b299-f59a7c53ad31,0.24,false,false,near_mint,en,AUD,2026-09-08T12:03:31.126Z
Mothrider Patrol,NEO,Kamigawa: Neon Dynasty,30,normal,common,2,66845,f657f2dc-adc8-4a66-b081-a71b3a127389,0.33,false,false,near_mint,en,AUD,2026-09-08T12:03:31.128Z
Lucky Offering,NEO,Kamigawa: Neon Dynasty,27,normal,common,2,66660,24bbdeb0-9165-4874-a853-d19c20c250ef,0.28,false,false,near_mint,en,AUD,2026-09-08T12:03:31.130Z
Light the Way,NEO,Kamigawa: Neon Dynasty,24,normal,common,2,66522,3a2fd960-c4ec-4dfa-a61d-f8577b9d3519,0.28,false,false,near_mint,en,AUD,2026-09-08T12:03:31.132Z
Hotshot Mechanic,NEO,Kamigawa: Neon Dynasty,16,normal,uncommon,3,66373,5a70e8fa-b71d-441e-b049-dacb09a9a7af,0.22,false,false,near_mint,en,AUD,2026-09-08T12:03:31.134Z
Kitsune Ace,NEO,Kamigawa: Neon Dynasty,22,normal,common,2,66838,ef1d446a-8607-45b8-a01f-dad17bab76e7,0.32,false,false,near_mint,en,AUD,2026-09-08T12:03:31.137Z
Kappa Tech-Wrecker,NEO,Kamigawa: Neon Dynasty,198,normal,uncommon,2,66459,d3a7bc69-4500-4e7e-94e4-67b85597bd82,0.39,false,false,near_mint,en,AUD,2026-09-08T12:03:31.140Z
Coiling Stalker,NEO,Kamigawa: Neon Dynasty,179,normal,common,2,66549,6eba24f6-8a9c-4398-b2ab-3924b107c7b7,0.24,false,false,near_mint,en,AUD,2026-09-08T12:03:31.142Z
Boon of Boseiju,NEO,Kamigawa: Neon Dynasty,176,normal,uncommon,2,66633,06771591-0480-4232-bc67-216b2e0fe738,0.3,false,false,near_mint,en,AUD,2026-09-08T12:03:31.145Z
Bamboo Grove Archer,NEO,Kamigawa: Neon Dynasty,173,normal,common,2,66407,8b43bb9f-1b84-41cc-a4f9-5875ae6d207c,0.22,false,false,near_mint,en,AUD,2026-09-08T12:03:31.147Z
Azusa's Many Journeys // Likeness of the Seeker,NEO,Kamigawa: Neon Dynasty,172,normal,uncommon,3,66470,e8a51d2a-1582-4bad-995c-e7fe9f810149,0.4,false,false,near_mint,en,AUD,2026-09-08T12:03:31.149Z
Fang of Shigeki,NEO,Kamigawa: Neon Dynasty,183,normal,common,2,66512,2dd0fef1-209f-4de5-a736-8f9bca2faa0a,0.53,false,false,near_mint,en,AUD,2026-09-08T12:03:31.152Z
Commune with Spirits,NEO,Kamigawa: Neon Dynasty,180,normal,common,2,66899,a35ff4dd-bad3-4496-82b3-8253f48af06d,0.29,false,false,near_mint,en,AUD,2026-09-08T12:03:31.155Z
Ironhoof Boar,NEO,Kamigawa: Neon Dynasty,148,normal,common,2,66887,73abe574-6fb8-4809-9c18-0cf989f986f5,0.29,false,false,near_mint,en,AUD,2026-09-08T12:03:31.157Z
The Shattered States Era // Nameless Conqueror,NEO,Kamigawa: Neon Dynasty,162,normal,common,2,66365,517392f6-d3fd-4c59-8317-2a3595ab7562,0.21,false,false,near_mint,en,AUD,2026-09-08T12:03:31.159Z
Kami of Industry,NEO,Kamigawa: Neon Dynasty,149,normal,common,2,66809,d3d00e61-3007-43da-960b-823e9ead2acf,0.21,false,false,near_mint,en,AUD,2026-09-08T12:03:31.161Z
Twinshot Sniper,NEO,Kamigawa: Neon Dynasty,168,normal,uncommon,2,66322,08a86009-4637-4b6c-9d36-367151583668,0.48,false,false,near_mint,en,AUD,2026-09-08T12:03:31.163Z
Scrapyard Steelbreaker,NEO,Kamigawa: Neon Dynasty,160,normal,common,2,66875,5776e576-5562-45ea-a29b-185410317e17,0.11,false,false,near_mint,en,AUD,2026-09-08T12:03:31.165Z
Gift of Wrath,NEO,Kamigawa: Neon Dynasty,143,normal,common,2,66868,3c33f6d9-be29-4698-96f9-d393a2c8ad68,0.19,false,false,near_mint,en,AUD,2026-09-08T12:03:31.169Z
Unstoppable Ogre,NEO,Kamigawa: Neon Dynasty,169,normal,common,2,66385,719f20d9-2baa-49b3-8c6a-89f21a07d538,0.15,false,false,near_mint,en,AUD,2026-09-08T12:03:31.171Z
Mobilizer Mech,NEO,Kamigawa: Neon Dynasty,65,normal,uncommon,2,66608,cf4bb9de-ba7c-4916-b8ed-e2e644c06b58,0.4,false,false,near_mint,en,AUD,2026-09-08T12:03:31.176Z
Seismic Wave,NEO,Kamigawa: Neon Dynasty,161,normal,uncommon,2,66827,e55b8ffb-c2e4-4676-9051-ff6c686cad0b,0.29,false,false,near_mint,en,AUD,2026-09-08T12:03:31.178Z
Peerless Samurai,NEO,Kamigawa: Neon Dynasty,156,normal,common,2,66616,e5b2176d-8925-4474-9d3e-1c97192715fb,0.28,false,false,near_mint,en,AUD,2026-09-08T12:03:31.180Z
Ambitious Assault,NEO,Kamigawa: Neon Dynasty,133,normal,common,2,66913,d00d618d-abad-475b-b938-e111282ea1c3,0.36,false,false,near_mint,en,AUD,2026-09-08T12:03:31.184Z
Upriser Renegade,NEO,Kamigawa: Neon Dynasty,324,normal,uncommon,2,66366,52af0f2d-de2e-4554-ae32-c88bc7ba7c71,0.24,false,false,near_mint,en,AUD,2026-09-08T12:03:31.187Z
Towashi Songshaper,NEO,Kamigawa: Neon Dynasty,167,normal,common,2,66928,f7ff9be1-765f-4001-a0ac-39c8099924eb,0.14,false,false,near_mint,en,AUD,2026-09-08T12:03:31.189Z
Tempered in Solitude,NEO,Kamigawa: Neon Dynasty,165,normal,uncommon,2,66340,2cfd0693-6dba-4c0d-8c42-859d7bf38c40,0.43,false,false,near_mint,en,AUD,2026-09-08T12:03:31.191Z
Sokenzan Smelter,NEO,Kamigawa: Neon Dynasty,164,normal,uncommon,2,66392,758724f9-93c9-4178-ae40-3fefc75a010e,0.3,false,false,near_mint,en,AUD,2026-09-08T12:03:31.193Z
Kami's Flare,NEO,Kamigawa: Neon Dynasty,150,normal,common,2,66907,bef5d58e-b490-4682-9a44-12cd61a94c0f,0.22,false,false,near_mint,en,AUD,2026-09-08T12:03:31.195Z
Explosive Entry,NEO,Kamigawa: Neon Dynasty,139,normal,common,2,66890,7ba639ff-fe82-4ac3-9fb4-eac168bef053,0.33,false,false,near_mint,en,AUD,2026-09-08T12:03:31.197Z
Crackling Emergence,NEO,Kamigawa: Neon Dynasty,136,normal,common,2,66886,6f77f987-ebb7-4105-a67c-0987f50fc676,0.19,false,false,near_mint,en,AUD,2026-09-08T12:03:31.199Z
Akki Ronin,NEO,Kamigawa: Neon Dynasty,131,normal,common,2,66759,96f15754-1ca6-45b0-a7de-2fe507df2a1a,0.29,false,false,near_mint,en,AUD,2026-09-08T12:03:31.202Z
Akki Ember-Keeper,NEO,Kamigawa: Neon Dynasty,130,normal,common,3,66363,4d83e837-fcd1-4833-9117-e6f1bb53caad,0.21,false,false,near_mint,en,AUD,2026-09-08T12:03:31.204Z
Voltage Surge,NEO,Kamigawa: Neon Dynasty,171,normal,common,2,66879,5a9b7141-45b9-4629-a4e4-b50f93929717,0.19,false,false,near_mint,en,AUD,2026-09-08T12:03:31.207Z
Simian Sling,NEO,Kamigawa: Neon Dynasty,163,normal,common,2,66351,37a00f95-d563-4d51-a5f2-af139261921a,0.37,false,false,near_mint,en,AUD,2026-09-08T12:03:31.209Z
Reinforced Ronin,NEO,Kamigawa: Neon Dynasty,158,normal,uncommon,2,66747,89a18961-8f0b-4e98-9de4-aba97e91ad9a,0.4,false,false,near_mint,en,AUD,2026-09-08T12:03:31.211Z
Kindled Fury,NEO,Kamigawa: Neon Dynasty,151,normal,common,2,66876,58c8bdce-73a3-4266-b3d6-61dbf4534ea3,0.1,false,false,near_mint,en,AUD,2026-09-08T12:03:31.213Z
Flame Discharge,NEO,Kamigawa: Neon Dynasty,142,normal,uncommon,2,66640,0b44534f-d10c-4754-8585-5fe9db5fd4ea,0.12,false,false,near_mint,en,AUD,2026-09-08T12:03:31.215Z
Akki War Paint,NEO,Kamigawa: Neon Dynasty,132,normal,common,2,66478,f110698e-a343-4eff-ba23-ed7ac5a3f87b,0.29,false,false,near_mint,en,AUD,2026-09-08T12:03:31.217Z
Dokuchi Shadow-Walker,NEO,Kamigawa: Neon Dynasty,94,normal,common,2,66399,81496a81-c986-4749-a28c-45341764e28f,0.24,false,false,near_mint,en,AUD,2026-09-08T12:03:31.219Z
Okiba Salvage,NEO,Kamigawa: Neon Dynasty,118,normal,uncommon,2,66817,d9e4485d-c208-46b4-9b5d-48e55e2ee182,0.25,false,false,near_mint,en,AUD,2026-09-08T12:03:31.222Z
Roving Actuator,EOE,Edge of Eternities,157,normal,uncommon,1,107375,1111173b-ea49-4de4-b5b0-07d768c626b9,0.18,false,false,near_mint,en,AUD,2026-09-08T12:11:03.757Z
Systems Override,EOE,Edge of Eternities,161,normal,uncommon,1,106980,2a34c71b-8d3c-435b-9cf8-4902f997d10d,0.28,false,false,near_mint,en,AUD,2026-09-08T12:11:03.766Z
Molecular Modifier,EOE,Edge of Eternities,146,normal,uncommon,1,107739,7b80b9c9-a871-4c04-b8be-feb81a900591,0.24,false,false,near_mint,en,AUD,2026-09-08T12:11:03.769Z
Seedship Agrarian,EOE,Edge of Eternities,204,normal,uncommon,1,107706,2fc7946d-37b0-4dc8-9daa-8d2204d8e4d2,0.3,false,false,near_mint,en,AUD,2026-09-08T12:11:03.770Z
Monoist Circuit-Feeder,EOE,Edge of Eternities,110,normal,uncommon,1,107492,957ae7aa-98d6-402a-9b20-e3e5b7e8dfe3,0.17,false,false,near_mint,en,AUD,2026-09-08T12:11:03.783Z
Blade of the Swarm,EOE,Edge of Eternities,90,normal,uncommon,1,107604,b157330a-2652-4ed9-b8fa-8e72b4eda15c,0.22,false,false,near_mint,en,AUD,2026-09-08T12:11:03.798Z
Embrace Oblivion,EOE,Edge of Eternities,98,normal,common,2,106927,3754fc20-7aaa-437d-97df-d6cf1c29586c,0.25,false,false,near_mint,en,AUD,2026-09-08T12:11:03.832Z
Kavaron Turbodrone,EOE,Edge of Eternities,141,normal,common,3,107788,f5e92cdd-75df-499e-94f7-22287f1000b3,0.1,false,false,near_mint,en,AUD,2026-09-08T12:11:03.687Z
Frontline War-Rager,EOE,Edge of Eternities,134,normal,common,2,107789,fa232943-818b-4944-be60-2d80c806bf62,0.1,false,false,near_mint,en,AUD,2026-09-08T12:11:03.690Z
Bombard,EOE,Edge of Eternities,129,normal,common,2,107698,29492df8-3077-4ded-a6e2-51d3bd4669b4,0.1,false,false,near_mint,en,AUD,2026-09-08T12:11:03.692Z
Zookeeper Mechan,EOE,Edge of Eternities,170,normal,common,2,107744,8d5cd0be-4337-4aba-a4f6-5adab7735a73,0.32,false,false,near_mint,en,AUD,2026-09-08T12:11:03.694Z
Terrapact Intimidator,EOE,Edge of Eternities,164,normal,uncommon,2,106957,13fe3358-fd68-4245-a2ad-aa9200cf4655,0.26,false,false,near_mint,en,AUD,2026-09-08T12:11:03.696Z
Rig for War,EOE,Edge of Eternities,156,normal,common,3,107710,3edd0515-dcc4-4cb5-8b54-9c00173d8a6d,0.21,false,false,near_mint,en,AUD,2026-09-08T12:11:03.698Z
Remnant Elemental,EOE,Edge of Eternities,155,normal,uncommon,2,107475,830d5532-3b24-470e-912f-f0f5df1cb530,0.15,false,false,near_mint,en,AUD,2026-09-08T12:11:03.701Z
Oreplate Pangolin,EOE,Edge of Eternities,150,normal,common,2,107747,90209957-95db-4b59-979a-316d14ef876c,0.19,false,false,near_mint,en,AUD,2026-09-08T12:11:03.703Z
Melded Moxite,EOE,Edge of Eternities,143,normal,common,2,107421,474c067f-eb24-4ae8-b4c0-f6f8e24cdb2a,0.35,false,false,near_mint,en,AUD,2026-09-08T12:11:03.705Z
Invasive Maneuvers,EOE,Edge of Eternities,137,normal,uncommon,2,107524,b68010e2-7810-43cb-a52e-e73b1834e54e,0.3,false,false,near_mint,en,AUD,2026-09-08T12:11:03.707Z
Drill Too Deep,EOE,Edge of Eternities,133,normal,common,2,107760,b9d3b6e8-47c8-49e3-b204-8b659e127bde,0.22,false,false,near_mint,en,AUD,2026-09-08T12:11:03.709Z
Slagdrill Scrapper,EOE,Edge of Eternities,160,normal,common,2,107694,155dcf54-8fdb-4715-97dc-4eb5d3d80d78,0.21,false,false,near_mint,en,AUD,2026-09-08T12:11:03.711Z
Plasma Bolt,EOE,Edge of Eternities,152,normal,common,2,107307,a1a1834b-76c2-4496-b8c5-18b69ab34c4c,0.21,false,false,near_mint,en,AUD,2026-09-08T12:11:03.713Z
Kavaron Harrier,EOE,Edge of Eternities,139,normal,uncommon,2,107383,1da2a740-e4ff-4661-ba57-39b15c58e26e,0.37,false,false,near_mint,en,AUD,2026-09-08T12:11:03.715Z
Meltstrider Eulogist,EOE,Edge of Eternities,197,normal,uncommon,3,107563,df61aa0c-effc-4d57-be19-876a82c41d33,0.39,false,false,near_mint,en,AUD,2026-09-08T12:11:03.717Z
Larval Scoutlander,EOE,Edge of Eternities,194,normal,uncommon,2,107555,d6083f43-58dc-46fc-aeff-347b1080417b,0.35,false,false,near_mint,en,AUD,2026-09-08T12:11:03.720Z
Galactic Wayfarer,EOE,Edge of Eternities,185,normal,common,3,107078,85b898d2-050f-49a2-87af-07d54d105336,0.18,false,false,near_mint,en,AUD,2026-09-08T12:11:03.722Z
Diplomatic Relations,EOE,Edge of Eternities,177,normal,common,3,107778,e0a104c5-61fb-4733-97ab-a31a15a49443,0.14,false,false,near_mint,en,AUD,2026-09-08T12:11:03.725Z
Intrepid Tenderfoot,EOE,Edge of Eternities,193,normal,common,3,107740,809df0ea-deff-47b9-83df-cc1f360d377e,0.15,false,false,near_mint,en,AUD,2026-09-08T12:11:03.728Z
Broodguard Elite,EOE,Edge of Eternities,175,normal,uncommon,2,106945,08b1d019-65ab-4dea-9076-041fd6338a35,0.44,false,false,near_mint,en,AUD,2026-09-08T12:11:03.731Z
Blooming Stinger,EOE,Edge of Eternities,174,normal,common,3,107705,2ee859bd-d99c-4b1d-9372-7ff4fc1e8c6a,0.24,false,false,near_mint,en,AUD,2026-09-08T12:11:03.733Z
Biosynthic Burst,EOE,Edge of Eternities,173,normal,common,2,107732,6d73a4a8-5d52-4c12-a96a-45cd202bcc62,0.43,false,false,near_mint,en,AUD,2026-09-08T12:11:03.736Z
Sami's Curiosity,EOE,Edge of Eternities,203,normal,common,2,107460,703ad0f3-bd05-42b0-85fb-0cd37807dc91,0.15,false,false,near_mint,en,AUD,2026-09-08T12:11:03.738Z
Meltstrider's Gear,EOE,Edge of Eternities,198,normal,common,3,107775,d75629cb-91e2-46fa-9c80-6feb29e1ceb8,0.17,false,false,near_mint,en,AUD,2026-09-08T12:11:03.740Z
Hemosymbic Mite,EOE,Edge of Eternities,190,normal,uncommon,3,107324,c14137a4-2d44-444c-ad50-e2edf9380571,0.28,false,false,near_mint,en,AUD,2026-09-08T12:11:03.743Z
Nebula Dragon,EOE,Edge of Eternities,147,normal,common,2,107692,0ee509dd-9fba-4b6d-a9d4-cc8bf5822ddd,0.18,false,false,near_mint,en,AUD,2026-09-08T12:11:03.746Z
Territorial Bruntar,EOE,Edge of Eternities,165,normal,uncommon,2,107776,dbb25585-6048-4a85-828e-675bf0da6508,0.22,false,false,near_mint,en,AUD,2026-09-08T12:11:03.748Z
Galvanizing Sawship,EOE,Edge of Eternities,136,normal,uncommon,3,107273,5bbce9fb-401f-4e78-acd5-9d3b506687fd,0.32,false,false,near_mint,en,AUD,2026-09-08T12:11:03.750Z
Vaultguard Trooper,EOE,Edge of Eternities,166,normal,uncommon,2,107709,36afe3b1-43a2-47b4-bc0a-24efb1e2e5a0,0.12,false,false,near_mint,en,AUD,2026-09-08T12:11:03.753Z
Kavaron Skywarden,EOE,Edge of Eternities,140,normal,common,2,107726,617038a8-0544-4d0e-8ff1-c786e60ecd59,0.15,false,false,near_mint,en,AUD,2026-09-08T12:11:03.755Z
Red Tiger Mechan,EOE,Edge of Eternities,154,normal,common,3,107139,b7b2fa48-cd2d-42ea-afd8-8cbd7a1bcdab,0.21,false,false,near_mint,en,AUD,2026-09-08T12:11:03.758Z
Orbital Plunge,EOE,Edge of Eternities,149,normal,common,2,107703,2dc7cc17-5319-4694-99c6-8c56a0b40a44,0.17,false,false,near_mint,en,AUD,2026-09-08T12:11:03.761Z
Kav Landseeker,EOE,Edge of Eternities,138,normal,common,3,107065,7a5a7e89-50e3-43cb-af93-d7d80a630c11,0.21,false,false,near_mint,en,AUD,2026-09-08T12:11:03.763Z
Ruinous Rampage,EOE,Edge of Eternities,158,normal,uncommon,2,107299,91d7a4c2-1a4b-4e9f-b543-225b6906752f,0.36,false,false,near_mint,en,AUD,2026-09-08T12:11:03.767Z
Icecave Crasher,EOE,Edge of Eternities,191,normal,common,2,107781,e6c1ed0c-0c0d-47a7-8ebc-67854cb226e0,0.14,false,false,near_mint,en,AUD,2026-09-08T12:11:03.771Z
Drix Fatemaker,EOE,Edge of Eternities,178,normal,common,2,107381,1beb7566-305e-4091-bdc4-cf4c789ac05a,0.36,false,false,near_mint,en,AUD,2026-09-08T12:11:03.773Z
Thawbringer,EOE,Edge of Eternities,211,normal,common,3,107691,0b7f934f-8eb4-408b-a55f-245ec5cc4a8a,0.14,false,false,near_mint,en,AUD,2026-09-08T12:11:03.775Z
Skystinger,EOE,Edge of Eternities,207,normal,common,3,107777,dfea9941-3675-4c0f-bc4d-981c28deed36,0.14,false,false,near_mint,en,AUD,2026-09-08T12:11:03.778Z
Shattered Wings,EOE,Edge of Eternities,206,normal,common,2,107142,bbece737-bd4f-4dc8-bf5c-f77930246ab1,0.15,false,false,near_mint,en,AUD,2026-09-08T12:11:03.781Z
Voidforged Titan,EOE,Edge of Eternities,125,normal,uncommon,2,107034,6119c016-01b2-44f3-9550-6988324c1d1f,0.25,false,false,near_mint,en,AUD,2026-09-08T12:11:03.784Z
Perigee Beckoner,EOE,Edge of Eternities,112,normal,common,2,107786,f3666a08-d449-496f-969a-bf21d4afbd77,0.28,false,false,near_mint,en,AUD,2026-09-08T12:11:03.786Z
Vote Out,EOE,Edge of Eternities,126,normal,uncommon,2,107717,4f50bb47-cc4d-4b81-b5f1-817ca8744d12,0.21,false,false,near_mint,en,AUD,2026-09-08T12:11:03.788Z
Swarm Culler,EOE,Edge of Eternities,119,normal,common,2,107700,2a8f583c-88b6-4797-b93e-3086845fc326,0.26,false,false,near_mint,en,AUD,2026-09-08T12:11:03.790Z
Susurian Dirgecraft,EOE,Edge of Eternities,117,normal,uncommon,2,107757,b67cdb6e-9a3b-4887-924d-318faa3c443d,0.25,false,false,near_mint,en,AUD,2026-09-08T12:11:03.792Z
Gravkill,EOE,Edge of Eternities,103,normal,common,2,107333,cfa6c57f-a193-48cc-9764-d8348548a111,0.26,false,false,near_mint,en,AUD,2026-09-08T12:11:03.794Z
Gravblade Heavy,EOE,Edge of Eternities,102,normal,common,2,107756,b3872341-d711-407b-85e4-46ccb99988e1,0.12,false,false,near_mint,en,AUD,2026-09-08T12:11:03.796Z
Temporal Intervention,EOE,Edge of Eternities,120,normal,common,2,107064,79f9525a-4cb7-411e-b7b5-2113e93bcbc3,0.18,false,false,near_mint,en,AUD,2026-09-08T12:11:03.799Z
Susurian Voidborn,EOE,Edge of Eternities,118,normal,uncommon,2,107765,beb97e7b-0ae7-4b08-9ceb-6a7f825bcd49,0.42,false,false,near_mint,en,AUD,2026-09-08T12:11:03.801Z
Insatiable Skittermaw,EOE,Edge of Eternities,108,normal,common,2,107195,e9d30cca-ea33-418f-bba3-5103f1dbd751,0.24,false,false,near_mint,en,AUD,2026-09-08T12:11:03.803Z
Gravpack Monoist,EOE,Edge of Eternities,104,normal,common,2,107701,2a968f01-36ef-4cf6-b1db-630c9cde2064,0.18,false,false,near_mint,en,AUD,2026-09-08T12:11:03.805Z
Fell Gravship,EOE,Edge of Eternities,101,normal,uncommon,2,107348,e94b130d-3547-43c5-a319-5ebc571c2e2d,0.29,false,false,near_mint,en,AUD,2026-09-08T12:11:03.807Z
Faller's Faithful,EOE,Edge of Eternities,100,normal,uncommon,2,107607,cbb1b46f-72e0-4c2f-8012-74529bd29a0d,0.3,false,false,near_mint,en,AUD,2026-09-08T12:11:03.809Z
Dubious Delicacy,EOE,Edge of Eternities,96,normal,uncommon,2,107377,153265b4-0ca4-4245-9226-dd1a083ec91c,0.33,false,false,near_mint,en,AUD,2026-09-08T12:11:03.811Z
Decode Transmissions,EOE,Edge of Eternities,94,normal,common,2,107166,cecb4936-14ca-49f9-b209-6519cab54b30,0.29,false,false,near_mint,en,AUD,2026-09-08T12:11:03.813Z
Comet Crawler,EOE,Edge of Eternities,92,normal,common,2,107766,becca990-ab2e-4aa4-be7d-293ec727cb08,0.14,false,false,near_mint,en,AUD,2026-09-08T12:11:03.815Z
Virus Beetle,EOE,Edge of Eternities,124,normal,common,2,107570,e96c986c-684c-4546-a9c9-b6b903bda101,0.42,false,false,near_mint,en,AUD,2026-09-08T12:11:03.817Z
Depressurize,EOE,Edge of Eternities,95,normal,common,2,107697,25520d5a-1a83-42cc-8ace-8b1156019d64,0.11,false,false,near_mint,en,AUD,2026-09-08T12:11:03.819Z
Dark Endurance,EOE,Edge of Eternities,93,normal,common,2,107790,fac87b49-a0cd-42d5-b30a-efc6d5526fc3,0.12,false,false,near_mint,en,AUD,2026-09-08T12:11:03.821Z
Beamsaw Prospector,EOE,Edge of Eternities,89,normal,common,3,107734,6f717a3f-c6db-4e8d-8b62-6361ab33d000,0.17,false,false,near_mint,en,AUD,2026-09-08T12:11:03.823Z
Monoist Sentry,EOE,Edge of Eternities,111,normal,uncommon,2,107753,acc503e2-5c3a-4200-beb0-7d193d6c869e,0.33,false,false,near_mint,en,AUD,2026-09-08T12:11:03.826Z
Hylderblade,EOE,Edge of Eternities,106,normal,uncommon,2,107517,ac80cf18-0707-4358-bdd4-0c2b90d0a1d9,0.19,false,false,near_mint,en,AUD,2026-09-08T12:11:03.828Z
Hullcarver,EOE,Edge of Eternities,105,normal,common,2,107075,817b5b18-beb5-48c8-aa45-0515ff9ca5da,0.26,false,false,near_mint,en,AUD,2026-09-08T12:11:03.830Z
Dawnstrike Vanguard,EOE,Edge of Eternities,10,normal,uncommon,2,107723,5a041722-9483-469f-9c17-7f0253b0db50,0.29,false,false,near_mint,en,AUD,2026-09-08T12:11:03.833Z
Auxiliary Boosters,EOE,Edge of Eternities,5,normal,common,2,107714,43706295-afd6-442c-8828-8cf978152701,0.18,false,false,near_mint,en,AUD,2026-09-08T12:11:03.835Z
Rayblade Trooper,EOE,Edge of Eternities,30,normal,uncommon,1,107535,c08c7bf9-a2ed-45c6-8b48-15122d9d9e37,0.29,false,false,near_mint,en,AUD,2026-09-08T12:16:22.113Z
Emergency Eject,EOE,Edge of Eternities,14,normal,uncommon,1,107216,fc98b2d4-86fc-4c47-b2a7-1f3c89463607,0.37,false,false,near_mint,en,AUD,2026-09-08T12:16:22.118Z
Pulsar Squadron Ace,EOE,Edge of Eternities,28,normal,uncommon,1,107485,8d989cdc-cbd7-4b71-9589-59618597ac8a,0.3,false,false,near_mint,en,AUD,2026-09-08T12:16:22.129Z
"Haliya, Ascendant Cadet",EOE,Edge of Eternities,218,normal,uncommon,1,107451,683d6eba-7f98-4105-b318-7f2290012f32,0.33,false,false,near_mint,en,AUD,2026-09-08T12:16:22.161Z
"Sami, Ship's Engineer",EOE,Edge of Eternities,225,normal,uncommon,1,106764,75c38cc9-07de-46d4-8195-f04b2b7e0fee,0.29,false,false,near_mint,en,AUD,2026-09-08T12:16:22.162Z
Interceptor Mechan,EOE,Edge of Eternities,220,normal,uncommon,1,107235,198211af-f413-4e9b-9baf-4b4fcb81eadc,0.32,false,false,near_mint,en,AUD,2026-09-08T12:16:22.163Z
"Mm'menon, Uthros Exile",EOE,Edge of Eternities,221,normal,uncommon,1,107597,5546c044-5826-48c3-9d28-866f3c3c5f2c,0.35,false,false,near_mint,en,AUD,2026-09-08T12:16:22.164Z
Biomechan Engineer,EOE,Edge of Eternities,213,normal,uncommon,1,107468,7edcef2c-029c-46bd-bfeb-ff56a57dd63a,0.22,false,false,near_mint,en,AUD,2026-09-08T12:16:22.171Z
Cryoshatter,EOE,Edge of Eternities,53,normal,common,1,107738,7b62b1e2-9e43-4a66-a647-7e5de2871f2a,0.24,false,false,near_mint,en,AUD,2026-09-08T12:16:22.195Z
Uthros Psionicist,EOE,Edge of Eternities,84,normal,uncommon,1,107566,e23cc5fd-afe4-480c-8858-ed80a082584e,0.35,false,false,near_mint,en,AUD,2026-09-08T12:16:22.199Z
Illvoi Infiltrator,EOE,Edge of Eternities,59,normal,uncommon,1,107702,2db4ed41-0426-4d7f-bb43-e43392bed83b,0.12,false,false,near_mint,en,AUD,2026-09-08T12:16:22.206Z
Steelswarm Operator,EOE,Edge of Eternities,80,normal,uncommon,1,107544,ca468b86-f31a-4cd7-a574-eb984bc4bc3e,0.35,false,false,near_mint,en,AUD,2026-09-08T12:16:22.211Z
Desculpting Blast,EOE,Edge of Eternities,54,normal,uncommon,1,107464,77fdbf32-b5f4-4346-846d-d8e0e53e6e53,0.25,false,false,near_mint,en,AUD,2026-09-08T12:16:22.224Z
Mechan Assembler,EOE,Edge of Eternities,63,normal,uncommon,1,107416,3fd46726-095e-4eb2-a804-eeeb988eee1d,0.39,false,false,near_mint,en,AUD,2026-09-08T12:16:22.236Z
Tractor Beam,EOE,Edge of Eternities,82,normal,uncommon,1,107579,efc96d54-d6e1-49b6-b4c2-70b997776548,0.11,false,false,near_mint,en,AUD,2026-09-08T12:16:22.241Z
Wedgelight Rammer,EOE,Edge of Eternities,43,normal,uncommon,2,107397,2cb0984f-dc8b-4bb3-a4fd-8d6d4ae20198,0.29,false,false,near_mint,en,AUD,2026-09-08T12:16:22.098Z
Radiant Strike,EOE,Edge of Eternities,29,normal,common,3,107484,8c38e4cb-918b-4493-872b-66c90dcfd339,0.18,false,false,near_mint,en,AUD,2026-09-08T12:16:22.100Z
Sunstar Lightsmith,EOE,Edge of Eternities,42,normal,uncommon,2,107725,5f60b09d-9814-4a36-a57d-59b0e04c1c2f,0.26,false,false,near_mint,en,AUD,2026-09-08T12:16:22.101Z
Luxknight Breacher,EOE,Edge of Eternities,26,normal,common,2,107537,c1236731-0d33-4705-8077-3cf58acf9a39,0.21,false,false,near_mint,en,AUD,2026-09-08T12:16:22.105Z
Knight Luminary,EOE,Edge of Eternities,23,normal,common,2,107708,34334971-c1b7-4506-a6dd-77f66b3ae4e7,0.24,false,false,near_mint,en,AUD,2026-09-08T12:16:22.107Z
All-Fates Stalker,EOE,Edge of Eternities,3,normal,uncommon,2,107474,82ae4f7b-8122-4af6-8079-888eabf1a11e,0.33,false,false,near_mint,en,AUD,2026-09-08T12:16:22.109Z
Zealous Display,EOE,Edge of Eternities,45,normal,common,2,107787,f5973fd3-d6bc-48f1-8a44-57d2a6dda228,0.11,false,false,near_mint,en,AUD,2026-09-08T12:16:22.111Z
Flight-Deck Coordinator,EOE,Edge of Eternities,17,normal,common,2,107743,88cc6328-a035-4f74-b786-390e5c7c324c,0.15,false,false,near_mint,en,AUD,2026-09-08T12:16:22.114Z
Exosuit Savior,EOE,Edge of Eternities,16,normal,common,2,107741,826c0455-a6ce-43ad-bd5c-0a5df169da90,0.15,false,false,near_mint,en,AUD,2026-09-08T12:16:22.116Z
Dual-Sun Adepts,EOE,Edge of Eternities,12,normal,uncommon,2,107771,c7e8c830-77ae-437f-8e28-ce61c5fde6b6,0.15,false,false,near_mint,en,AUD,2026-09-08T12:16:22.119Z
Brightspear Zealot,EOE,Edge of Eternities,8,normal,common,2,107782,e7f7541a-5910-4f33-8c1d-3507ce3a426e,0.1,false,false,near_mint,en,AUD,2026-09-08T12:16:22.121Z
Banishing Light,EOE,Edge of Eternities,6,normal,common,2,107153,c45f11cd-a0aa-4d14-aa21-57f0969f3e2b,0.3,false,false,near_mint,en,AUD,2026-09-08T12:16:22.123Z
Sunstar Expansionist,EOE,Edge of Eternities,41,normal,uncommon,2,107300,93b0e6e5-9fb6-4342-9322-1a4cc09a7a76,0.24,false,false,near_mint,en,AUD,2026-09-08T12:16:22.125Z
Starfighter Pilot,EOE,Edge of Eternities,38,normal,common,2,106970,1e571246-aadc-4d1f-a284-9a529e150fe0,0.21,false,false,near_mint,en,AUD,2026-09-08T12:16:22.127Z
Honored Knight-Captain,EOE,Edge of Eternities,22,normal,uncommon,2,107362,05a6ab03-f0b9-4738-a5f9-5d95bb22de75,0.36,false,false,near_mint,en,AUD,2026-09-08T12:16:22.130Z
Dual-Sun Technique,EOE,Edge of Eternities,13,normal,uncommon,2,107583,f8931132-391f-4f16-b480-0a245ab2ec21,0.32,false,false,near_mint,en,AUD,2026-09-08T12:16:22.132Z
Dockworker Drone,EOE,Edge of Eternities,11,normal,common,2,107784,eeff069f-427b-42ad-afb1-36f0e547fb74,0.15,false,false,near_mint,en,AUD,2026-09-08T12:16:22.134Z
Starport Security,EOE,Edge of Eternities,39,normal,common,2,107244,238cb1db-6c41-4fe1-bc34-340048dfde18,0.11,false,false,near_mint,en,AUD,2026-09-08T12:16:22.136Z
Squire's Lightblade,EOE,Edge of Eternities,36,normal,common,2,107699,2a0accba-85d4-4aa4-a70c-80fcce48c261,0.28,false,false,near_mint,en,AUD,2026-09-08T12:16:22.138Z
Reroute Systems,EOE,Edge of Eternities,31,normal,uncommon,2,107409,3bbdba38-2b99-4226-98e3-6d2580345d6d,0.37,false,false,near_mint,en,AUD,2026-09-08T12:16:22.140Z
Honor,EOE,Edge of Eternities,21,normal,uncommon,2,107551,d0b4e925-1d59-41a1-bc06-9982695d778f,0.47,false,false,near_mint,en,AUD,2026-09-08T12:16:22.142Z
Focus Fire,EOE,Edge of Eternities,18,normal,common,2,107515,a9ddfcbc-0f84-4315-aaa3-ca54ff64d7de,0.26,false,false,near_mint,en,AUD,2026-09-08T12:16:22.143Z
Command Bridge,EOE,Edge of Eternities,252,normal,common,2,106926,247670d2-a7cd-4ed7-9c77-704c7962b815,0.35,false,false,near_mint,en,AUD,2026-09-08T12:16:22.146Z
Pinnacle Kill-Ship,EOE,Edge of Eternities,244,normal,common,3,107533,bf784de8-5ae2-4c07-92bb-a5b7f593b773,0.3,false,false,near_mint,en,AUD,2026-09-08T12:16:22.148Z
Wurmwall Sweeper,EOE,Edge of Eternities,249,normal,common,2,107105,9ace282a-5901-4d36-ad21-17eb88bc5138,0.22,false,false,near_mint,en,AUD,2026-09-08T12:16:22.151Z
Chrome Companion,EOE,Edge of Eternities,236,normal,common,2,107088,8ef269a0-1cb9-4901-81e6-43db3ae3756c,0.36,false,false,near_mint,en,AUD,2026-09-08T12:16:22.153Z
Thaumaton Torpedo,EOE,Edge of Eternities,246,normal,common,2,107695,1817f1b5-960a-435c-bdec-8cc8cbcb3358,0.15,false,false,near_mint,en,AUD,2026-09-08T12:16:22.155Z
Nutrient Block,EOE,Edge of Eternities,243,normal,common,2,107114,a26064bb-c568-4ed6-86db-3aab69b050db,0.48,false,false,near_mint,en,AUD,2026-09-08T12:16:22.157Z
"Syr Vondam, the Lucent",EOE,Edge of Eternities,232,normal,uncommon,2,107198,ea954205-5ff5-493b-bf30-6212042c2bc9,0.29,false,false,near_mint,en,AUD,2026-09-08T12:16:22.159Z
"Alpharael, Dreaming Acolyte",EOE,Edge of Eternities,212,normal,uncommon,2,106884,349a2211-2b23-418d-a1ef-1c72ad2e171d,0.25,false,false,near_mint,en,AUD,2026-09-08T12:16:22.165Z
Station Monitor,EOE,Edge of Eternities,230,normal,uncommon,2,107529,ba9f6d16-ee3e-4fbb-b78a-6292188eb61f,0.24,false,false,near_mint,en,AUD,2026-09-08T12:16:22.167Z
Seedship Broodtender,EOE,Edge of Eternities,227,normal,uncommon,2,107379,1abc176f-2ccf-4371-b4b5-030dd99ff7fc,0.39,false,false,near_mint,en,AUD,2026-09-08T12:16:22.169Z
Fungal Colossus,EOE,Edge of Eternities,184,normal,common,2,107502,9dc9559f-cece-4c85-807c-158291666007,0.22,false,false,near_mint,en,AUD,2026-09-08T12:16:22.172Z
Lashwhip Predator,EOE,Edge of Eternities,195,normal,uncommon,2,107593,24553e98-29a9-47e3-91c7-9add708d9ad1,0.12,false,false,near_mint,en,AUD,2026-09-08T12:16:22.174Z
Pull Through the Weft,EOE,Edge of Eternities,202,normal,uncommon,2,107601,a70d0877-1a1e-436b-bf8c-0ff6df9efc6a,0.33,false,false,near_mint,en,AUD,2026-09-08T12:16:22.176Z
Harmonious Grovestrider,EOE,Edge of Eternities,189,normal,uncommon,2,106789,e320abed-f145-42d3-b402-4f82e3a56389,0.21,false,false,near_mint,en,AUD,2026-09-08T12:16:22.178Z
Germinating Wurm,EOE,Edge of Eternities,187,normal,common,2,107792,fcde173a-6314-4904-bddd-68b2ab1e4867,0.21,false,false,near_mint,en,AUD,2026-09-08T12:16:22.180Z
Eusocial Engineering,EOE,Edge of Eternities,181,normal,uncommon,2,106940,011bd7d8-6d60-482a-91b7-d3f0aad13b71,0.36,false,false,near_mint,en,AUD,2026-09-08T12:16:22.182Z
Atmospheric Greenhouse,EOE,Edge of Eternities,171,normal,uncommon,3,107532,bf05e378-7a0c-49e3-8c6e-c0fd56796434,0.32,false,false,near_mint,en,AUD,2026-09-08T12:16:22.184Z
Tapestry Warden,EOE,Edge of Eternities,209,normal,uncommon,2,107068,7cbbab6c-43ae-4e50-97ce-532a3316591a,0.36,false,false,near_mint,en,AUD,2026-09-08T12:16:22.187Z
Atomic Microsizer,EOE,Edge of Eternities,47,normal,uncommon,2,107403,3554f0c7-ea73-43e9-a061-bbb8ef6abce1,0.24,false,false,near_mint,en,AUD,2026-09-08T12:16:22.189Z
Weftblade Enhancer,EOE,Edge of Eternities,44,normal,common,2,107745,8d72b00c-5043-4630-949a-fc17eeb962bc,0.11,false,false,near_mint,en,AUD,2026-09-08T12:16:22.191Z
Rescue Skiff,EOE,Edge of Eternities,32,normal,uncommon,2,107459,6fe86bfb-c67d-4df9-88c9-f083091f4cda,0.26,false,false,near_mint,en,AUD,2026-09-08T12:16:22.193Z
Scour for Scrap,EOE,Edge of Eternities,73,normal,uncommon,2,107719,517d1b00-7ec4-489a-ac52-657da24a6379,0.5,false,false,near_mint,en,AUD,2026-09-08T12:16:22.196Z
Lost in Space,EOE,Edge of Eternities,62,normal,common,2,107733,6d9d7979-97af-4c85-86f5-1b3704f74e8b,0.12,false,false,near_mint,en,AUD,2026-09-08T12:16:22.197Z
Unravel,EOE,Edge of Eternities,83,normal,uncommon,2,107193,e8978214-c853-453d-872d-af56bdaaa3d7,0.3,false,false,near_mint,en,AUD,2026-09-08T12:16:22.200Z
Sinister Cryologist,EOE,Edge of Eternities,75,normal,common,2,107783,e8fbe740-05ec-4ced-bb9d-3084c8c2b631,0.11,false,false,near_mint,en,AUD,2026-09-08T12:16:22.202Z
Nanoform Sentinel,EOE,Edge of Eternities,71,normal,common,2,107711,3eeae8c3-7939-4c79-92f0-fbdb9c1b71d3,0.3,false,false,near_mint,en,AUD,2026-09-08T12:16:22.204Z
Codecracker Hound,EOE,Edge of Eternities,50,normal,uncommon,2,107598,6723b891-6013-4ec6-b439-2233d270dc48,0.26,false,false,near_mint,en,AUD,2026-09-08T12:16:22.207Z
Cloudsculpt Technician,EOE,Edge of Eternities,49,normal,common,2,107718,51077a54-15cf-4088-8e84-088d72e8e861,0.07,false,false,near_mint,en,AUD,2026-09-08T12:16:22.209Z
Mental Modulation,EOE,Edge of Eternities,67,normal,common,2,107693,0f2d12fc-38a0-42e6-9caa-7c18bfcf0011,0.18,false,false,near_mint,en,AUD,2026-09-08T12:16:22.212Z
Mechan Shieldmate,EOE,Edge of Eternities,65,normal,common,2,107736,745b2119-4d9f-431f-89b9-10ad48b6dc47,0.1,false,false,near_mint,en,AUD,2026-09-08T12:16:22.214Z
Mechan Navigator,EOE,Edge of Eternities,64,normal,uncommon,2,107507,a1fe1d39-42c8-41d0-8bf0-46973e4b07d4,0.36,false,false,near_mint,en,AUD,2026-09-08T12:16:22.216Z
Illvoi Operative,EOE,Edge of Eternities,61,normal,common,2,107773,d0ae9fc7-1802-4806-9996-1f1f458ff6a7,0.12,false,false,near_mint,en,AUD,2026-09-08T12:16:22.218Z
Illvoi Light Jammer,EOE,Edge of Eternities,60,normal,common,2,107785,efb3d961-543c-4404-b4ed-1cb28ee411b3,0.32,false,false,near_mint,en,AUD,2026-09-08T12:16:22.220Z
Divert Disaster,EOE,Edge of Eternities,55,normal,common,2,107770,c5f7d2fe-628b-4493-8281-0e5f91ce5d61,0.35,false,false,near_mint,en,AUD,2026-09-08T12:16:22.222Z
Illvoi Galeblade,EOE,Edge of Eternities,58,normal,common,2,107060,769f7d13-a312-4d79-8639-6ae248452448,0.33,false,false,near_mint,en,AUD,2026-09-08T12:16:22.225Z
Mouth of the Storm,EOE,Edge of Eternities,70,normal,uncommon,2,106997,380f16d6-ad43-4e0d-9645-6abde6248182,0.18,false,false,near_mint,en,AUD,2026-09-08T12:16:22.228Z
Specimen Freighter,EOE,Edge of Eternities,76,normal,uncommon,2,107526,b862a9f8-2361-4220-99bd-ae2530905195,0.28,false,false,near_mint,en,AUD,2026-09-08T12:16:22.230Z
Mechanozoa,EOE,Edge of Eternities,66,normal,common,2,106948,0cb8d8ce-329a-4a97-b3d8-796703ebcb37,0.18,false,false,near_mint,en,AUD,2026-09-08T12:16:22.232Z
Starbreach Whale,EOE,Edge of Eternities,77,normal,common,2,107085,8a1a0476-7145-4493-97e5-4fc05c85e476,0.15,false,false,near_mint,en,AUD,2026-09-08T12:16:22.234Z
Cerebral Download,EOE,Edge of Eternities,48,normal,uncommon,2,107429,4d3b5d73-694c-4f9a-8b4f-d8d8c58c8d65,0.24,false,false,near_mint,en,AUD,2026-09-08T12:16:22.237Z
Uthros Scanship,EOE,Edge of Eternities,85,normal,uncommon,2,107384,1f93887f-35c5-472f-83d0-54227b3bd1d2,0.25,false,false,near_mint,en,AUD,2026-09-08T12:16:22.239Z
Selfcraft Mechan,EOE,Edge of Eternities,74,normal,common,2,107724,5b2de056-5c27-44d6-871d-909411bd52dd,0.15,false,false,near_mint,en,AUD,2026-09-08T12:16:22.242Z
Embereth Veteran,WOE,Wilds of Eldraine,127,foil,uncommon,1,85696,bc7130b8-3168-421f-912a-46ed5b769807,0.29,false,false,near_mint,en,AUD,2026-09-08T12:27:09.134Z
Redcap Thief,WOE,Wilds of Eldraine,147,foil,common,1,85731,cda6bdeb-a0d6-46ca-ba8c-317ee0096416,0.43,false,false,near_mint,en,AUD,2026-09-08T12:27:09.135Z
"Fear, Fire, Foes!",LTR,The Lord of the Rings: Tales of Middle-earth,576,foil,uncommon,1,86352,06c098af-7705-4931-8460-d0ff3ef91d75,0.75,false,false,near_mint,en,AUD,2026-09-08T12:27:09.136Z
Quarrel's End,LTR,The Lord of the Rings: Tales of Middle-earth,592,foil,common,1,86605,85536624-f44a-4b0f-bcc2-cf64957a81b6,0.66,false,false,near_mint,en,AUD,2026-09-08T12:27:09.137Z
Bleeding Woods,DSK,Duskmourn: House of Horror,257,foil,common,1,98671,cb224874-aff5-461f-82ee-89b06663231a,0.42,false,false,near_mint,en,AUD,2026-09-08T12:27:09.138Z
Public Thoroughfare,MKM,Murders at Karlov Manor,265,foil,common,1,90703,1f8b915f-3e82-4b05-b963-01ebff7a8f7b,0.19,false,false,near_mint,en,AUD,2026-09-08T12:27:09.139Z
Ether,FIN,Final Fantasy,53,foil,uncommon,1,106586,896ee6e9-15a9-4974-b576-50f4759fac38,0.36,false,false,near_mint,en,AUD,2026-09-08T12:27:09.140Z
"Gongaga, Reactor Town",FIN,Final Fantasy,280,foil,common,1,106580,7beccfa6-3e4b-4460-954e-870cb39e462d,0.4,false,false,near_mint,en,AUD,2026-09-08T12:27:09.141Z
Sanitation Automaton,MKM,Murders at Karlov Manor,256,foil,common,1,90864,52608ba4-c47d-44e4-b624-dee2a3a42ae2,0.1,false,false,near_mint,en,AUD,2026-09-08T12:27:09.142Z
Goblin Firebomb,BRO,The Brothers' War,235,foil,common,1,75284,0ba00d0f-0ea5-417c-a792-06b3b9d1c8f1,0.29,false,false,near_mint,en,AUD,2026-09-08T12:27:09.143Z
Dragon Engine,DMR,Dominaria Remastered,222,foil,common,1,77763,045f373e-510f-4552-9859-884f6ce4cc59,0.22,false,false,near_mint,en,AUD,2026-09-08T12:27:09.144Z
Jalum Tome,BRR,The Brothers' War Retro Artifacts,87,foil,uncommon,1,75758,c39a31f4-ea80-4dd6-b6b2-8d73a18824f4,0.26,false,false,near_mint,en,AUD,2026-09-08T12:27:09.145Z
Honored Heirloom,VOW,Innistrad: Crimson Vow,257,foil,common,1,64422,d3390e4d-9137-40ff-b998-bdb19c90b7d5,0.29,false,false,near_mint,en,AUD,2026-09-08T12:27:09.146Z
Runed Crown,KHM,Kaldheim,245,foil,uncommon,1,56775,1ef89770-2dbb-4a57-99f7-191591bb8e38,0.42,false,false,near_mint,en,AUD,2026-09-08T12:27:09.147Z
Ecologist's Terrarium,NEO,Kamigawa: Neon Dynasty,246,foil,common,1,66855,1d981026-b2df-4d8d-a9b4-296b011d9925,0.42,false,false,near_mint,en,AUD,2026-09-08T12:27:09.148Z
Lunatic Pandora,FIN,Final Fantasy,262,foil,common,1,106659,d6e1e3e7-20d4-42cb-ad22-60356b9e8fdc,0.35,false,false,near_mint,en,AUD,2026-09-08T12:27:09.149Z
Three Bowls of Porridge,WOE,Wilds of Eldraine,253,foil,uncommon,1,85624,a508e040-d1e5-46aa-8404-1adc18f0f8bd,0.36,false,false,near_mint,en,AUD,2026-09-08T12:27:09.150Z
Crossroads Candleguide,MID,Innistrad: Midnight Hunt,253,foil,common,1,63262,5cad1524-9e75-47e0-b817-47110634802a,0.36,false,false,near_mint,en,AUD,2026-09-08T12:27:09.151Z
Rakish Scoundrel,MKM,Murders at Karlov Manor,225,foil,common,1,90937,6aaa8c6b-7ef7-45db-99c9-4a6e7f177b94,0.22,false,false,near_mint,en,AUD,2026-09-08T12:27:09.152Z
Gadget Technician,MKM,Murders at Karlov Manor,204,foil,common,1,90802,3b489a54-ee43-4962-be7b-16e0e28800e0,0.18,false,false,near_mint,en,AUD,2026-09-08T12:27:09.153Z
Hustle // Bustle,MKM,Murders at Karlov Manor,249,foil,uncommon,1,90913,5f664827-e22e-43af-82f1-861b3c7607f1,0.18,false,false,near_mint,en,AUD,2026-09-08T12:27:09.154Z
Wrangler of the Damned,OTJ,Outlaws of Thunder Junction,238,foil,uncommon,1,93311,b4d163dd-67dc-4aab-afb9-d043352d109c,0.21,false,false,near_mint,en,AUD,2026-09-08T12:27:09.155Z
Hindering Light,OTP,Breaking News,46,foil,uncommon,1,93243,860f4304-38f1-4c2f-a122-2590619522fd,0.32,false,false,near_mint,en,AUD,2026-09-08T12:27:09.156Z
Coerced to Kill,MKM,Murders at Karlov Manor,311,foil,uncommon,1,90905,5c9c1153-93d6-4250-bc42-2d9fd3042e55,0.19,false,false,near_mint,en,AUD,2026-09-08T12:27:09.157Z
Curious Cadaver,MKM,Murders at Karlov Manor,358,foil,uncommon,1,91294,edf5e45d-0f1a-4c85-a944-770fc525dc01,0.19,false,false,near_mint,en,AUD,2026-09-08T12:27:09.158Z
Old Man Willow,LTR,The Lord of the Rings: Tales of Middle-earth,668,foil,uncommon,1,86579,7c81ea48-163f-48e5-830f-085e01a1dfdc,0.53,false,false,near_mint,en,AUD,2026-09-08T12:27:09.159Z
Resurrected Cultist,DSK,Duskmourn: House of Horror,115,foil,common,1,98933,e41bd259-e81f-432a-bebf-4c6534f23db7,0.15,false,false,near_mint,en,AUD,2026-09-08T12:27:09.160Z
Heartless Pillage,OTP,Breaking News,14,foil,uncommon,1,93355,d06a1a70-aa26-4178-8486-e0a25c907cdb,0.33,false,false,near_mint,en,AUD,2026-09-08T12:27:09.161Z
Case of the Gorgon's Kiss,MKM,Murders at Karlov Manor,79,foil,uncommon,1,90831,45e4c07a-3205-4193-8163-b0e63e6242a4,0.44,false,false,near_mint,en,AUD,2026-09-08T12:27:09.162Z
Slice from the Shadows,MKM,Murders at Karlov Manor,103,foil,common,1,90770,317800b3-6b2d-4de6-8e44-7e54dd623055,0.33,false,false,near_mint,en,AUD,2026-09-08T12:27:09.163Z
Vayne's Treachery,FIN,Final Fantasy,124,foil,common,1,106569,6de6d23b-7d42-41c1-be1c-010fe43ee586,0.35,false,false,near_mint,en,AUD,2026-09-08T12:27:09.164Z
Soulcoil Viper,LCI,The Lost Caverns of Ixalan,120,foil,uncommon,1,88285,1125fdf2-2dbb-49a6-b76f-8cd6c3d6fab4,0.28,false,false,near_mint,en,AUD,2026-09-08T12:27:09.165Z
Bladebrand,MID,Innistrad: Midnight Hunt,87,foil,common,1,63278,64d4713d-321a-447f-a318-88b552ec5d0c,0.14,false,false,near_mint,en,AUD,2026-09-08T12:27:09.166Z
Twisted Sewer-Witch,WOE,Wilds of Eldraine,114,foil,uncommon,1,85750,d6e3ddf7-582d-4923-be30-8428e52237e4,0.44,false,false,near_mint,en,AUD,2026-09-08T12:27:09.167Z
Easterling Vanguard,LTR,The Lord of the Rings: Tales of Middle-earth,83,foil,common,1,83607,e860dd40-07c5-47c3-92a8-1ee95a953c2f,0.18,false,false,near_mint,en,AUD,2026-09-08T12:27:09.168Z
Lash of the Balrog,LTR,The Lord of the Rings: Tales of Middle-earth,92,foil,common,1,83236,812fee97-e145-4458-b495-bc6ad227335b,0.19,false,false,near_mint,en,AUD,2026-09-08T12:27:09.169Z
Nightblade Brigade,TDM,Tarkir: Dragonstorm,85,foil,common,1,105134,648debd9-d4cf-4788-8882-f1601a3d87f5,0.4,false,false,near_mint,en,AUD,2026-09-08T12:27:09.170Z
Corroding Dragonstorm,TDM,Tarkir: Dragonstorm,75,foil,uncommon,1,104372,e2a2d395-26d6-4eb2-9e8c-ed7dbbd3a8f5,0.4,false,false,near_mint,en,AUD,2026-09-08T12:27:09.171Z
Inside Source,MKM,Murders at Karlov Manor,19,foil,common,1,90675,1548d181-3f83-457a-b2d3-eb88cfb2afda,0.26,false,false,near_mint,en,AUD,2026-09-08T12:27:09.172Z
Friendly Ghost,DSK,Duskmourn: House of Horror,12,foil,common,1,98792,20e0dba2-d15c-4d55-9b68-00648175e760,0.19,false,false,near_mint,en,AUD,2026-09-08T12:27:09.173Z
Arashin Sunshield,TDM,Tarkir: Dragonstorm,3,foil,common,1,105168,dd7102d8-90b3-45a1-b66d-dcca469b1fb6,0.19,false,false,near_mint,en,AUD,2026-09-08T12:27:09.174Z
Riling Dawnbreaker // Signaling Roar,TDM,Tarkir: Dragonstorm,21,foil,common,1,104532,312f7072-3bf8-449f-bfb7-93727ef26c66,0.18,false,false,near_mint,en,AUD,2026-09-08T12:27:09.175Z
Stormplain Detainment,TDM,Tarkir: Dragonstorm,28,foil,common,1,104135,39f3aab5-7b54-4b55-8114-c6f9f79c255d,0.25,false,false,near_mint,en,AUD,2026-09-08T12:27:09.176Z
Outlaw Medic,OTJ,Outlaws of Thunder Junction,23,foil,common,1,93107,2feaa51e-47fb-4849-b420-ee7278f3489a,0.26,false,false,near_mint,en,AUD,2026-09-08T12:27:09.177Z
Thousand Moons Crackshot,LCI,The Lost Caverns of Ixalan,37,foil,common,1,88601,741a7439-965d-49f2-b43e-053f29196e6b,0.18,false,false,near_mint,en,AUD,2026-09-08T12:27:09.178Z
Guardian of the Great Door,LCI,The Lost Caverns of Ixalan,16,foil,uncommon,1,88785,a86f3cb2-7822-4c19-bd84-cea177e5b6e9,0.32,false,false,near_mint,en,AUD,2026-09-08T12:27:09.179Z
Hedgewitch's Mask,MID,Innistrad: Midnight Hunt,23,foil,common,1,63354,97321072-1f7f-413b-9246-e6b3ec7a8c30,0.4,false,false,near_mint,en,AUD,2026-09-08T12:27:09.180Z
Flare of Faith,MID,Innistrad: Midnight Hunt,19,foil,common,1,63162,1b4354c6-ea21-46c0-93c4-744dbacbfcf4,0.3,false,false,near_mint,en,AUD,2026-09-08T12:27:09.181Z
Stockpiling Celebrant,WOE,Wilds of Eldraine,32,foil,common,1,85225,0214ebc6-c59f-4170-8dd2-ce07caa6e6ad,0.25,false,false,near_mint,en,AUD,2026-09-08T12:27:09.182Z
Rimefur Reindeer,WOE,Wilds of Eldraine,27,foil,common,1,85440,60acc0b7-6842-44aa-a7cc-c5d315d90287,0.17,false,false,near_mint,en,AUD,2026-09-08T12:27:09.183Z
Focus the Mind,TDM,Tarkir: Dragonstorm,45,foil,common,1,105153,abb0ba34-6904-4c17-a04d-ea4f12c7cf21,0.35,false,false,near_mint,en,AUD,2026-09-08T12:27:09.184Z
Wingblade Disciple,TDM,Tarkir: Dragonstorm,65,foil,uncommon,1,105138,71de7dca-0231-4407-86a0-c7fc95f5aaa0,0.39,false,false,near_mint,en,AUD,2026-09-08T12:27:09.185Z
Wingspan Stride,TDM,Tarkir: Dragonstorm,66,foil,common,1,104541,339a0e24-c332-4558-bb60-f5504ddde88c,0.32,false,false,near_mint,en,AUD,2026-09-08T12:27:09.186Z
Unending Whisper,TDM,Tarkir: Dragonstorm,62,foil,common,1,105070,fc48180a-ccac-469f-938d-c050821d0160,0.36,false,false,near_mint,en,AUD,2026-09-08T12:27:09.187Z
Bewildering Blizzard,TDM,Tarkir: Dragonstorm,38,foil,uncommon,1,104807,91b25843-1aa0-484a-b6c7-0c284fe7214a,0.22,false,false,near_mint,en,AUD,2026-09-08T12:27:09.188Z
Outlaw Stitcher,OTJ,Outlaws of Thunder Junction,59,foil,uncommon,1,93320,ba9584f0-55b8-448d-99a7-041934053f42,0.17,false,false,near_mint,en,AUD,2026-09-08T12:27:09.189Z
Harrier Strix,OTJ,Outlaws of Thunder Junction,52,foil,common,1,93213,70ca61a9-8938-41bf-bd14-5759f4de6521,0.28,false,false,near_mint,en,AUD,2026-09-08T12:27:09.190Z
Dragoon's Wyvern,FIN,Final Fantasy,49,foil,common,1,105729,d92bce20-308e-4841-aaf8-8e20698292e7,0.3,false,false,near_mint,en,AUD,2026-09-08T12:27:09.191Z
Firmament Sage,MID,Innistrad: Midnight Hunt,53,foil,uncommon,1,63370,9db186a1-3dc5-4ed2-8cd4-1e4f13094885,0.42,false,false,near_mint,en,AUD,2026-09-08T12:27:09.192Z
Stormkeld Prowler,WOE,Wilds of Eldraine,71,foil,common,1,85866,ff065dbf-77e3-45a8-bcca-aff9eaeb151f,0.25,false,false,near_mint,en,AUD,2026-09-08T12:27:09.193Z
Mind Spiral,BLB,Bloomburrow,59,foil,common,1,96068,7e24fe6a-607b-49b8-9fca-cecb1e40de7f,0.24,false,false,near_mint,en,AUD,2026-09-08T12:27:09.194Z
Spreading Seas,WOT,Wilds of Eldraine: Enchanting Tales,26,foil,uncommon,1,85603,9ad6dfe9-90b6-4582-af77-1355c950a50d,0.39,false,false,near_mint,en,AUD,2026-09-08T12:27:09.195Z
A Killer Among Us,MKM,Murders at Karlov Manor,167,foil,uncommon,1,90750,2c1392c5-91a5-4e6e-803d-ed032e4d594b,0.29,false,false,near_mint,en,AUD,2026-09-08T12:27:09.196Z
Reach for the Sky,OTJ,Outlaws of Thunder Junction,178,foil,common,1,93408,eb871985-a11b-4dfe-b0e3-898888c86277,0.28,false,false,near_mint,en,AUD,2026-09-08T12:27:09.197Z
Spinewoods Armadillo,OTJ,Outlaws of Thunder Junction,182,foil,uncommon,1,93429,f79d63e7-a8c6-4750-91c9-c575a4d0561b,0.37,false,false,near_mint,en,AUD,2026-09-08T12:27:09.198Z
Betrayal at the Vault,OTJ,Outlaws of Thunder Junction,155,foil,uncommon,1,93338,c494820f-607d-4ed2-8a86-a916ae390272,0.22,false,false,near_mint,en,AUD,2026-09-08T12:27:09.199Z
Giant Beaver,OTJ,Outlaws of Thunder Junction,165,foil,common,1,93263,919826a9-c427-42c6-8885-a87f0b6d2192,0.4,false,false,near_mint,en,AUD,2026-09-08T12:27:09.200Z
Dawnhart Rejuvenator,MID,Innistrad: Midnight Hunt,301,foil,common,1,63157,19b0e267-c361-4224-9b7a-2a3d1c5ac8b4,0.19,false,false,near_mint,en,AUD,2026-09-08T12:27:09.201Z
Gysahl Greens,FIN,Final Fantasy,190,foil,common,1,106494,020dee17-d85b-44c4-9faa-b1ef977956f4,0.33,false,false,near_mint,en,AUD,2026-09-08T12:27:09.202Z
Gigantoad,FIN,Final Fantasy,187,foil,common,1,106642,bc10d648-4053-460f-bc52-9c20477bf6de,0.28,false,false,near_mint,en,AUD,2026-09-08T12:27:09.203Z
Twists and Turns // Mycoid Maze,LCI,The Lost Caverns of Ixalan,217,foil,uncommon,1,88419,3cdf691e-96a5-45c7-9b94-6f04af81c8e4,0.43,false,false,near_mint,en,AUD,2026-09-08T12:27:09.204Z
Burly Breaker // Dire-Strain Demolisher,MID,Innistrad: Midnight Hunt,174,foil,uncommon,1,63203,3849ad37-f80d-4ffc-9240-25a63326b3dd,0.28,false,false,near_mint,en,AUD,2026-09-08T12:27:09.205Z
Earthshaker Dreadmaw,LCI,The Lost Caverns of Ixalan,325,foil,uncommon,1,88300,158ad2e4-5e81-439b-9629-a9d217c45d83,0.48,false,false,near_mint,en,AUD,2026-09-08T12:27:09.206Z
Disturbed Slumber,LCI,The Lost Caverns of Ixalan,182,foil,common,1,88441,4404b8d6-3673-4d82-b9ed-d28e9b54e1f6,0.29,false,false,near_mint,en,AUD,2026-09-08T12:27:09.207Z
Frantic Scapegoat,MKM,Murders at Karlov Manor,347,foil,uncommon,1,90800,3ae07b33-dcee-41aa-9886-38336d2aff7a,0.29,false,false,near_mint,en,AUD,2026-09-08T12:27:09.208Z
Harried Dronesmith,MKM,Murders at Karlov Manor,131,foil,uncommon,1,90787,36cb25ee-3c84-40a8-ba45-7e44893deecf,0.4,false,false,near_mint,en,AUD,2026-09-08T12:27:09.209Z
Galvanize,MKM,Murders at Karlov Manor,128,foil,common,1,90923,64ed3bfa-3294-45dd-825e-3afc2580f0d4,0.1,false,false,near_mint,en,AUD,2026-09-08T12:27:09.210Z
Suspicious Detonation,MKM,Murders at Karlov Manor,145,foil,common,1,90948,6e280482-ed7e-4011-899e-096ff7bd4c41,0.15,false,false,near_mint,en,AUD,2026-09-08T12:27:09.211Z
Iron-Fist Pulverizer,OTJ,Outlaws of Thunder Junction,131,foil,common,1,93352,cd7f984a-0b56-45df-958d-6178e4da61ed,0.15,false,false,near_mint,en,AUD,2026-09-08T12:27:09.212Z
Laughing Mad,FIN,Final Fantasy,143,foil,common,1,106168,cd5b9daf-6325-4eb4-a069-4a8cc7807884,0.39,false,false,near_mint,en,AUD,2026-09-08T12:27:09.213Z
Hill Gigas,FIN,Final Fantasy,141,foil,common,1,106529,2a8b3e1e-5c10-4360-ac1c-83b2e026278c,0.29,false,false,near_mint,en,AUD,2026-09-08T12:27:09.214Z
Volatile Wanderglyph,LCI,The Lost Caverns of Ixalan,172,foil,common,1,88332,2101921a-d26f-4a00-a0db-1b418f2e6b01,0.29,false,false,near_mint,en,AUD,2026-09-08T12:27:09.215Z
"Baba Lysaga, Night Witch",CLB,Commander Legends: Battle for Baldur's Gate,414,normal,rare,1,69147,89f293aa-dca1-48c2-9f48-069d32b89f3b,0.35,false,false,near_mint,en,AUD,2026-09-08T12:51:02.757Z
Scheming Fence,SNC,Streets of New Capenna,219,normal,rare,1,67946,af7ef030-7bae-4820-b51a-8fad57a8ff2f,0.48,false,false,near_mint,en,AUD,2026-09-08T12:51:02.758Z
"Bane, Lord of Darkness",CLB,Commander Legends: Battle for Baldur's Gate,267,normal,rare,1,68885,1a576d17-693d-4cc1-bb5b-bf81c74de03b,0.35,false,false,near_mint,en,AUD,2026-09-08T12:51:02.759Z
"Rem Karolus, Stalwart Slayer",MID,Innistrad: Midnight Hunt,322,normal,rare,1,63478,e54105a7-c369-40a8-8b37-610821c0fd08,0.5,false,false,near_mint,en,AUD,2026-09-08T12:51:02.760Z
Battle of Frost and Fire,KHM,Kaldheim,204,normal,rare,1,56905,620ed5b7-8874-40d0-9245-98876bdec153,0.25,false,false,near_mint,en,AUD,2026-09-08T12:51:02.761Z
Dramatic Finale,STX,Strixhaven: School of Mages,180,normal,rare,1,58257,a8ec9be6-c8ad-4a82-8253-c49cdb9443ba,0.48,false,false,near_mint,en,AUD,2026-09-08T12:51:02.762Z
"Dorothea, Vengeful Victim // Dorothea's Retribution",DBL,Innistrad: Double Feature,502,normal,rare,1,65274,680ce9a3-b47a-4f79-8254-f0935266b467,0.48,false,false,near_mint,en,AUD,2026-09-08T12:51:02.763Z
"Ludevic, Necrogenius // Olag, Ludevic's Hubris",MID,Innistrad: Midnight Hunt,320,normal,rare,1,63204,38f63648-ef60-43b1-be2a-638185ef266d,0.39,false,false,near_mint,en,AUD,2026-09-08T12:51:02.764Z
"Vadrik, Astral Archmage",MID,Innistrad: Midnight Hunt,325,normal,rare,1,63508,f7e4a483-727d-45f4-bf20-47d94d37e0d0,0.32,false,false,near_mint,en,AUD,2026-09-08T12:51:02.765Z
Fleecemane Lion,AFC,Forgotten Realms Commander,185,normal,rare,1,60909,ef4e1c37-d520-4025-bd56-15ec452f6842,0.57,false,false,near_mint,en,AUD,2026-09-08T12:51:02.766Z
Cold-Eyed Selkie,AFC,Forgotten Realms Commander,183,normal,rare,1,60833,b85d0834-065b-45e1-b739-08d5a5a4db2a,0.36,false,false,near_mint,en,AUD,2026-09-08T12:51:02.767Z
Spider-Man 2099,SPM,Marvel's Spider-Man,150,normal,rare,1,107622,2a72c7e7-34f5-4cb0-9959-35516e398e49,0.91,false,false,near_mint,en,AUD,2026-09-08T12:51:02.768Z
Thran Spider,BRO,The Brothers' War,254,normal,rare,1,75859,e72e0ddb-3dd4-4db3-aa05-dec8691432a0,0.33,false,false,near_mint,en,AUD,2026-09-08T12:51:02.769Z
Razorlash Transmogrant,BRO,The Brothers' War,122,normal,rare,1,75877,edfaf8cc-7819-4ec2-8d79-e3b0c1814590,0.47,false,false,near_mint,en,AUD,2026-09-08T12:51:02.770Z
Eater of Virtue,NEO,Kamigawa: Neon Dynasty,245,normal,rare,1,66864,34d92077-d7b2-4996-848f-fd4917e2fb42,0.48,false,false,near_mint,en,AUD,2026-09-08T12:51:02.771Z
Aetherflux Conduit,DRC,Aetherdrift Commander,33,normal,rare,1,103372,f7628e13-9cf1-4bd4-9d01-e4961677dd12,0.44,false,false,near_mint,en,AUD,2026-09-08T12:51:02.772Z
"Codie, Vociferous Codex",STX,Strixhaven: School of Mages,253,normal,rare,1,58368,ea476ee1-67d9-4dd8-a5ac-f68a155eb18b,0.39,false,false,near_mint,en,AUD,2026-09-08T12:51:02.773Z
Argentum Masticore,ONE,Phyrexia: All Will Be One,222,normal,rare,1,78716,9746e3ab-c0a6-46c1-a418-275b419962e4,0.44,false,false,near_mint,en,AUD,2026-09-08T12:51:02.774Z
Precursor Golem,BRR,The Brothers' War Retro Artifacts,42,normal,rare,1,75309,182c80d0-3ce2-42cd-8dd7-e28b10e2a9a1,0.46,false,false,near_mint,en,AUD,2026-09-08T12:51:02.775Z
"The Balrog, Durin's Bane",LTR,The Lord of the Rings: Tales of Middle-earth,195,normal,rare,1,83028,416880c3-cefb-45ea-bcc3-2ec7a70c8097,0.64,false,false,near_mint,en,AUD,2026-09-08T12:51:02.776Z
"Mishra, Tamer of Mak Fawa",BRO,The Brothers' War,295,normal,rare,1,75916,fc81aac1-4d23-4826-912e-6355d8ccb3ee,0.51,false,false,near_mint,en,AUD,2026-09-08T12:51:02.777Z
Genemorph Imago,EOE,Edge of Eternities,217,normal,rare,1,107008,40f0ecf7-f49e-46ff-aa5b-9ff5361b72c5,0.29,false,false,near_mint,en,AUD,2026-09-08T12:51:02.778Z
Vineglimmer Snarl,STX,Strixhaven: School of Mages,274,normal,rare,1,58398,f77e5ca7-dde1-435f-9b40-87558dd88749,0.42,false,false,near_mint,en,AUD,2026-09-08T12:51:02.779Z
Ruins of Oran-Rief,OGW,Oath of the Gatewatch,176,normal,rare,1,9206,9fed86e5-5631-401b-8820-9685f8296134,0.44,false,false,near_mint,en,AUD,2026-09-08T12:51:02.780Z
Hall of Oracles,STX,Strixhaven: School of Mages,267,normal,rare,1,58152,7642dddd-4461-46dd-b396-9e0a89f7232e,0.6,false,false,near_mint,en,AUD,2026-09-08T12:51:02.781Z
Voldaren Estate,VOW,Innistrad: Crimson Vow,267,normal,rare,1,64130,2577e5fd-903a-44ce-989a-d53d56511ad3,0.53,false,false,near_mint,en,AUD,2026-09-08T12:51:02.782Z
The Monumental Facade,ONE,Phyrexia: All Will Be One,255,normal,rare,1,78877,d6785057-0d06-4f91-b45f-c05f7c4e2b19,0.33,false,false,near_mint,en,AUD,2026-09-08T12:51:02.783Z
Northampton Farm,TMT,Teenage Mutant Ninja Turtles,188,normal,rare,1,110954,dbca168e-095f-4fbc-88f8-3048d83caf94,0.4,false,false,near_mint,en,AUD,2026-09-08T12:51:02.784Z
Canopy Vista,DMC,Dominaria United Commander,201,normal,rare,1,71802,db4f2c8c-1c92-4a01-87a8-b774da76189f,0.51,false,false,near_mint,en,AUD,2026-09-08T12:51:02.785Z
Windbrisk Heights,ONC,Phyrexia: All Will Be One Commander,174,normal,rare,1,78671,845ea0c2-c115-4fe5-a945-6ae5e0f7d722,0.54,false,false,near_mint,en,AUD,2026-09-08T12:51:02.786Z
Temple of Epiphany,NCC,New Capenna Commander,432,normal,rare,1,68337,a50cd03f-60df-4c76-a7dc-1daa9e7980b7,0.4,false,false,near_mint,en,AUD,2026-09-08T12:51:02.787Z
Doc Ock's Tentacles,SPM,Marvel's Spider-Man,162,normal,rare,1,108605,fed9547c-9d0d-4e62-9639-887ed09231a2,0.57,false,false,near_mint,en,AUD,2026-09-08T12:51:02.788Z
Dollhouse of Horrors,VOW,Innistrad: Crimson Vow,255,normal,rare,1,64158,396abc9e-a738-430d-85cc-448ace2548f9,0.43,false,false,near_mint,en,AUD,2026-09-08T12:51:02.789Z
Kami of Transience,NEO,Kamigawa: Neon Dynasty,197,normal,rare,1,66736,7d038a59-e589-45f4-b5ef-6d2f9875d560,0.36,false,false,near_mint,en,AUD,2026-09-08T12:51:02.790Z
Audience with Trostani,MKM,Murders at Karlov Manor,152,normal,rare,1,91109,a8e23d15-33af-4fd8-964b-8ca4efdebc37,0.28,false,false,near_mint,en,AUD,2026-09-08T12:51:02.791Z
Quirion Beastcaller,DMU,Dominaria United,175,normal,rare,1,71336,2a501319-59a7-45d4-a6ca-666276095f87,0.44,false,false,near_mint,en,AUD,2026-09-08T12:51:02.792Z
Threats Undetected,DMU,Dominaria United,185,normal,rare,1,71630,99545c3e-0710-48d3-8558-046bd66f225c,0.47,false,false,near_mint,en,AUD,2026-09-08T12:51:02.793Z
Sigardian Zealot,MIC,Midnight Hunt Commander,67,normal,rare,1,63616,6779afb6-fe7c-4723-a265-ea7a1cc42537,0.4,false,false,near_mint,en,AUD,2026-09-08T12:51:02.794Z
Song of Inspiration,AFC,Forgotten Realms Commander,42,normal,rare,1,60559,a231a41f-1609-420f-9a9b-3c8358591da1,0.39,false,false,near_mint,en,AUD,2026-09-08T12:51:02.795Z
Herd Migration,DMU,Dominaria United,165,normal,rare,1,71697,b0244a1f-e696-4223-9c14-22c2ca3cb738,0.3,false,false,near_mint,en,AUD,2026-09-08T12:51:02.796Z
Intrepid Paleontologist,LCI,The Lost Caverns of Ixalan,193,normal,rare,1,88661,871a164a-0fe6-480e-a1be-cbffce884bd3,0.68,false,false,near_mint,en,AUD,2026-09-08T12:51:02.797Z
Groundchuck & Dirtbag,TMT,Teenage Mutant Ninja Turtles,115,normal,rare,1,110905,1563592e-0f21-4488-a3ec-ca766386e423,0.66,false,false,near_mint,en,AUD,2026-09-08T12:51:02.798Z
Cosmium Confluence,LCI,The Lost Caverns of Ixalan,181,normal,rare,1,88464,490a5054-0607-4e4a-a0a9-0e9eea7adb00,0.3,false,false,near_mint,en,AUD,2026-09-08T12:51:02.799Z
Balustrade Wurm,DSK,Duskmourn: House of Horror,168,normal,rare,1,98848,76610e6e-b60f-494f-bb11-68371eb494f2,0.39,false,false,near_mint,en,AUD,2026-09-08T12:51:02.800Z
"W'Kabi, Shield of the Nation",MSC,Marvel Super Heroes Commander,387,normal,rare,1,114599,f74ec2db-bcf2-46f4-a002-f3c1c8f4f976,0.57,false,false,near_mint,en,AUD,2026-09-08T12:51:02.801Z
"Trystan, Callous Cultivator // Trystan, Penitent Culler",ECL,Lorwyn Eclipsed,199,normal,rare,1,110307,2094f9b6-ce84-47d9-8819-81db14ba483f,0.39,false,false,near_mint,en,AUD,2026-09-08T12:51:02.802Z
Basic Conjuration,STX,Strixhaven: School of Mages,120,normal,rare,1,58205,8be52d88-f430-4437-a0d3-590c2947c838,0.5,false,false,near_mint,en,AUD,2026-09-08T12:51:02.803Z
Krenko's Buzzcrusher,MKM,Murders at Karlov Manor,136,normal,rare,1,90662,0edcda2a-071b-40c5-9fb3-8a4ff87ca00e,0.35,false,false,near_mint,en,AUD,2026-09-08T12:51:02.804Z
"Krenko, Baron of Tin Street",MKM,Murders at Karlov Manor,135,normal,rare,1,90878,5524b712-c67d-4d2e-9344-9e85a6ce3227,0.5,false,false,near_mint,en,AUD,2026-09-08T12:51:02.805Z
Case of the Crimson Pulse,MKM,Murders at Karlov Manor,114,normal,rare,1,91157,bb18b1de-bc08-4522-b891-6117a8271534,0.39,false,false,near_mint,en,AUD,2026-09-08T12:51:02.806Z
Pyrotechnic Performer,MKM,Murders at Karlov Manor,140,normal,rare,1,90666,0fa5671b-2651-4944-a50a-c768ec70229e,0.33,false,false,near_mint,en,AUD,2026-09-08T12:51:02.807Z
Connecting the Dots,MKM,Murders at Karlov Manor,118,normal,rare,1,91047,8e02731a-8698-4b41-99c3-f0a19fc31430,0.36,false,false,near_mint,en,AUD,2026-09-08T12:51:02.808Z
Scrap Welder,NEO,Kamigawa: Neon Dynasty,159,normal,rare,1,66328,14057067-2325-4229-8580-d9a6397ae343,0.48,false,false,near_mint,en,AUD,2026-09-08T12:51:02.809Z
Widespread Thieving,SNC,Streets of New Capenna,130,normal,rare,1,68012,cd22723d-855f-4b31-827f-a4e388ebbc07,0.44,false,false,near_mint,en,AUD,2026-09-08T12:51:02.810Z
Devilish Valet,SNC,Streets of New Capenna,105,normal,rare,1,67725,45d3fc69-6c5e-4ede-9f8d-c1cee096a78a,0.42,false,false,near_mint,en,AUD,2026-09-08T12:51:02.811Z
Magmatic Galleon,LCI,The Lost Caverns of Ixalan,157,normal,rare,1,88445,4471a833-11b9-4146-a9c0-84a6896c94d8,0.5,false,false,near_mint,en,AUD,2026-09-08T12:51:02.812Z
Poetic Ingenuity,LCI,The Lost Caverns of Ixalan,161,normal,rare,1,88864,c035250e-6f6e-4d0f-b4fd-2a53d6069aa7,0.51,false,false,near_mint,en,AUD,2026-09-08T12:51:02.813Z
Dire Flail // Dire Blunderbuss,LCI,The Lost Caverns of Ixalan,145,normal,rare,1,88271,0d2d98ae-fe02-4a86-9e80-7b95e08de21c,0.46,false,false,near_mint,en,AUD,2026-09-08T12:51:02.814Z
Ogre Chitterlord,WOE,Wilds of Eldraine,319,normal,rare,1,85631,a70b2033-eec5-4c86-9ebe-a68960a86763,0.51,false,false,near_mint,en,AUD,2026-09-08T12:51:02.815Z
Over the Top,BRO,The Brothers' War,146,normal,rare,1,75266,01eb9702-55c5-41b2-8bef-63d33dafa599,0.32,false,false,near_mint,en,AUD,2026-09-08T12:51:02.816Z
Visions of Phyrexia,BRO,The Brothers' War,156,normal,rare,1,75868,e922ef35-b62a-4cf8-9282-319f6de150b0,0.91,false,false,near_mint,en,AUD,2026-09-08T12:51:02.817Z
Chaotic Transformation,DMU,Dominaria United,117,normal,rare,1,71738,bdfb44f1-e366-437a-bde3-59bfdb362864,0.39,false,false,near_mint,en,AUD,2026-09-08T12:51:02.818Z
The Elder Dragon War,DMU,Dominaria United,121,normal,rare,1,71247,0c52c7d4-a350-4518-8c9a-72cf7b14603d,0.64,false,false,near_mint,en,AUD,2026-09-08T12:51:02.819Z
Keldon Flamesage,DMU,Dominaria United,135,normal,rare,1,71531,710d2a3c-63a7-4e33-9ae3-21fb6b3d8326,0.28,false,false,near_mint,en,AUD,2026-09-08T12:51:02.820Z
Radha's Firebrand,DMU,Dominaria United,141,normal,rare,1,71690,ae8a90c4-4a79-49e7-9fab-076b35d28adb,0.28,false,false,near_mint,en,AUD,2026-09-08T12:51:02.821Z
Gloom Ripper,ECL,Lorwyn Eclipsed,102,normal,rare,1,110860,e9ee5d4f-05d1-4e3a-b8d6-f22d0fddedf7,0.39,false,false,near_mint,en,AUD,2026-09-08T12:51:02.822Z
"Egon, God of Death // Throne of Death",KHM,Kaldheim,92,normal,rare,1,57005,9dfdb73d-b001-4a59-b79e-8c8c1baea116,0.44,false,false,near_mint,en,AUD,2026-09-08T12:51:02.823Z
Falkenrath Forebear,VOW,Innistrad: Crimson Vow,111,normal,rare,1,64177,451559d0-b62d-4757-8eb5-f6b0e240899c,0.46,false,false,near_mint,en,AUD,2026-09-08T12:51:02.824Z
Graf Reaver,VOW,Innistrad: Crimson Vow,115,normal,rare,1,64082,0bb2103b-3462-4439-a1e1-243a15c5f318,0.28,false,false,near_mint,en,AUD,2026-09-08T12:51:02.825Z
Black Sun's Twilight,ONE,Phyrexia: All Will Be One,84,normal,rare,1,78921,e5bb4def-c67c-44c2-b3b2-8c53a077432d,0.54,false,false,near_mint,en,AUD,2026-09-08T12:51:02.826Z
"Tatsunari, Toad Rider",NEO,Kamigawa: Neon Dynasty,123,normal,rare,1,66433,abf42833-43d0-4b05-b499-d13b2c577ee8,0.39,false,false,near_mint,en,AUD,2026-09-08T12:51:02.827Z
Soul Transfer,NEO,Kamigawa: Neon Dynasty,122,normal,rare,1,66506,1e5aba90-c8c7-4f06-b7b3-1b4758d2791a,0.29,false,false,near_mint,en,AUD,2026-09-08T12:51:02.828Z
Myojin of Grim Betrayal,NEC,Neon Dynasty Commander,34,normal,rare,1,66682,3fa18695-e10f-4dd5-b116-8a9891e58c20,0.43,false,false,near_mint,en,AUD,2026-09-08T12:51:02.829Z
Spiteful Hexmage,WOE,Wilds of Eldraine,108,normal,rare,1,85362,40c797b2-db51-4a39-b80e-44d58cd7a07c,0.24,false,false,near_mint,en,AUD,2026-09-08T12:51:02.830Z
Specter of Mortality,WOE,Wilds of Eldraine,107,normal,rare,1,85432,5e4c00b5-f6d6-4fbd-828f-ad30321f2cd9,0.28,false,false,near_mint,en,AUD,2026-09-08T12:51:02.831Z
Homicide Investigator,MKM,Murders at Karlov Manor,86,normal,rare,1,90714,21d6accd-167a-4b21-a488-44d54cdfa608,0.3,false,false,near_mint,en,AUD,2026-09-08T12:51:02.832Z
Hunted Bonebrute,MKM,Murders at Karlov Manor,87,normal,rare,1,91095,a4ca0e10-8b7c-4ce2-888b-752fc909757a,0.4,false,false,near_mint,en,AUD,2026-09-08T12:51:02.833Z
Illicit Masquerade,MKM,Murders at Karlov Manor,88,normal,rare,1,90746,2a7a3ec4-afaa-45e1-8cde-f15bf4bd7379,0.36,false,false,near_mint,en,AUD,2026-09-08T12:51:02.834Z
"Hidetsugu, Devouring Chaos",NEO,Kamigawa: Neon Dynasty,99,normal,rare,1,66383,6f4142d3-f7ca-4613-a6e5-528cf1f22383,0.39,false,false,near_mint,en,AUD,2026-09-08T12:51:02.835Z
Callous Bloodmage,STX,Strixhaven: School of Mages,66,normal,rare,1,58181,81358736-65cf-44d8-819e-d0268d14cc76,0.46,false,false,near_mint,en,AUD,2026-09-08T12:51:02.836Z
Poet's Quill,STX,Strixhaven: School of Mages,82,normal,rare,1,58360,e7006f43-0b10-4693-b06f-e7cf86ab4129,0.37,false,false,near_mint,en,AUD,2026-09-08T12:51:02.837Z
Draugr Necromancer,KHM,Kaldheim,86,normal,rare,1,56941,76d8e0ff-e720-41ca-af69-35585a2d7ae2,0.5,false,false,near_mint,en,AUD,2026-09-08T12:51:02.838Z
Wojek Investigator,MKM,Murders at Karlov Manor,36,normal,rare,1,90740,296574c6-3933-4ab3-b591-72514b244da9,0.39,false,false,near_mint,en,AUD,2026-09-08T12:51:02.839Z
Tenth District Hero,MKM,Murders at Karlov Manor,34,normal,rare,1,90992,7c65a79e-f28a-4f30-95a4-1ea55fd84564,0.22,false,false,near_mint,en,AUD,2026-09-08T12:51:02.840Z
Unyielding Gatekeeper,MKM,Murders at Karlov Manor,35,normal,rare,1,91303,f3a0d597-d2df-4aaf-8084-c8eeda64ce60,0.24,false,false,near_mint,en,AUD,2026-09-08T12:51:02.841Z
Villainous Wealth,OTP,Breaking News,58,normal,rare,1,93194,66126f16-3d22-4d93-86c8-1800f1cfd22e,0.5,false,false,near_mint,en,AUD,2026-09-08T12:51:02.842Z
Heartflame Duelist // Heartflame Slash,WOE,Wilds of Eldraine,290,normal,rare,1,85838,f54b25e1-193a-41fb-9d24-3147cb381dbe,0.39,false,false,near_mint,en,AUD,2026-09-08T12:51:02.843Z
Obscura Ascendancy,SNC,Streets of New Capenna,322,normal,rare,1,67986,bf9913f7-0e75-4b49-ada4-986e96b32f74,0.21,false,false,near_mint,en,AUD,2026-09-08T12:51:02.844Z
Extraordinary Journey,WOE,Wilds of Eldraine,48,normal,rare,1,85628,a69fb480-a9fc-4f09-ac4e-3ce52c485ea9,0.42,false,false,near_mint,en,AUD,2026-09-08T12:51:02.845Z
Torrent Sculptor // Flamethrower Sonata,STX,Strixhaven: School of Mages,159,normal,rare,1,58196,87463b68-3642-41c7-a11c-67d524759b60,0.28,false,false,near_mint,en,AUD,2026-09-08T12:51:02.846Z
Siege Veteran,BRO,The Brothers' War,25,normal,rare,1,75896,f57e2a32-6e52-4f6e-96ec-55f5b7ba77e0,0.53,false,false,near_mint,en,AUD,2026-09-08T12:51:02.847Z
"Kemba, Kha Enduring",ONE,Phyrexia: All Will Be One,19,normal,rare,1,78704,945d283d-4592-485f-808a-6e5a721f3cf7,0.44,false,false,near_mint,en,AUD,2026-09-08T12:51:02.848Z
"Alistair, the Brigadier",WHO,Doctor Who,401,normal,rare,1,88109,fd85a71e-e090-4071-bc07-a05abd802782,0.64,false,false,near_mint,en,AUD,2026-09-08T12:51:02.849Z
Wizened Mentor,DRC,Aetherdrift Commander,24,normal,rare,1,103494,4afc130b-09fb-44c7-a2b3-bce42838d4b8,0.69,false,false,near_mint,en,AUD,2026-09-08T12:51:02.850Z
Ascendant Spirit,KHM,Kaldheim,43,normal,rare,1,57132,ea56de43-c0fd-4627-846d-41a962b95f17,0.5,false,false,near_mint,en,AUD,2026-09-08T12:51:02.851Z
Kayla's Command,BRO,The Brothers' War,9,normal,rare,1,75277,0737dbec-1646-41a0-adbf-706c9bd4fc7a,0.33,false,false,near_mint,en,AUD,2026-09-08T12:51:02.852Z
Friendly Neighborhood,SPM,Marvel's Spider-Man,8,normal,rare,1,108619,17a18e2f-221f-4fc2-8dab-25bf12fb8756,0.35,false,false,near_mint,en,AUD,2026-09-08T12:51:02.853Z
Teachings of the Archaics,STX,Strixhaven: School of Mages,57,normal,rare,1,58231,967148b1-2bb6-4bc0-95e6-c45fcf99afd2,0.47,false,false,near_mint,en,AUD,2026-09-08T12:51:02.854Z
Priest of the Crossing,DRC,Aetherdrift Commander,22,normal,rare,1,103534,6efec3e5-6cad-4982-9a95-d46136a835fc,0.35,false,false,near_mint,en,AUD,2026-09-08T12:51:02.855Z
Sinister Gnarlbark,ECC,Lorwyn Eclipsed Commander,32,normal,rare,1,110507,5a37b353-7ad7-465c-b118-34894b06bf25,0.55,false,false,near_mint,en,AUD,2026-09-08T12:51:02.856Z
Devastating Mastery,STX,Strixhaven: School of Mages,14,normal,rare,1,58062,3b6be019-29b9-4c81-9899-aefeaf9cc977,0.46,false,false,near_mint,en,AUD,2026-09-08T12:51:02.857Z
Sparring Regimen,STX,Strixhaven: School of Mages,29,normal,rare,1,58264,ab7c80d3-3e0c-4510-9ed0-bb9fe39d838f,0.37,false,false,near_mint,en,AUD,2026-09-08T12:51:02.858Z
Cyclone Summoner,KHM,Kaldheim,52,normal,rare,1,57048,b2d40071-cadf-48de-a8ed-d55adbfab632,0.33,false,false,near_mint,en,AUD,2026-09-08T12:51:02.859Z
Admiral Beckett Brass,LCC,The Lost Caverns of Ixalan Commander,264,normal,mythic,1,88223,02cbd397-3ef3-465f-84fe-765dd1444af8,0.29,false,false,near_mint,en,AUD,2026-09-08T12:51:02.860Z
Dire Fleet Ravager,LCC,The Lost Caverns of Ixalan Commander,192,normal,mythic,1,88505,5538fa26-bf25-4aba-9730-3c4cbde77402,0.29,false,false,near_mint,en,AUD,2026-09-08T12:51:02.861Z
Cheering Crowd,SPM,Marvel's Spider-Man,126,normal,rare,1,108524,5fbce72f-e9a1-4d9f-b9b3-24dbafeef841,0.44,false,false,near_mint,en,AUD,2026-09-08T12:51:02.862Z
"Splinter, Radical Rat",TMT,Teenage Mutant Ninja Turtles,169,normal,rare,1,110958,f0797466-c527-4d35-86bc-e0e90fd04073,0.78,false,false,near_mint,en,AUD,2026-09-08T12:51:02.863Z
Culmination of Studies,STX,Strixhaven: School of Mages,173,normal,rare,1,58032,2483060e-9d3f-48ae-80ea-0119bf6b4d67,0.21,false,false,near_mint,en,AUD,2026-09-08T12:51:02.864Z
Gallia of the Endless Dance,THB,Theros Beyond Death,217,normal,rare,1,46845,0744f08e-a588-4efe-ad56-5e9ed91dda40,0.32,false,false,near_mint,en,AUD,2026-09-08T12:51:02.865Z
"Kianne, Dean of Substance // Imbraham, Dean of Theory",STX,Strixhaven: School of Mages,152,normal,rare,1,58203,8b45dc40-6827-46a7-a9b7-802be698d053,0.26,false,false,near_mint,en,AUD,2026-09-08T12:51:02.866Z
"Harbin, Vanguard Aviator",BRO,The Brothers' War,355,normal,rare,1,75433,494d3faf-73fc-4f2d-8d88-2b15298461ce,0.39,false,false,near_mint,en,AUD,2026-09-08T12:51:02.867Z
Severance Priest,TDM,Tarkir: Dragonstorm,222,normal,rare,1,104917,bc779a1b-128c-4c74-bebd-bdb687867f68,0.12,false,false,near_mint,en,AUD,2026-09-08T12:51:02.868Z
Jadelight Spelunker,LCI,The Lost Caverns of Ixalan,196,normal,rare,1,88561,68e633d3-47e2-48c5-9be3-574ce5023bf7,0.47,false,false,near_mint,en,AUD,2026-09-08T12:51:02.869Z
Thunderous Debut,WOE,Wilds of Eldraine,190,normal,rare,1,85759,d98f51ec-8eae-434a-ab62-85bdb6586fa2,0.4,false,false,near_mint,en,AUD,2026-09-08T12:51:02.870Z
Sentinel of Lost Lore,WOE,Wilds of Eldraine,184,normal,rare,1,85825,f109a5bf-1472-4b87-b3d3-70db0e123693,0.33,false,false,near_mint,en,AUD,2026-09-08T12:51:02.871Z
Feral Encounter,WOE,Wilds of Eldraine,169,normal,rare,1,85772,de21251f-40bf-4f7e-9e85-9033207a788f,0.35,false,false,near_mint,en,AUD,2026-09-08T12:51:02.872Z
Glorious Protector,KHM,Kaldheim,12,normal,rare,1,57107,d9f08552-7f1a-4fdb-9a70-d99cdbf75910,0.42,false,false,near_mint,en,AUD,2026-09-08T12:51:02.873Z
Runeforge Champion,KHM,Kaldheim,26,normal,rare,1,56842,4368b087-05a0-4a88-ab43-0cd16446239b,0.33,false,false,near_mint,en,AUD,2026-09-08T12:51:02.874Z
"Shaile, Dean of Radiance // Embrose, Dean of Shadow",STX,Strixhaven: School of Mages,158,normal,rare,1,58225,938cee8f-ac2c-49a5-9ff7-1367d0edfabe,0.46,false,false,near_mint,en,AUD,2026-09-08T12:51:02.875Z
Academic Probation,STX,Strixhaven: School of Mages,7,normal,rare,1,57977,05521edf-f47f-4e7a-aec5-cdc4ae7368c2,0.24,false,false,near_mint,en,AUD,2026-09-08T12:51:02.876Z
Belonging,ECC,Lorwyn Eclipsed Commander,25,normal,rare,1,110648,e97c95ac-f992-4e99-9469-bc1bc695e49f,0.4,false,false,near_mint,en,AUD,2026-09-08T12:51:02.877Z
Slumbering Walker,ECL,Lorwyn Eclipsed,35,normal,rare,1,110777,81e82915-e734-4754-829f-f5da6a7c550d,0.21,false,false,near_mint,en,AUD,2026-09-08T12:51:02.878Z
"Sygg, Wanderwine Wisdom // Sygg, Wanderbrine Shield",ECL,Lorwyn Eclipsed,76,normal,rare,1,108953,70adc870-f0db-4d4b-863b-673c2c258751,0.39,false,false,near_mint,en,AUD,2026-09-08T12:51:02.879Z
Rimefire Torque,ECL,Lorwyn Eclipsed,65,normal,rare,1,110747,4f8931b2-ff3f-4167-8a40-f33460c2d27e,0.46,false,false,near_mint,en,AUD,2026-09-08T12:51:02.880Z
Champions of the Shoal,ECL,Lorwyn Eclipsed,46,normal,rare,1,110853,e1acdd9c-4a6d-4373-950c-f5539b54679f,0.25,false,false,near_mint,en,AUD,2026-09-08T12:51:02.881Z
Adaptive Training Post,TDC,Tarkir: Dragonstorm Commander,58,normal,rare,1,104602,4796e5e4-515c-4d89-92da-b2d5b5b39557,0.53,false,false,near_mint,en,AUD,2026-09-08T12:51:02.882Z
Synthesizer Labship,EOE,Edge of Eternities,81,normal,rare,1,107585,fba6332c-acba-43f9-877c-ca6c5328aae9,0.44,false,false,near_mint,en,AUD,2026-09-08T12:51:02.883Z
"Errant, Street Artist",SNC,Streets of New Capenna,41,normal,rare,1,67789,61d23407-9fe0-4cbf-b4b5-bc1e132c36e4,0.46,false,false,near_mint,en,AUD,2026-09-08T12:51:02.884Z
Mindlink Mech,NEO,Kamigawa: Neon Dynasty,62,normal,rare,1,66661,28273a5b-57b3-4b7a-b017-5886c171c9c9,0.4,false,false,near_mint,en,AUD,2026-09-08T12:51:02.885Z
Farsight Ritual,WOE,Wilds of Eldraine,49,normal,rare,1,85719,c958257e-fa70-4fa3-90a1-0497967abef3,0.44,false,false,near_mint,en,AUD,2026-09-08T12:51:02.886Z
"Mavinda, Students' Advocate",STX,Strixhaven: School of Mages,21,normal,mythic,1,58202,8b3d521f-31cd-4bd2-b6b6-771c79252789,0.9,false,false,near_mint,en,AUD,2026-09-08T12:51:02.887Z
Sphinx of the Final Word,FDN,Foundations,597,normal,mythic,1,100923,a2cf2366-40d0-4f94-84a5-8aa42308e223,0.35,false,false,near_mint,en,AUD,2026-09-08T12:51:02.888Z
Ethersworn Adjudicator,MOC,March of the Machine Commander,222,normal,mythic,1,81755,774ece27-ca6b-4e04-88ae-cfc774401bdc,0.68,false,false,near_mint,en,AUD,2026-09-08T12:51:02.889Z
Draconic Destiny,BRO,The Brothers' War,130,normal,mythic,1,75900,f71240ad-1daf-419a-aaeb-5f9d5079c3dd,0.57,false,false,near_mint,en,AUD,2026-09-08T12:51:02.890Z
Expedited Inheritance,MKM,Murders at Karlov Manor,123,normal,mythic,1,91146,b65209da-cf48-4d37-b045-7d181070fd05,0.47,false,false,near_mint,en,AUD,2026-09-08T12:51:02.891Z
Sigardian Savior,MID,Innistrad: Midnight Hunt,34,normal,mythic,1,63396,b1a2b41a-34b0-428e-80ec-3ffd601093a2,0.5,false,false,near_mint,en,AUD,2026-09-08T12:51:02.892Z
Surge Engine,BRO,The Brothers' War,81,normal,mythic,1,75299,12b9c9c5-e992-4f1c-a779-124176c3aade,0.64,false,false,near_mint,en,AUD,2026-09-08T12:51:02.893Z
Vivien on the Hunt,SNC,Streets of New Capenna,162,normal,mythic,1,67784,5edfb119-abc9-4d4d-bc46-33cce1a0922d,0.82,false,false,near_mint,en,AUD,2026-09-08T12:51:02.894Z
World Breaker,EOC,Edge of Eternities Commander,112,normal,mythic,1,107171,d25856c9-cb3d-44d9-905e-007f1af65c06,0.42,false,false,near_mint,en,AUD,2026-09-08T12:51:02.895Z
Maelstrom Archangel,DMC,Dominaria United Commander,158,normal,mythic,1,71620,95ea2a05-207d-4330-bcbe-bcaacd6657f4,1.95,false,false,near_mint,en,AUD,2026-09-08T12:51:02.896Z
Vodalian Mindsinger,DMU,Dominaria United,76,normal,rare,1,71311,211a9db2-8b5f-419d-8032-ac2a571dbb53,0.21,false,false,near_mint,en,AUD,2026-09-08T12:51:02.897Z
Academy Loremaster,DMU,Dominaria United,40,normal,rare,1,71650,9fca4c4f-a77b-483e-9da4-574ba2e3d179,0.4,false,false,near_mint,en,AUD,2026-09-08T12:51:02.898Z
Silver Scrutiny,DMU,Dominaria United,65,normal,rare,1,71596,8b650ab6-9c22-424f-99e5-8ef5235a18a3,0.47,false,false,near_mint,en,AUD,2026-09-08T12:51:02.899Z
"Mysterio, Master of Illusion",SPM,Marvel's Spider-Man,37,normal,rare,1,108477,facbd96f-c088-4377-b740-5e0fe99102bb,0.51,false,false,near_mint,en,AUD,2026-09-08T12:51:02.900Z
Disruptor of Currents,ECL,Lorwyn Eclipsed,303,normal,rare,1,110314,29c2c66e-a3d3-4993-82cc-adf8f6877204,0.46,false,false,near_mint,en,AUD,2026-09-08T12:51:02.901Z
Hurkyl's Final Meditation,BRO,The Brothers' War,315,foil,rare,1,75837,e00e1564-f11e-44b9-b4ac-7a327a854e6b,0.43,false,false,near_mint,en,AUD,2026-09-08T12:51:43.883Z
"Gylwain, Casting Director",WOC,Wilds of Eldraine Commander,4,foil,mythic,1,85512,79e4242c-a53a-4287-976b-8e545888a1fa,0.5,false,false,near_mint,en,AUD,2026-09-08T12:51:43.884Z
Moira and Teshar,MOC,March of the Machine Commander,7,foil,mythic,1,81017,19d0acaa-bfbf-4155-a9b0-5b39c3c87361,0.54,false,false,near_mint,en,AUD,2026-09-08T12:51:43.885Z
"Kasla, the Broken Halo",MOC,March of the Machine Commander,4,foil,mythic,1,81177,a209bda2-f0bf-4417-94f9-b73eff0b4217,0.65,false,false,near_mint,en,AUD,2026-09-08T12:51:43.886Z